match_id,season,start_date,venue,city,innings,batting_team,bowling_team,innings_total_runs,innings_wickets,legal_balls,overs,toss_winner,toss_decision,winner
1082591,2017,2017-04-05,"Rajiv Gandhi International Stadium, Uppal",Hyderabad,1,Sunrisers Hyderabad,Royal Challengers Bangalore,207,4,120,20.0,Royal Challengers Bangalore,field,Sunrisers Hyderabad
1082591,2017,2017-04-05,"Rajiv Gandhi International Stadium, Uppal",Hyderabad,2,Royal Challengers Bangalore,Sunrisers Hyderabad,172,10,118,19.4,Royal Challengers Bangalore,field,Sunrisers Hyderabad
1082592,2017,2017-04-06,Maharashtra Cricket Association Stadium,Pune,1,Mumbai Indians,Rising Pune Supergiant,184,8,120,20.0,Rising Pune Supergiant,field,Rising Pune Supergiant
1082592,2017,2017-04-06,Maharashtra Cricket Association Stadium,Pune,2,Rising Pune Supergiant,Mumbai Indians,187,3,119,19.5,Rising Pune Supergiant,field,Rising Pune Supergiant
1082593,2017,2017-04-07,Saurashtra Cricket Association Stadium,Rajkot,1,Gujarat Lions,Kolkata Knight Riders,183,4,120,20.0,Kolkata Knight Riders,field,Kolkata Knight Riders
1082593,2017,2017-04-07,Saurashtra Cricket Association Stadium,Rajkot,2,Kolkata Knight Riders,Gujarat Lions,184,0,89,14.5,Kolkata Knight Riders,field,Kolkata Knight Riders
1082594,2017,2017-04-08,Holkar Cricket Stadium,Indore,1,Rising Pune Supergiant,Kings XI Punjab,163,6,120,20.0,Kings XI Punjab,field,Kings XI Punjab
1082594,2017,2017-04-08,Holkar Cricket Stadium,Indore,2,Kings XI Punjab,Rising Pune Supergiant,164,4,114,19.0,Kings XI Punjab,field,Kings XI Punjab
1082595,2017,2017-04-08,M.Chinnaswamy Stadium,Bengaluru,1,Royal Challengers Bangalore,Delhi Daredevils,157,8,120,20.0,Royal Challengers Bangalore,bat,Royal Challengers Bangalore
1082595,2017,2017-04-08,M.Chinnaswamy Stadium,Bengaluru,2,Delhi Daredevils,Royal Challengers Bangalore,142,9,120,20.0,Royal Challengers Bangalore,bat,Royal Challengers Bangalore
1082596,2017,2017-04-09,"Rajiv Gandhi International Stadium, Uppal",Hyderabad,1,Gujarat Lions,Sunrisers Hyderabad,135,7,120,20.0,Sunrisers Hyderabad,field,Sunrisers Hyderabad
1082596,2017,2017-04-09,"Rajiv Gandhi International Stadium, Uppal",Hyderabad,2,Sunrisers Hyderabad,Gujarat Lions,140,1,93,15.3,Sunrisers Hyderabad,field,Sunrisers Hyderabad
1082597,2017,2017-04-09,Wankhede Stadium,Mumbai,1,Kolkata Knight Riders,Mumbai Indians,178,7,120,20.0,Mumbai Indians,field,Mumbai Indians
1082597,2017,2017-04-09,Wankhede Stadium,Mumbai,2,Mumbai Indians,Kolkata Knight Riders,180,6,119,19.5,Mumbai Indians,field,Mumbai Indians
1082598,2017,2017-04-10,Holkar Cricket Stadium,Indore,1,Royal Challengers Bangalore,Kings XI Punjab,148,4,120,20.0,Royal Challengers Bangalore,bat,Kings XI Punjab
1082598,2017,2017-04-10,Holkar Cricket Stadium,Indore,2,Kings XI Punjab,Royal Challengers Bangalore,150,2,87,14.3,Royal Challengers Bangalore,bat,Kings XI Punjab
1082599,2017,2017-04-11,Maharashtra Cricket Association Stadium,Pune,1,Delhi Daredevils,Rising Pune Supergiant,205,4,120,20.0,Rising Pune Supergiant,field,Delhi Daredevils
1082599,2017,2017-04-11,Maharashtra Cricket Association Stadium,Pune,2,Rising Pune Supergiant,Delhi Daredevils,108,10,97,16.1,Rising Pune Supergiant,field,Delhi Daredevils
1082600,2017,2017-04-12,Wankhede Stadium,Mumbai,1,Sunrisers Hyderabad,Mumbai Indians,158,8,120,20.0,Mumbai Indians,field,Mumbai Indians
1082600,2017,2017-04-12,Wankhede Stadium,Mumbai,2,Mumbai Indians,Sunrisers Hyderabad,159,6,112,18.4,Mumbai Indians,field,Mumbai Indians
1082601,2017,2017-04-13,Eden Gardens,Kolkata,1,Kings XI Punjab,Kolkata Knight Riders,170,9,120,20.0,Kolkata Knight Riders,field,Kolkata Knight Riders
1082601,2017,2017-04-13,Eden Gardens,Kolkata,2,Kolkata Knight Riders,Kings XI Punjab,171,2,99,16.3,Kolkata Knight Riders,field,Kolkata Knight Riders
1082602,2017,2017-04-14,M Chinnaswamy Stadium,Bangalore,1,Royal Challengers Bangalore,Mumbai Indians,142,5,120,20.0,Mumbai Indians,field,Mumbai Indians
1082602,2017,2017-04-14,M Chinnaswamy Stadium,Bangalore,2,Mumbai Indians,Royal Challengers Bangalore,145,6,113,18.5,Mumbai Indians,field,Mumbai Indians
1082603,2017,2017-04-14,Saurashtra Cricket Association Stadium,Rajkot,1,Rising Pune Supergiant,Gujarat Lions,171,8,120,20.0,Gujarat Lions,field,Gujarat Lions
1082603,2017,2017-04-14,Saurashtra Cricket Association Stadium,Rajkot,2,Gujarat Lions,Rising Pune Supergiant,172,3,108,18.0,Gujarat Lions,field,Gujarat Lions
1082604,2017,2017-04-15,Eden Gardens,Kolkata,1,Kolkata Knight Riders,Sunrisers Hyderabad,172,6,120,20.0,Sunrisers Hyderabad,field,Kolkata Knight Riders
1082604,2017,2017-04-15,Eden Gardens,Kolkata,2,Sunrisers Hyderabad,Kolkata Knight Riders,155,6,120,20.0,Sunrisers Hyderabad,field,Kolkata Knight Riders
1082605,2017,2017-04-15,Feroz Shah Kotla,Delhi,1,Delhi Daredevils,Kings XI Punjab,188,6,120,20.0,Delhi Daredevils,bat,Delhi Daredevils
1082605,2017,2017-04-15,Feroz Shah Kotla,Delhi,2,Kings XI Punjab,Delhi Daredevils,137,9,120,20.0,Delhi Daredevils,bat,Delhi Daredevils
1082606,2017,2017-04-16,Wankhede Stadium,Mumbai,1,Gujarat Lions,Mumbai Indians,176,4,120,20.0,Mumbai Indians,field,Mumbai Indians
1082606,2017,2017-04-16,Wankhede Stadium,Mumbai,2,Mumbai Indians,Gujarat Lions,177,4,117,19.3,Mumbai Indians,field,Mumbai Indians
1082607,2017,2017-04-16,M Chinnaswamy Stadium,Bangalore,1,Rising Pune Supergiant,Royal Challengers Bangalore,161,8,120,20.0,Royal Challengers Bangalore,field,Rising Pune Supergiant
1082607,2017,2017-04-16,M Chinnaswamy Stadium,Bangalore,2,Royal Challengers Bangalore,Rising Pune Supergiant,134,9,120,20.0,Royal Challengers Bangalore,field,Rising Pune Supergiant
1082608,2017,2017-04-17,Feroz Shah Kotla,Delhi,1,Delhi Daredevils,Kolkata Knight Riders,168,7,120,20.0,Delhi Daredevils,bat,Kolkata Knight Riders
1082608,2017,2017-04-17,Feroz Shah Kotla,Delhi,2,Kolkata Knight Riders,Delhi Daredevils,169,6,119,19.5,Delhi Daredevils,bat,Kolkata Knight Riders
1082609,2017,2017-04-17,"Rajiv Gandhi International Stadium, Uppal",Hyderabad,1,Sunrisers Hyderabad,Kings XI Punjab,159,6,120,20.0,Kings XI Punjab,field,Sunrisers Hyderabad
1082609,2017,2017-04-17,"Rajiv Gandhi International Stadium, Uppal",Hyderabad,2,Kings XI Punjab,Sunrisers Hyderabad,154,10,118,19.4,Kings XI Punjab,field,Sunrisers Hyderabad
1082610,2017,2017-04-18,Saurashtra Cricket Association Stadium,Rajkot,1,Royal Challengers Bangalore,Gujarat Lions,213,2,120,20.0,Gujarat Lions,field,Royal Challengers Bangalore
1082610,2017,2017-04-18,Saurashtra Cricket Association Stadium,Rajkot,2,Gujarat Lions,Royal Challengers Bangalore,192,7,120,20.0,Gujarat Lions,field,Royal Challengers Bangalore
1082611,2017,2017-04-19,"Rajiv Gandhi International Stadium, Uppal",Hyderabad,1,Sunrisers Hyderabad,Delhi Daredevils,191,4,120,20.0,Sunrisers Hyderabad,bat,Sunrisers Hyderabad
1082611,2017,2017-04-19,"Rajiv Gandhi International Stadium, Uppal",Hyderabad,2,Delhi Daredevils,Sunrisers Hyderabad,176,5,120,20.0,Sunrisers Hyderabad,bat,Sunrisers Hyderabad
1082612,2017,2017-04-20,Holkar Cricket Stadium,Indore,1,Kings XI Punjab,Mumbai Indians,198,4,120,20.0,Mumbai Indians,field,Mumbai Indians
1082612,2017,2017-04-20,Holkar Cricket Stadium,Indore,2,Mumbai Indians,Kings XI Punjab,199,2,93,15.3,Mumbai Indians,field,Mumbai Indians
1082613,2017,2017-04-21,Eden Gardens,Kolkata,1,Kolkata Knight Riders,Gujarat Lions,187,5,120,20.0,Gujarat Lions,field,Gujarat Lions
1082613,2017,2017-04-21,Eden Gardens,Kolkata,2,Gujarat Lions,Kolkata Knight Riders,188,6,110,18.2,Gujarat Lions,field,Gujarat Lions
1082614,2017,2017-04-22,Wankhede Stadium,Mumbai,1,Mumbai Indians,Delhi Daredevils,142,8,120,20.0,Delhi Daredevils,field,Mumbai Indians
1082614,2017,2017-04-22,Wankhede Stadium,Mumbai,2,Delhi Daredevils,Mumbai Indians,128,7,120,20.0,Delhi Daredevils,field,Mumbai Indians
1082615,2017,2017-04-22,Maharashtra Cricket Association Stadium,Pune,1,Sunrisers Hyderabad,Rising Pune Supergiant,176,3,120,20.0,Rising Pune Supergiant,field,Rising Pune Supergiant
1082615,2017,2017-04-22,Maharashtra Cricket Association Stadium,Pune,2,Rising Pune Supergiant,Sunrisers Hyderabad,179,4,120,20.0,Rising Pune Supergiant,field,Rising Pune Supergiant
1082616,2017,2017-04-23,Saurashtra Cricket Association Stadium,Rajkot,1,Kings XI Punjab,Gujarat Lions,188,7,120,20.0,Gujarat Lions,field,Kings XI Punjab
1082616,2017,2017-04-23,Saurashtra Cricket Association Stadium,Rajkot,2,Gujarat Lions,Kings XI Punjab,162,7,120,20.0,Gujarat Lions,field,Kings XI Punjab
1082617,2017,2017-04-23,Eden Gardens,Kolkata,1,Kolkata Knight Riders,Royal Challengers Bangalore,131,10,117,19.3,Royal Challengers Bangalore,field,Kolkata Knight Riders
1082617,2017,2017-04-23,Eden Gardens,Kolkata,2,Royal Challengers Bangalore,Kolkata Knight Riders,49,10,58,9.4,Royal Challengers Bangalore,field,Kolkata Knight Riders
1082618,2017,2017-04-24,Wankhede Stadium,Mumbai,1,Rising Pune Supergiant,Mumbai Indians,160,6,120,20.0,Mumbai Indians,field,Rising Pune Supergiant
1082618,2017,2017-04-24,Wankhede Stadium,Mumbai,2,Mumbai Indians,Rising Pune Supergiant,157,8,120,20.0,Mumbai Indians,field,Rising Pune Supergiant
1082620,2017,2017-04-26,Maharashtra Cricket Association Stadium,Pune,1,Rising Pune Supergiant,Kolkata Knight Riders,182,5,120,20.0,Kolkata Knight Riders,field,Kolkata Knight Riders
1082620,2017,2017-04-26,Maharashtra Cricket Association Stadium,Pune,2,Kolkata Knight Riders,Rising Pune Supergiant,184,3,109,18.1,Kolkata Knight Riders,field,Kolkata Knight Riders
1082621,2017,2017-04-27,M Chinnaswamy Stadium,Bangalore,1,Royal Challengers Bangalore,Gujarat Lions,134,10,120,20.0,Gujarat Lions,field,Gujarat Lions
1082621,2017,2017-04-27,M Chinnaswamy Stadium,Bangalore,2,Gujarat Lions,Royal Challengers Bangalore,135,3,83,13.5,Gujarat Lions,field,Gujarat Lions
1082622,2017,2017-04-28,Eden Gardens,Kolkata,1,Delhi Daredevils,Kolkata Knight Riders,160,6,120,20.0,Kolkata Knight Riders,field,Kolkata Knight Riders
1082622,2017,2017-04-28,Eden Gardens,Kolkata,2,Kolkata Knight Riders,Delhi Daredevils,161,3,98,16.2,Kolkata Knight Riders,field,Kolkata Knight Riders
1082623,2017,2017-04-28,"Punjab Cricket Association IS Bindra Stadium, Mohali",Chandigarh,1,Sunrisers Hyderabad,Kings XI Punjab,207,3,120,20.0,Kings XI Punjab,field,Sunrisers Hyderabad
1082623,2017,2017-04-28,"Punjab Cricket Association IS Bindra Stadium, Mohali",Chandigarh,2,Kings XI Punjab,Sunrisers Hyderabad,181,9,120,20.0,Kings XI Punjab,field,Sunrisers Hyderabad
1082624,2017,2017-04-29,Maharashtra Cricket Association Stadium,Pune,1,Rising Pune Supergiant,Royal Challengers Bangalore,157,3,120,20.0,Royal Challengers Bangalore,field,Rising Pune Supergiant
1082624,2017,2017-04-29,Maharashtra Cricket Association Stadium,Pune,2,Royal Challengers Bangalore,Rising Pune Supergiant,96,9,120,20.0,Royal Challengers Bangalore,field,Rising Pune Supergiant
1082625,2017,2017-04-29,Saurashtra Cricket Association Stadium,Rajkot,1,Gujarat Lions,Mumbai Indians,153,9,120,20.0,Gujarat Lions,bat,
1082625,2017,2017-04-29,Saurashtra Cricket Association Stadium,Rajkot,2,Mumbai Indians,Gujarat Lions,153,10,120,20.0,Gujarat Lions,bat,
1082625,2017,2017-04-29,Saurashtra Cricket Association Stadium,Rajkot,3,Mumbai Indians,Gujarat Lions,11,2,5,0.5,Gujarat Lions,bat,
1082625,2017,2017-04-29,Saurashtra Cricket Association Stadium,Rajkot,4,Gujarat Lions,Mumbai Indians,6,0,6,1.0,Gujarat Lions,bat,
1082626,2017,2017-04-30,"Punjab Cricket Association IS Bindra Stadium, Mohali",Chandigarh,1,Delhi Daredevils,Kings XI Punjab,67,10,103,17.1,Kings XI Punjab,field,Kings XI Punjab
1082626,2017,2017-04-30,"Punjab Cricket Association IS Bindra Stadium, Mohali",Chandigarh,2,Kings XI Punjab,Delhi Daredevils,68,0,47,7.5,Kings XI Punjab,field,Kings XI Punjab
1082627,2017,2017-04-30,"Rajiv Gandhi International Stadium, Uppal",Hyderabad,1,Sunrisers Hyderabad,Kolkata Knight Riders,209,3,120,20.0,Kolkata Knight Riders,field,Sunrisers Hyderabad
1082627,2017,2017-04-30,"Rajiv Gandhi International Stadium, Uppal",Hyderabad,2,Kolkata Knight Riders,Sunrisers Hyderabad,161,7,120,20.0,Kolkata Knight Riders,field,Sunrisers Hyderabad
1082628,2017,2017-05-01,Wankhede Stadium,Mumbai,1,Royal Challengers Bangalore,Mumbai Indians,162,8,120,20.0,Royal Challengers Bangalore,bat,Mumbai Indians
1082628,2017,2017-05-01,Wankhede Stadium,Mumbai,2,Mumbai Indians,Royal Challengers Bangalore,165,5,119,19.5,Royal Challengers Bangalore,bat,Mumbai Indians
1082629,2017,2017-05-01,Maharashtra Cricket Association Stadium,Pune,1,Gujarat Lions,Rising Pune Supergiant,161,10,119,19.5,Rising Pune Supergiant,field,Rising Pune Supergiant
1082629,2017,2017-05-01,Maharashtra Cricket Association Stadium,Pune,2,Rising Pune Supergiant,Gujarat Lions,167,5,119,19.5,Rising Pune Supergiant,field,Rising Pune Supergiant
1082630,2017,2017-05-02,Feroz Shah Kotla,Delhi,1,Sunrisers Hyderabad,Delhi Daredevils,185,3,120,20.0,Delhi Daredevils,field,Delhi Daredevils
1082630,2017,2017-05-02,Feroz Shah Kotla,Delhi,2,Delhi Daredevils,Sunrisers Hyderabad,189,4,115,19.1,Delhi Daredevils,field,Delhi Daredevils
1082631,2017,2017-05-03,Eden Gardens,Kolkata,1,Kolkata Knight Riders,Rising Pune Supergiant,155,8,120,20.0,Rising Pune Supergiant,field,Rising Pune Supergiant
1082631,2017,2017-05-03,Eden Gardens,Kolkata,2,Rising Pune Supergiant,Kolkata Knight Riders,158,6,116,19.2,Rising Pune Supergiant,field,Rising Pune Supergiant
1082632,2017,2017-05-04,Feroz Shah Kotla,Delhi,1,Gujarat Lions,Delhi Daredevils,208,7,120,20.0,Delhi Daredevils,field,Delhi Daredevils
1082632,2017,2017-05-04,Feroz Shah Kotla,Delhi,2,Delhi Daredevils,Gujarat Lions,214,3,105,17.3,Delhi Daredevils,field,Delhi Daredevils
1082633,2017,2017-05-05,M Chinnaswamy Stadium,Bangalore,1,Kings XI Punjab,Royal Challengers Bangalore,138,7,120,20.0,Royal Challengers Bangalore,field,Kings XI Punjab
1082633,2017,2017-05-05,M Chinnaswamy Stadium,Bangalore,2,Royal Challengers Bangalore,Kings XI Punjab,119,10,114,19.0,Royal Challengers Bangalore,field,Kings XI Punjab
1082634,2017,2017-05-06,"Rajiv Gandhi International Stadium, Uppal",Hyderabad,1,Rising Pune Supergiant,Sunrisers Hyderabad,148,8,120,20.0,Sunrisers Hyderabad,field,Rising Pune Supergiant
1082634,2017,2017-05-06,"Rajiv Gandhi International Stadium, Uppal",Hyderabad,2,Sunrisers Hyderabad,Rising Pune Supergiant,136,9,120,20.0,Sunrisers Hyderabad,field,Rising Pune Supergiant
1082635,2017,2017-05-06,Feroz Shah Kotla,Delhi,1,Mumbai Indians,Delhi Daredevils,212,3,120,20.0,Delhi Daredevils,field,Mumbai Indians
1082635,2017,2017-05-06,Feroz Shah Kotla,Delhi,2,Delhi Daredevils,Mumbai Indians,66,10,82,13.4,Delhi Daredevils,field,Mumbai Indians
1082636,2017,2017-05-07,M Chinnaswamy Stadium,Bangalore,1,Royal Challengers Bangalore,Kolkata Knight Riders,158,6,120,20.0,Kolkata Knight Riders,field,Kolkata Knight Riders
1082636,2017,2017-05-07,M Chinnaswamy Stadium,Bangalore,2,Kolkata Knight Riders,Royal Challengers Bangalore,159,4,91,15.1,Kolkata Knight Riders,field,Kolkata Knight Riders
1082637,2017,2017-05-07,"Punjab Cricket Association IS Bindra Stadium, Mohali",Chandigarh,1,Kings XI Punjab,Gujarat Lions,189,3,120,20.0,Gujarat Lions,field,Gujarat Lions
1082637,2017,2017-05-07,"Punjab Cricket Association IS Bindra Stadium, Mohali",Chandigarh,2,Gujarat Lions,Kings XI Punjab,192,4,118,19.4,Gujarat Lions,field,Gujarat Lions
1082638,2017,2017-05-08,"Rajiv Gandhi International Stadium, Uppal",Hyderabad,1,Mumbai Indians,Sunrisers Hyderabad,138,7,120,20.0,Mumbai Indians,bat,Sunrisers Hyderabad
1082638,2017,2017-05-08,"Rajiv Gandhi International Stadium, Uppal",Hyderabad,2,Sunrisers Hyderabad,Mumbai Indians,140,3,110,18.2,Mumbai Indians,bat,Sunrisers Hyderabad
1082639,2017,2017-05-09,"Punjab Cricket Association IS Bindra Stadium, Mohali",Chandigarh,1,Kings XI Punjab,Kolkata Knight Riders,167,6,120,20.0,Kolkata Knight Riders,field,Kings XI Punjab
1082639,2017,2017-05-09,"Punjab Cricket Association IS Bindra Stadium, Mohali",Chandigarh,2,Kolkata Knight Riders,Kings XI Punjab,153,6,120,20.0,Kolkata Knight Riders,field,Kings XI Punjab
1082640,2017,2017-05-10,Green Park,Kanpur,1,Gujarat Lions,Delhi Daredevils,195,5,120,20.0,Delhi Daredevils,field,Delhi Daredevils
1082640,2017,2017-05-10,Green Park,Kanpur,2,Delhi Daredevils,Gujarat Lions,197,8,118,19.4,Delhi Daredevils,field,Delhi Daredevils
1082641,2017,2017-05-11,Wankhede Stadium,Mumbai,1,Kings XI Punjab,Mumbai Indians,230,3,120,20.0,Mumbai Indians,field,Kings XI Punjab
1082641,2017,2017-05-11,Wankhede Stadium,Mumbai,2,Mumbai Indians,Kings XI Punjab,223,6,120,20.0,Mumbai Indians,field,Kings XI Punjab
1082642,2017,2017-05-12,Feroz Shah Kotla,Delhi,1,Delhi Daredevils,Rising Pune Supergiant,168,8,120,20.0,Delhi Daredevils,bat,Delhi Daredevils
1082642,2017,2017-05-12,Feroz Shah Kotla,Delhi,2,Rising Pune Supergiant,Delhi Daredevils,161,7,120,20.0,Delhi Daredevils,bat,Delhi Daredevils
1082643,2017,2017-05-13,Green Park,Kanpur,1,Gujarat Lions,Sunrisers Hyderabad,154,10,116,19.2,Sunrisers Hyderabad,field,Sunrisers Hyderabad
1082643,2017,2017-05-13,Green Park,Kanpur,2,Sunrisers Hyderabad,Gujarat Lions,158,2,109,18.1,Sunrisers Hyderabad,field,Sunrisers Hyderabad
1082644,2017,2017-05-13,Eden Gardens,Kolkata,1,Mumbai Indians,Kolkata Knight Riders,173,5,120,20.0,Kolkata Knight Riders,field,Mumbai Indians
1082644,2017,2017-05-13,Eden Gardens,Kolkata,2,Kolkata Knight Riders,Mumbai Indians,164,8,120,20.0,Kolkata Knight Riders,field,Mumbai Indians
1082645,2017,2017-05-14,Maharashtra Cricket Association Stadium,Pune,1,Kings XI Punjab,Rising Pune Supergiant,73,10,95,15.5,Rising Pune Supergiant,field,Rising Pune Supergiant
1082645,2017,2017-05-14,Maharashtra Cricket Association Stadium,Pune,2,Rising Pune Supergiant,Kings XI Punjab,78,1,72,12.0,Rising Pune Supergiant,field,Rising Pune Supergiant
1082646,2017,2017-05-14,Feroz Shah Kotla,Delhi,1,Royal Challengers Bangalore,Delhi Daredevils,161,6,120,20.0,Royal Challengers Bangalore,bat,Royal Challengers Bangalore
1082646,2017,2017-05-14,Feroz Shah Kotla,Delhi,2,Delhi Daredevils,Royal Challengers Bangalore,151,10,120,20.0,Royal Challengers Bangalore,bat,Royal Challengers Bangalore
1082647,2017,2017-05-16,Wankhede Stadium,Mumbai,1,Rising Pune Supergiant,Mumbai Indians,162,4,120,20.0,Mumbai Indians,field,Rising Pune Supergiant
1082647,2017,2017-05-16,Wankhede Stadium,Mumbai,2,Mumbai Indians,Rising Pune Supergiant,142,9,120,20.0,Mumbai Indians,field,Rising Pune Supergiant
1082648,2017,2017-05-17,M Chinnaswamy Stadium,Bangalore,1,Sunrisers Hyderabad,Kolkata Knight Riders,128,7,120,20.0,Kolkata Knight Riders,field,Kolkata Knight Riders
1082648,2017,2017-05-17,M Chinnaswamy Stadium,Bangalore,2,Kolkata Knight Riders,Sunrisers Hyderabad,48,3,32,5.2,Kolkata Knight Riders,field,Kolkata Knight Riders
1082649,2017,2017-05-19,M Chinnaswamy Stadium,Bangalore,1,Kolkata Knight Riders,Mumbai Indians,107,10,113,18.5,Mumbai Indians,field,Mumbai Indians
1082649,2017,2017-05-19,M Chinnaswamy Stadium,Bangalore,2,Mumbai Indians,Kolkata Knight Riders,111,4,87,14.3,Mumbai Indians,field,Mumbai Indians
1082650,2017,2017-05-21,"Rajiv Gandhi International Stadium, Uppal",Hyderabad,1,Mumbai Indians,Rising Pune Supergiant,129,8,120,20.0,Mumbai Indians,bat,Mumbai Indians
1082650,2017,2017-05-21,"Rajiv Gandhi International Stadium, Uppal",Hyderabad,2,Rising Pune Supergiant,Mumbai Indians,128,6,120,20.0,Mumbai Indians,bat,Mumbai Indians
1136561,2018,2018-04-07,Wankhede Stadium,Mumbai,1,Mumbai Indians,Chennai Super Kings,165,4,120,20.0,Chennai Super Kings,field,Chennai Super Kings
1136561,2018,2018-04-07,Wankhede Stadium,Mumbai,2,Chennai Super Kings,Mumbai Indians,169,9,119,19.5,Chennai Super Kings,field,Chennai Super Kings
1136562,2018,2018-04-08,Punjab Cricket Association IS Bindra Stadium,Chandigarh,1,Delhi Daredevils,Kings XI Punjab,166,7,120,20.0,Kings XI Punjab,field,Kings XI Punjab
1136562,2018,2018-04-08,Punjab Cricket Association IS Bindra Stadium,Chandigarh,2,Kings XI Punjab,Delhi Daredevils,167,4,113,18.5,Kings XI Punjab,field,Kings XI Punjab
1136563,2018,2018-04-08,Eden Gardens,Kolkata,1,Royal Challengers Bangalore,Kolkata Knight Riders,176,7,120,20.0,Kolkata Knight Riders,field,Kolkata Knight Riders
1136563,2018,2018-04-08,Eden Gardens,Kolkata,2,Kolkata Knight Riders,Royal Challengers Bangalore,177,6,113,18.5,Kolkata Knight Riders,field,Kolkata Knight Riders
1136564,2018,2018-04-09,Rajiv Gandhi International Stadium,Hyderabad,1,Rajasthan Royals,Sunrisers Hyderabad,125,9,120,20.0,Sunrisers Hyderabad,field,Sunrisers Hyderabad
1136564,2018,2018-04-09,Rajiv Gandhi International Stadium,Hyderabad,2,Sunrisers Hyderabad,Rajasthan Royals,127,1,96,16.0,Sunrisers Hyderabad,field,Sunrisers Hyderabad
1136565,2018,2018-04-10,MA Chidambaram Stadium,Chennai,1,Kolkata Knight Riders,Chennai Super Kings,202,6,120,20.0,Chennai Super Kings,field,Chennai Super Kings
1136565,2018,2018-04-10,MA Chidambaram Stadium,Chennai,2,Chennai Super Kings,Kolkata Knight Riders,205,5,119,19.5,Chennai Super Kings,field,Chennai Super Kings
1136566,2018,2018-04-11,Sawai Mansingh Stadium,Jaipur,1,Rajasthan Royals,Delhi Daredevils,153,5,107,17.5,Delhi Daredevils,field,Rajasthan Royals
1136566,2018,2018-04-11,Sawai Mansingh Stadium,Jaipur,2,Delhi Daredevils,Rajasthan Royals,60,4,36,6.0,Delhi Daredevils,field,Rajasthan Royals
1136567,2018,2018-04-12,Rajiv Gandhi International Stadium,Hyderabad,1,Mumbai Indians,Sunrisers Hyderabad,147,8,120,20.0,Sunrisers Hyderabad,field,Sunrisers Hyderabad
1136567,2018,2018-04-12,Rajiv Gandhi International Stadium,Hyderabad,2,Sunrisers Hyderabad,Mumbai Indians,151,9,120,20.0,Sunrisers Hyderabad,field,Sunrisers Hyderabad
1136568,2018,2018-04-13,M.Chinnaswamy Stadium,Bengaluru,1,Kings XI Punjab,Royal Challengers Bangalore,155,10,116,19.2,Royal Challengers Bangalore,field,Royal Challengers Bangalore
1136568,2018,2018-04-13,M.Chinnaswamy Stadium,Bengaluru,2,Royal Challengers Bangalore,Kings XI Punjab,159,6,117,19.3,Royal Challengers Bangalore,field,Royal Challengers Bangalore
1136569,2018,2018-04-14,Wankhede Stadium,Mumbai,1,Mumbai Indians,Delhi Daredevils,194,7,120,20.0,Delhi Daredevils,field,Delhi Daredevils
1136569,2018,2018-04-14,Wankhede Stadium,Mumbai,2,Delhi Daredevils,Mumbai Indians,195,3,120,20.0,Delhi Daredevils,field,Delhi Daredevils
1136570,2018,2018-04-14,Eden Gardens,Kolkata,1,Kolkata Knight Riders,Sunrisers Hyderabad,138,8,120,20.0,Sunrisers Hyderabad,field,Sunrisers Hyderabad
1136570,2018,2018-04-14,Eden Gardens,Kolkata,2,Sunrisers Hyderabad,Kolkata Knight Riders,139,5,114,19.0,Sunrisers Hyderabad,field,Sunrisers Hyderabad
1136571,2018,2018-04-15,M.Chinnaswamy Stadium,Bengaluru,1,Rajasthan Royals,Royal Challengers Bangalore,217,4,120,20.0,Royal Challengers Bangalore,field,Rajasthan Royals
1136571,2018,2018-04-15,M.Chinnaswamy Stadium,Bengaluru,2,Royal Challengers Bangalore,Rajasthan Royals,198,6,120,20.0,Royal Challengers Bangalore,field,Rajasthan Royals
1136572,2018,2018-04-15,Punjab Cricket Association IS Bindra Stadium,Chandigarh,1,Kings XI Punjab,Chennai Super Kings,197,7,120,20.0,Chennai Super Kings,field,Kings XI Punjab
1136572,2018,2018-04-15,Punjab Cricket Association IS Bindra Stadium,Chandigarh,2,Chennai Super Kings,Kings XI Punjab,193,5,120,20.0,Chennai Super Kings,field,Kings XI Punjab
1136573,2018,2018-04-16,Eden Gardens,Kolkata,1,Kolkata Knight Riders,Delhi Daredevils,200,9,120,20.0,Delhi Daredevils,field,Kolkata Knight Riders
1136573,2018,2018-04-16,Eden Gardens,Kolkata,2,Delhi Daredevils,Kolkata Knight Riders,129,10,86,14.2,Delhi Daredevils,field,Kolkata Knight Riders
1136574,2018,2018-04-17,Wankhede Stadium,Mumbai,1,Mumbai Indians,Royal Challengers Bangalore,213,6,120,20.0,Royal Challengers Bangalore,field,Mumbai Indians
1136574,2018,2018-04-17,Wankhede Stadium,Mumbai,2,Royal Challengers Bangalore,Mumbai Indians,167,8,120,20.0,Royal Challengers Bangalore,field,Mumbai Indians
1136575,2018,2018-04-18,Sawai Mansingh Stadium,Jaipur,1,Rajasthan Royals,Kolkata Knight Riders,160,8,120,20.0,Kolkata Knight Riders,field,Kolkata Knight Riders
1136575,2018,2018-04-18,Sawai Mansingh Stadium,Jaipur,2,Kolkata Knight Riders,Rajasthan Royals,163,3,113,18.5,Kolkata Knight Riders,field,Kolkata Knight Riders
1136576,2018,2018-04-19,Punjab Cricket Association IS Bindra Stadium,Chandigarh,1,Kings XI Punjab,Sunrisers Hyderabad,193,3,120,20.0,Kings XI Punjab,bat,Kings XI Punjab
1136576,2018,2018-04-19,Punjab Cricket Association IS Bindra Stadium,Chandigarh,2,Sunrisers Hyderabad,Kings XI Punjab,178,4,120,20.0,Kings XI Punjab,bat,Kings XI Punjab
1136577,2018,2018-04-20,Maharashtra Cricket Association Stadium,Pune,1,Chennai Super Kings,Rajasthan Royals,204,5,120,20.0,Rajasthan Royals,field,Chennai Super Kings
1136577,2018,2018-04-20,Maharashtra Cricket Association Stadium,Pune,2,Rajasthan Royals,Chennai Super Kings,140,10,111,18.3,Rajasthan Royals,field,Chennai Super Kings
1136578,2018,2018-04-21,Eden Gardens,Kolkata,1,Kolkata Knight Riders,Kings XI Punjab,191,7,120,20.0,Kings XI Punjab,field,Kings XI Punjab
1136578,2018,2018-04-21,Eden Gardens,Kolkata,2,Kings XI Punjab,Kolkata Knight Riders,126,1,67,11.1,Kings XI Punjab,field,Kings XI Punjab
1136579,2018,2018-04-21,M.Chinnaswamy Stadium,Bengaluru,1,Delhi Daredevils,Royal Challengers Bangalore,174,5,120,20.0,Royal Challengers Bangalore,field,Royal Challengers Bangalore
1136579,2018,2018-04-21,M.Chinnaswamy Stadium,Bengaluru,2,Royal Challengers Bangalore,Delhi Daredevils,176,4,108,18.0,Royal Challengers Bangalore,field,Royal Challengers Bangalore
1136580,2018,2018-04-22,Rajiv Gandhi International Stadium,Hyderabad,1,Chennai Super Kings,Sunrisers Hyderabad,182,3,120,20.0,Sunrisers Hyderabad,field,Chennai Super Kings
1136580,2018,2018-04-22,Rajiv Gandhi International Stadium,Hyderabad,2,Sunrisers Hyderabad,Chennai Super Kings,178,6,120,20.0,Sunrisers Hyderabad,field,Chennai Super Kings
1136581,2018,2018-04-22,Sawai Mansingh Stadium,Jaipur,1,Mumbai Indians,Rajasthan Royals,167,7,120,20.0,Mumbai Indians,bat,Rajasthan Royals
1136581,2018,2018-04-22,Sawai Mansingh Stadium,Jaipur,2,Rajasthan Royals,Mumbai Indians,168,7,118,19.4,Mumbai Indians,bat,Rajasthan Royals
1136582,2018,2018-04-23,Arun Jaitley Stadium,Delhi,1,Kings XI Punjab,Delhi Daredevils,143,8,120,20.0,Delhi Daredevils,field,Kings XI Punjab
1136582,2018,2018-04-23,Arun Jaitley Stadium,Delhi,2,Delhi Daredevils,Kings XI Punjab,139,8,120,20.0,Delhi Daredevils,field,Kings XI Punjab
1136583,2018,2018-04-24,Wankhede Stadium,Mumbai,1,Sunrisers Hyderabad,Mumbai Indians,118,10,112,18.4,Mumbai Indians,field,Sunrisers Hyderabad
1136583,2018,2018-04-24,Wankhede Stadium,Mumbai,2,Mumbai Indians,Sunrisers Hyderabad,87,10,113,18.5,Mumbai Indians,field,Sunrisers Hyderabad
1136584,2018,2018-04-25,M.Chinnaswamy Stadium,Bengaluru,1,Royal Challengers Bangalore,Chennai Super Kings,205,8,120,20.0,Chennai Super Kings,field,Chennai Super Kings
1136584,2018,2018-04-25,M.Chinnaswamy Stadium,Bengaluru,2,Chennai Super Kings,Royal Challengers Bangalore,207,5,118,19.4,Chennai Super Kings,field,Chennai Super Kings
1136585,2018,2018-04-26,Rajiv Gandhi International Stadium,Hyderabad,1,Sunrisers Hyderabad,Kings XI Punjab,132,6,120,20.0,Kings XI Punjab,field,Sunrisers Hyderabad
1136585,2018,2018-04-26,Rajiv Gandhi International Stadium,Hyderabad,2,Kings XI Punjab,Sunrisers Hyderabad,119,10,116,19.2,Kings XI Punjab,field,Sunrisers Hyderabad
1136586,2018,2018-04-27,Arun Jaitley Stadium,Delhi,1,Delhi Daredevils,Kolkata Knight Riders,219,4,120,20.0,Kolkata Knight Riders,field,Delhi Daredevils
1136586,2018,2018-04-27,Arun Jaitley Stadium,Delhi,2,Kolkata Knight Riders,Delhi Daredevils,164,9,120,20.0,Kolkata Knight Riders,field,Delhi Daredevils
1136587,2018,2018-04-28,Maharashtra Cricket Association Stadium,Pune,1,Chennai Super Kings,Mumbai Indians,169,5,120,20.0,Mumbai Indians,field,Mumbai Indians
1136587,2018,2018-04-28,Maharashtra Cricket Association Stadium,Pune,2,Mumbai Indians,Chennai Super Kings,170,2,118,19.4,Mumbai Indians,field,Mumbai Indians
1136588,2018,2018-04-29,Sawai Mansingh Stadium,Jaipur,1,Sunrisers Hyderabad,Rajasthan Royals,151,7,120,20.0,Sunrisers Hyderabad,bat,Sunrisers Hyderabad
1136588,2018,2018-04-29,Sawai Mansingh Stadium,Jaipur,2,Rajasthan Royals,Sunrisers Hyderabad,140,6,120,20.0,Sunrisers Hyderabad,bat,Sunrisers Hyderabad
1136589,2018,2018-04-29,M.Chinnaswamy Stadium,Bengaluru,1,Royal Challengers Bangalore,Kolkata Knight Riders,175,4,120,20.0,Kolkata Knight Riders,field,Kolkata Knight Riders
1136589,2018,2018-04-29,M.Chinnaswamy Stadium,Bengaluru,2,Kolkata Knight Riders,Royal Challengers Bangalore,176,4,115,19.1,Kolkata Knight Riders,field,Kolkata Knight Riders
1136590,2018,2018-04-30,Maharashtra Cricket Association Stadium,Pune,1,Chennai Super Kings,Delhi Daredevils,211,4,120,20.0,Delhi Daredevils,field,Chennai Super Kings
1136590,2018,2018-04-30,Maharashtra Cricket Association Stadium,Pune,2,Delhi Daredevils,Chennai Super Kings,198,5,120,20.0,Delhi Daredevils,field,Chennai Super Kings
1136591,2018,2018-05-01,M.Chinnaswamy Stadium,Bengaluru,1,Royal Challengers Bangalore,Mumbai Indians,167,7,120,20.0,Mumbai Indians,field,Royal Challengers Bangalore
1136591,2018,2018-05-01,M.Chinnaswamy Stadium,Bengaluru,2,Mumbai Indians,Royal Challengers Bangalore,153,7,120,20.0,Mumbai Indians,field,Royal Challengers Bangalore
1136592,2018,2018-05-02,Arun Jaitley Stadium,Delhi,1,Delhi Daredevils,Rajasthan Royals,196,6,103,17.1,Rajasthan Royals,field,Delhi Daredevils
1136592,2018,2018-05-02,Arun Jaitley Stadium,Delhi,2,Rajasthan Royals,Delhi Daredevils,146,5,72,12.0,Rajasthan Royals,field,Delhi Daredevils
1136593,2018,2018-05-03,Eden Gardens,Kolkata,1,Chennai Super Kings,Kolkata Knight Riders,177,5,120,20.0,Kolkata Knight Riders,field,Kolkata Knight Riders
1136593,2018,2018-05-03,Eden Gardens,Kolkata,2,Kolkata Knight Riders,Chennai Super Kings,180,4,106,17.4,Kolkata Knight Riders,field,Kolkata Knight Riders
1136594,2018,2018-05-04,Holkar Cricket Stadium,Indore,1,Kings XI Punjab,Mumbai Indians,174,6,120,20.0,Mumbai Indians,field,Mumbai Indians
1136594,2018,2018-05-04,Holkar Cricket Stadium,Indore,2,Mumbai Indians,Kings XI Punjab,176,4,114,19.0,Mumbai Indians,field,Mumbai Indians
1136595,2018,2018-05-05,Maharashtra Cricket Association Stadium,Pune,1,Royal Challengers Bangalore,Chennai Super Kings,127,9,120,20.0,Chennai Super Kings,field,Chennai Super Kings
1136595,2018,2018-05-05,Maharashtra Cricket Association Stadium,Pune,2,Chennai Super Kings,Royal Challengers Bangalore,128,4,108,18.0,Chennai Super Kings,field,Chennai Super Kings
1136596,2018,2018-05-05,Rajiv Gandhi International Stadium,Hyderabad,1,Delhi Daredevils,Sunrisers Hyderabad,163,5,120,20.0,Delhi Daredevils,bat,Sunrisers Hyderabad
1136596,2018,2018-05-05,Rajiv Gandhi International Stadium,Hyderabad,2,Sunrisers Hyderabad,Delhi Daredevils,164,3,119,19.5,Delhi Daredevils,bat,Sunrisers Hyderabad
1136597,2018,2018-05-06,Wankhede Stadium,Mumbai,1,Mumbai Indians,Kolkata Knight Riders,181,4,120,20.0,Kolkata Knight Riders,field,Mumbai Indians
1136597,2018,2018-05-06,Wankhede Stadium,Mumbai,2,Kolkata Knight Riders,Mumbai Indians,168,6,120,20.0,Kolkata Knight Riders,field,Mumbai Indians
1136598,2018,2018-05-06,Holkar Cricket Stadium,Indore,1,Rajasthan Royals,Kings XI Punjab,152,9,120,20.0,Kings XI Punjab,field,Kings XI Punjab
1136598,2018,2018-05-06,Holkar Cricket Stadium,Indore,2,Kings XI Punjab,Rajasthan Royals,155,4,112,18.4,Kings XI Punjab,field,Kings XI Punjab
1136599,2018,2018-05-07,Rajiv Gandhi International Stadium,Hyderabad,1,Sunrisers Hyderabad,Royal Challengers Bangalore,146,10,120,20.0,Royal Challengers Bangalore,field,Sunrisers Hyderabad
1136599,2018,2018-05-07,Rajiv Gandhi International Stadium,Hyderabad,2,Royal Challengers Bangalore,Sunrisers Hyderabad,141,6,120,20.0,Royal Challengers Bangalore,field,Sunrisers Hyderabad
1136600,2018,2018-05-08,Sawai Mansingh Stadium,Jaipur,1,Rajasthan Royals,Kings XI Punjab,158,8,120,20.0,Rajasthan Royals,bat,Rajasthan Royals
1136600,2018,2018-05-08,Sawai Mansingh Stadium,Jaipur,2,Kings XI Punjab,Rajasthan Royals,143,7,120,20.0,Rajasthan Royals,bat,Rajasthan Royals
1136601,2018,2018-05-09,Eden Gardens,Kolkata,1,Mumbai Indians,Kolkata Knight Riders,210,6,120,20.0,Kolkata Knight Riders,field,Mumbai Indians
1136601,2018,2018-05-09,Eden Gardens,Kolkata,2,Kolkata Knight Riders,Mumbai Indians,108,10,109,18.1,Kolkata Knight Riders,field,Mumbai Indians
1136602,2018,2018-05-10,Arun Jaitley Stadium,Delhi,1,Delhi Daredevils,Sunrisers Hyderabad,187,5,120,20.0,Delhi Daredevils,bat,Sunrisers Hyderabad
1136602,2018,2018-05-10,Arun Jaitley Stadium,Delhi,2,Sunrisers Hyderabad,Delhi Daredevils,191,1,113,18.5,Delhi Daredevils,bat,Sunrisers Hyderabad
1136603,2018,2018-05-11,Sawai Mansingh Stadium,Jaipur,1,Chennai Super Kings,Rajasthan Royals,176,4,120,20.0,Chennai Super Kings,bat,Rajasthan Royals
1136603,2018,2018-05-11,Sawai Mansingh Stadium,Jaipur,2,Rajasthan Royals,Chennai Super Kings,177,6,119,19.5,Chennai Super Kings,bat,Rajasthan Royals
1136604,2018,2018-05-12,Holkar Cricket Stadium,Indore,1,Kolkata Knight Riders,Kings XI Punjab,245,6,120,20.0,Kings XI Punjab,field,Kolkata Knight Riders
1136604,2018,2018-05-12,Holkar Cricket Stadium,Indore,2,Kings XI Punjab,Kolkata Knight Riders,214,8,120,20.0,Kings XI Punjab,field,Kolkata Knight Riders
1136605,2018,2018-05-12,Arun Jaitley Stadium,Delhi,1,Delhi Daredevils,Royal Challengers Bangalore,181,4,120,20.0,Royal Challengers Bangalore,field,Royal Challengers Bangalore
1136605,2018,2018-05-12,Arun Jaitley Stadium,Delhi,2,Royal Challengers Bangalore,Delhi Daredevils,187,5,114,19.0,Royal Challengers Bangalore,field,Royal Challengers Bangalore
1136606,2018,2018-05-13,Maharashtra Cricket Association Stadium,Pune,1,Sunrisers Hyderabad,Chennai Super Kings,179,4,120,20.0,Chennai Super Kings,field,Chennai Super Kings
1136606,2018,2018-05-13,Maharashtra Cricket Association Stadium,Pune,2,Chennai Super Kings,Sunrisers Hyderabad,180,2,114,19.0,Chennai Super Kings,field,Chennai Super Kings
1136607,2018,2018-05-13,Wankhede Stadium,Mumbai,1,Mumbai Indians,Rajasthan Royals,168,6,120,20.0,Rajasthan Royals,field,Rajasthan Royals
1136607,2018,2018-05-13,Wankhede Stadium,Mumbai,2,Rajasthan Royals,Mumbai Indians,171,3,108,18.0,Rajasthan Royals,field,Rajasthan Royals
1136608,2018,2018-05-14,Holkar Cricket Stadium,Indore,1,Kings XI Punjab,Royal Challengers Bangalore,88,10,91,15.1,Royal Challengers Bangalore,field,Royal Challengers Bangalore
1136608,2018,2018-05-14,Holkar Cricket Stadium,Indore,2,Royal Challengers Bangalore,Kings XI Punjab,92,0,49,8.1,Royal Challengers Bangalore,field,Royal Challengers Bangalore
1136609,2018,2018-05-15,Eden Gardens,Kolkata,1,Rajasthan Royals,Kolkata Knight Riders,142,10,114,19.0,Kolkata Knight Riders,field,Kolkata Knight Riders
1136609,2018,2018-05-15,Eden Gardens,Kolkata,2,Kolkata Knight Riders,Rajasthan Royals,145,4,108,18.0,Kolkata Knight Riders,field,Kolkata Knight Riders
1136610,2018,2018-05-16,Wankhede Stadium,Mumbai,1,Mumbai Indians,Kings XI Punjab,186,8,120,20.0,Kings XI Punjab,field,Mumbai Indians
1136610,2018,2018-05-16,Wankhede Stadium,Mumbai,2,Kings XI Punjab,Mumbai Indians,183,5,120,20.0,Kings XI Punjab,field,Mumbai Indians
1136611,2018,2018-05-17,M.Chinnaswamy Stadium,Bengaluru,1,Royal Challengers Bangalore,Sunrisers Hyderabad,218,6,120,20.0,Sunrisers Hyderabad,field,Royal Challengers Bangalore
1136611,2018,2018-05-17,M.Chinnaswamy Stadium,Bengaluru,2,Sunrisers Hyderabad,Royal Challengers Bangalore,204,3,120,20.0,Sunrisers Hyderabad,field,Royal Challengers Bangalore
1136612,2018,2018-05-18,Arun Jaitley Stadium,Delhi,1,Delhi Daredevils,Chennai Super Kings,162,5,120,20.0,Chennai Super Kings,field,Delhi Daredevils
1136612,2018,2018-05-18,Arun Jaitley Stadium,Delhi,2,Chennai Super Kings,Delhi Daredevils,128,6,120,20.0,Chennai Super Kings,field,Delhi Daredevils
1136613,2018,2018-05-19,Sawai Mansingh Stadium,Jaipur,1,Rajasthan Royals,Royal Challengers Bangalore,164,5,120,20.0,Rajasthan Royals,bat,Rajasthan Royals
1136613,2018,2018-05-19,Sawai Mansingh Stadium,Jaipur,2,Royal Challengers Bangalore,Rajasthan Royals,134,10,116,19.2,Rajasthan Royals,bat,Rajasthan Royals
1136614,2018,2018-05-19,Rajiv Gandhi International Stadium,Hyderabad,1,Sunrisers Hyderabad,Kolkata Knight Riders,172,9,120,20.0,Sunrisers Hyderabad,bat,Kolkata Knight Riders
1136614,2018,2018-05-19,Rajiv Gandhi International Stadium,Hyderabad,2,Kolkata Knight Riders,Sunrisers Hyderabad,173,5,118,19.4,Sunrisers Hyderabad,bat,Kolkata Knight Riders
1136615,2018,2018-05-20,Arun Jaitley Stadium,Delhi,1,Delhi Daredevils,Mumbai Indians,174,4,120,20.0,Delhi Daredevils,bat,Delhi Daredevils
1136615,2018,2018-05-20,Arun Jaitley Stadium,Delhi,2,Mumbai Indians,Delhi Daredevils,163,10,117,19.3,Delhi Daredevils,bat,Delhi Daredevils
1136616,2018,2018-05-20,Maharashtra Cricket Association Stadium,Pune,1,Kings XI Punjab,Chennai Super Kings,153,10,118,19.4,Chennai Super Kings,field,Chennai Super Kings
1136616,2018,2018-05-20,Maharashtra Cricket Association Stadium,Pune,2,Chennai Super Kings,Kings XI Punjab,159,5,115,19.1,Chennai Super Kings,field,Chennai Super Kings
1136617,2018,2018-05-22,Wankhede Stadium,Mumbai,1,Sunrisers Hyderabad,Chennai Super Kings,139,7,120,20.0,Chennai Super Kings,field,Chennai Super Kings
1136617,2018,2018-05-22,Wankhede Stadium,Mumbai,2,Chennai Super Kings,Sunrisers Hyderabad,140,8,115,19.1,Chennai Super Kings,field,Chennai Super Kings
1136618,2018,2018-05-23,Eden Gardens,Kolkata,1,Kolkata Knight Riders,Rajasthan Royals,169,7,120,20.0,Rajasthan Royals,field,Kolkata Knight Riders
1136618,2018,2018-05-23,Eden Gardens,Kolkata,2,Rajasthan Royals,Kolkata Knight Riders,144,4,120,20.0,Rajasthan Royals,field,Kolkata Knight Riders
1136619,2018,2018-05-25,Eden Gardens,Kolkata,1,Sunrisers Hyderabad,Kolkata Knight Riders,174,7,120,20.0,Kolkata Knight Riders,field,Sunrisers Hyderabad
1136619,2018,2018-05-25,Eden Gardens,Kolkata,2,Kolkata Knight Riders,Sunrisers Hyderabad,160,9,120,20.0,Kolkata Knight Riders,field,Sunrisers Hyderabad
1136620,2018,2018-05-27,Wankhede Stadium,Mumbai,1,Sunrisers Hyderabad,Chennai Super Kings,178,6,120,20.0,Chennai Super Kings,field,Chennai Super Kings
1136620,2018,2018-05-27,Wankhede Stadium,Mumbai,2,Chennai Super Kings,Sunrisers Hyderabad,181,2,111,18.3,Chennai Super Kings,field,Chennai Super Kings
1175356,2019,2019-03-23,MA Chidambaram Stadium,Chennai,1,Royal Challengers Bangalore,Chennai Super Kings,70,10,103,17.1,Chennai Super Kings,field,Chennai Super Kings
1175356,2019,2019-03-23,MA Chidambaram Stadium,Chennai,2,Chennai Super Kings,Royal Challengers Bangalore,71,3,106,17.4,Chennai Super Kings,field,Chennai Super Kings
1175357,2019,2019-03-24,Eden Gardens,Kolkata,1,Sunrisers Hyderabad,Kolkata Knight Riders,181,3,120,20.0,Kolkata Knight Riders,field,Kolkata Knight Riders
1175357,2019,2019-03-24,Eden Gardens,Kolkata,2,Kolkata Knight Riders,Sunrisers Hyderabad,183,4,118,19.4,Kolkata Knight Riders,field,Kolkata Knight Riders
1175358,2019,2019-03-24,Wankhede Stadium,Mumbai,1,Delhi Capitals,Mumbai Indians,213,6,120,20.0,Mumbai Indians,field,Delhi Capitals
1175358,2019,2019-03-24,Wankhede Stadium,Mumbai,2,Mumbai Indians,Delhi Capitals,176,9,116,19.2,Mumbai Indians,field,Delhi Capitals
1175359,2019,2019-03-25,Sawai Mansingh Stadium,Jaipur,1,Kings XI Punjab,Rajasthan Royals,184,4,120,20.0,Rajasthan Royals,field,Kings XI Punjab
1175359,2019,2019-03-25,Sawai Mansingh Stadium,Jaipur,2,Rajasthan Royals,Kings XI Punjab,170,9,120,20.0,Rajasthan Royals,field,Kings XI Punjab
1175360,2019,2019-03-26,Arun Jaitley Stadium,Delhi,1,Delhi Capitals,Chennai Super Kings,147,6,120,20.0,Delhi Capitals,bat,Chennai Super Kings
1175360,2019,2019-03-26,Arun Jaitley Stadium,Delhi,2,Chennai Super Kings,Delhi Capitals,150,4,118,19.4,Delhi Capitals,bat,Chennai Super Kings
1175361,2019,2019-03-27,Eden Gardens,Kolkata,1,Kolkata Knight Riders,Kings XI Punjab,218,4,120,20.0,Kings XI Punjab,field,Kolkata Knight Riders
1175361,2019,2019-03-27,Eden Gardens,Kolkata,2,Kings XI Punjab,Kolkata Knight Riders,190,4,120,20.0,Kings XI Punjab,field,Kolkata Knight Riders
1175362,2019,2019-03-28,M.Chinnaswamy Stadium,Bengaluru,1,Mumbai Indians,Royal Challengers Bangalore,187,8,120,20.0,Royal Challengers Bangalore,field,Mumbai Indians
1175362,2019,2019-03-28,M.Chinnaswamy Stadium,Bengaluru,2,Royal Challengers Bangalore,Mumbai Indians,181,5,120,20.0,Royal Challengers Bangalore,field,Mumbai Indians
1175363,2019,2019-03-29,Rajiv Gandhi International Stadium,Hyderabad,1,Rajasthan Royals,Sunrisers Hyderabad,198,2,120,20.0,Rajasthan Royals,bat,Sunrisers Hyderabad
1175363,2019,2019-03-29,Rajiv Gandhi International Stadium,Hyderabad,2,Sunrisers Hyderabad,Rajasthan Royals,201,5,114,19.0,Rajasthan Royals,bat,Sunrisers Hyderabad
1175364,2019,2019-03-30,Punjab Cricket Association IS Bindra Stadium,Chandigarh,1,Mumbai Indians,Kings XI Punjab,176,7,120,20.0,Kings XI Punjab,field,Kings XI Punjab
1175364,2019,2019-03-30,Punjab Cricket Association IS Bindra Stadium,Chandigarh,2,Kings XI Punjab,Mumbai Indians,177,2,112,18.4,Kings XI Punjab,field,Kings XI Punjab
1175365,2019,2019-03-30,Arun Jaitley Stadium,Delhi,1,Kolkata Knight Riders,Delhi Capitals,185,8,120,20.0,Delhi Capitals,field,
1175365,2019,2019-03-30,Arun Jaitley Stadium,Delhi,2,Delhi Capitals,Kolkata Knight Riders,185,6,120,20.0,Delhi Capitals,field,
1175365,2019,2019-03-30,Arun Jaitley Stadium,Delhi,3,Delhi Capitals,Kolkata Knight Riders,10,1,6,1.0,Delhi Capitals,field,
1175365,2019,2019-03-30,Arun Jaitley Stadium,Delhi,4,Kolkata Knight Riders,Delhi Capitals,7,1,6,1.0,Delhi Capitals,field,
1175366,2019,2019-03-31,Rajiv Gandhi International Stadium,Hyderabad,1,Sunrisers Hyderabad,Royal Challengers Bangalore,231,2,120,20.0,Royal Challengers Bangalore,field,Sunrisers Hyderabad
1175366,2019,2019-03-31,Rajiv Gandhi International Stadium,Hyderabad,2,Royal Challengers Bangalore,Sunrisers Hyderabad,113,10,119,19.5,Royal Challengers Bangalore,field,Sunrisers Hyderabad
1175367,2019,2019-03-31,MA Chidambaram Stadium,Chennai,1,Chennai Super Kings,Rajasthan Royals,175,5,120,20.0,Rajasthan Royals,field,Chennai Super Kings
1175367,2019,2019-03-31,MA Chidambaram Stadium,Chennai,2,Rajasthan Royals,Chennai Super Kings,167,8,120,20.0,Rajasthan Royals,field,Chennai Super Kings
1175368,2019,2019-04-01,Punjab Cricket Association IS Bindra Stadium,Chandigarh,1,Kings XI Punjab,Delhi Capitals,166,9,120,20.0,Delhi Capitals,field,Kings XI Punjab
1175368,2019,2019-04-01,Punjab Cricket Association IS Bindra Stadium,Chandigarh,2,Delhi Capitals,Kings XI Punjab,152,10,116,19.2,Delhi Capitals,field,Kings XI Punjab
1175369,2019,2019-04-02,Sawai Mansingh Stadium,Jaipur,1,Royal Challengers Bangalore,Rajasthan Royals,158,4,120,20.0,Rajasthan Royals,field,Rajasthan Royals
1175369,2019,2019-04-02,Sawai Mansingh Stadium,Jaipur,2,Rajasthan Royals,Royal Challengers Bangalore,164,3,119,19.5,Rajasthan Royals,field,Rajasthan Royals
1175370,2019,2019-04-03,Wankhede Stadium,Mumbai,1,Mumbai Indians,Chennai Super Kings,170,5,120,20.0,Chennai Super Kings,field,Mumbai Indians
1175370,2019,2019-04-03,Wankhede Stadium,Mumbai,2,Chennai Super Kings,Mumbai Indians,133,8,120,20.0,Chennai Super Kings,field,Mumbai Indians
1175371,2019,2019-04-04,Arun Jaitley Stadium,Delhi,1,Delhi Capitals,Sunrisers Hyderabad,129,8,120,20.0,Sunrisers Hyderabad,field,Sunrisers Hyderabad
1175371,2019,2019-04-04,Arun Jaitley Stadium,Delhi,2,Sunrisers Hyderabad,Delhi Capitals,131,5,111,18.3,Sunrisers Hyderabad,field,Sunrisers Hyderabad
1175372,2019,2019-04-05,M.Chinnaswamy Stadium,Bengaluru,1,Royal Challengers Bangalore,Kolkata Knight Riders,205,3,120,20.0,Kolkata Knight Riders,field,Kolkata Knight Riders
1175372,2019,2019-04-05,M.Chinnaswamy Stadium,Bengaluru,2,Kolkata Knight Riders,Royal Challengers Bangalore,206,5,115,19.1,Kolkata Knight Riders,field,Kolkata Knight Riders
1178393,2019,2019-04-06,MA Chidambaram Stadium,Chennai,1,Chennai Super Kings,Kings XI Punjab,160,3,120,20.0,Chennai Super Kings,bat,Chennai Super Kings
1178393,2019,2019-04-06,MA Chidambaram Stadium,Chennai,2,Kings XI Punjab,Chennai Super Kings,138,5,120,20.0,Chennai Super Kings,bat,Chennai Super Kings
1178394,2019,2019-04-06,Rajiv Gandhi International Stadium,Hyderabad,1,Mumbai Indians,Sunrisers Hyderabad,136,7,120,20.0,Sunrisers Hyderabad,field,Mumbai Indians
1178394,2019,2019-04-06,Rajiv Gandhi International Stadium,Hyderabad,2,Sunrisers Hyderabad,Mumbai Indians,96,10,106,17.4,Sunrisers Hyderabad,field,Mumbai Indians
1178395,2019,2019-04-07,M.Chinnaswamy Stadium,Bengaluru,1,Royal Challengers Bangalore,Delhi Capitals,149,8,120,20.0,Delhi Capitals,field,Delhi Capitals
1178395,2019,2019-04-07,M.Chinnaswamy Stadium,Bengaluru,2,Delhi Capitals,Royal Challengers Bangalore,152,6,113,18.5,Delhi Capitals,field,Delhi Capitals
1178396,2019,2019-04-07,Sawai Mansingh Stadium,Jaipur,1,Rajasthan Royals,Kolkata Knight Riders,139,3,120,20.0,Kolkata Knight Riders,field,Kolkata Knight Riders
1178396,2019,2019-04-07,Sawai Mansingh Stadium,Jaipur,2,Kolkata Knight Riders,Rajasthan Royals,140,2,83,13.5,Kolkata Knight Riders,field,Kolkata Knight Riders
1178397,2019,2019-04-08,Punjab Cricket Association IS Bindra Stadium,Chandigarh,1,Sunrisers Hyderabad,Kings XI Punjab,150,4,120,20.0,Kings XI Punjab,field,Kings XI Punjab
1178397,2019,2019-04-08,Punjab Cricket Association IS Bindra Stadium,Chandigarh,2,Kings XI Punjab,Sunrisers Hyderabad,151,4,119,19.5,Kings XI Punjab,field,Kings XI Punjab
1178398,2019,2019-04-09,MA Chidambaram Stadium,Chennai,1,Kolkata Knight Riders,Chennai Super Kings,108,9,120,20.0,Chennai Super Kings,field,Chennai Super Kings
1178398,2019,2019-04-09,MA Chidambaram Stadium,Chennai,2,Chennai Super Kings,Kolkata Knight Riders,111,3,104,17.2,Chennai Super Kings,field,Chennai Super Kings
1178399,2019,2019-04-10,Wankhede Stadium,Mumbai,1,Kings XI Punjab,Mumbai Indians,197,4,120,20.0,Mumbai Indians,field,Mumbai Indians
1178399,2019,2019-04-10,Wankhede Stadium,Mumbai,2,Mumbai Indians,Kings XI Punjab,198,7,120,20.0,Mumbai Indians,field,Mumbai Indians
1178400,2019,2019-04-11,Sawai Mansingh Stadium,Jaipur,1,Rajasthan Royals,Chennai Super Kings,151,7,120,20.0,Chennai Super Kings,field,Chennai Super Kings
1178400,2019,2019-04-11,Sawai Mansingh Stadium,Jaipur,2,Chennai Super Kings,Rajasthan Royals,155,6,120,20.0,Chennai Super Kings,field,Chennai Super Kings
1178401,2019,2019-04-12,Eden Gardens,Kolkata,1,Kolkata Knight Riders,Delhi Capitals,178,7,120,20.0,Delhi Capitals,field,Delhi Capitals
1178401,2019,2019-04-12,Eden Gardens,Kolkata,2,Delhi Capitals,Kolkata Knight Riders,180,3,113,18.5,Delhi Capitals,field,Delhi Capitals
1178402,2019,2019-04-13,Wankhede Stadium,Mumbai,1,Mumbai Indians,Rajasthan Royals,187,5,120,20.0,Rajasthan Royals,field,Rajasthan Royals
1178402,2019,2019-04-13,Wankhede Stadium,Mumbai,2,Rajasthan Royals,Mumbai Indians,188,6,117,19.3,Rajasthan Royals,field,Rajasthan Royals
1178403,2019,2019-04-13,Punjab Cricket Association IS Bindra Stadium,Chandigarh,1,Kings XI Punjab,Royal Challengers Bangalore,173,4,120,20.0,Royal Challengers Bangalore,field,Royal Challengers Bangalore
1178403,2019,2019-04-13,Punjab Cricket Association IS Bindra Stadium,Chandigarh,2,Royal Challengers Bangalore,Kings XI Punjab,174,2,116,19.2,Royal Challengers Bangalore,field,Royal Challengers Bangalore
1178404,2019,2019-04-14,Eden Gardens,Kolkata,1,Kolkata Knight Riders,Chennai Super Kings,161,8,120,20.0,Chennai Super Kings,field,Chennai Super Kings
1178404,2019,2019-04-14,Eden Gardens,Kolkata,2,Chennai Super Kings,Kolkata Knight Riders,162,5,118,19.4,Chennai Super Kings,field,Chennai Super Kings
1178405,2019,2019-04-14,Rajiv Gandhi International Stadium,Hyderabad,1,Delhi Capitals,Sunrisers Hyderabad,155,7,120,20.0,Sunrisers Hyderabad,field,Delhi Capitals
1178405,2019,2019-04-14,Rajiv Gandhi International Stadium,Hyderabad,2,Sunrisers Hyderabad,Delhi Capitals,116,10,113,18.5,Sunrisers Hyderabad,field,Delhi Capitals
1178406,2019,2019-04-15,Wankhede Stadium,Mumbai,1,Royal Challengers Bangalore,Mumbai Indians,171,7,120,20.0,Mumbai Indians,field,Mumbai Indians
1178406,2019,2019-04-15,Wankhede Stadium,Mumbai,2,Mumbai Indians,Royal Challengers Bangalore,172,5,114,19.0,Mumbai Indians,field,Mumbai Indians
1178407,2019,2019-04-16,Punjab Cricket Association IS Bindra Stadium,Chandigarh,1,Kings XI Punjab,Rajasthan Royals,182,6,120,20.0,Rajasthan Royals,field,Kings XI Punjab
1178407,2019,2019-04-16,Punjab Cricket Association IS Bindra Stadium,Chandigarh,2,Rajasthan Royals,Kings XI Punjab,170,7,120,20.0,Rajasthan Royals,field,Kings XI Punjab
1178408,2019,2019-04-17,Rajiv Gandhi International Stadium,Hyderabad,1,Chennai Super Kings,Sunrisers Hyderabad,132,5,120,20.0,Chennai Super Kings,bat,Sunrisers Hyderabad
1178408,2019,2019-04-17,Rajiv Gandhi International Stadium,Hyderabad,2,Sunrisers Hyderabad,Chennai Super Kings,137,4,101,16.5,Chennai Super Kings,bat,Sunrisers Hyderabad
1178409,2019,2019-04-18,Arun Jaitley Stadium,Delhi,1,Mumbai Indians,Delhi Capitals,168,5,120,20.0,Mumbai Indians,bat,Mumbai Indians
1178409,2019,2019-04-18,Arun Jaitley Stadium,Delhi,2,Delhi Capitals,Mumbai Indians,128,9,120,20.0,Mumbai Indians,bat,Mumbai Indians
1178410,2019,2019-04-19,Eden Gardens,Kolkata,1,Royal Challengers Bangalore,Kolkata Knight Riders,213,4,120,20.0,Kolkata Knight Riders,field,Royal Challengers Bangalore
1178410,2019,2019-04-19,Eden Gardens,Kolkata,2,Kolkata Knight Riders,Royal Challengers Bangalore,203,5,120,20.0,Kolkata Knight Riders,field,Royal Challengers Bangalore
1178411,2019,2019-04-20,Sawai Mansingh Stadium,Jaipur,1,Mumbai Indians,Rajasthan Royals,161,5,120,20.0,Rajasthan Royals,field,Rajasthan Royals
1178411,2019,2019-04-20,Sawai Mansingh Stadium,Jaipur,2,Rajasthan Royals,Mumbai Indians,162,5,115,19.1,Rajasthan Royals,field,Rajasthan Royals
1178412,2019,2019-04-20,Arun Jaitley Stadium,Delhi,1,Kings XI Punjab,Delhi Capitals,163,7,120,20.0,Delhi Capitals,field,Delhi Capitals
1178412,2019,2019-04-20,Arun Jaitley Stadium,Delhi,2,Delhi Capitals,Kings XI Punjab,166,5,118,19.4,Delhi Capitals,field,Delhi Capitals
1178413,2019,2019-04-21,Rajiv Gandhi International Stadium,Hyderabad,1,Kolkata Knight Riders,Sunrisers Hyderabad,159,8,120,20.0,Sunrisers Hyderabad,field,Sunrisers Hyderabad
1178413,2019,2019-04-21,Rajiv Gandhi International Stadium,Hyderabad,2,Sunrisers Hyderabad,Kolkata Knight Riders,161,1,90,15.0,Sunrisers Hyderabad,field,Sunrisers Hyderabad
1178414,2019,2019-04-21,M.Chinnaswamy Stadium,Bengaluru,1,Royal Challengers Bangalore,Chennai Super Kings,161,7,120,20.0,Chennai Super Kings,field,Royal Challengers Bangalore
1178414,2019,2019-04-21,M.Chinnaswamy Stadium,Bengaluru,2,Chennai Super Kings,Royal Challengers Bangalore,160,8,120,20.0,Chennai Super Kings,field,Royal Challengers Bangalore
1178415,2019,2019-04-22,Sawai Mansingh Stadium,Jaipur,1,Rajasthan Royals,Delhi Capitals,191,6,120,20.0,Delhi Capitals,field,Delhi Capitals
1178415,2019,2019-04-22,Sawai Mansingh Stadium,Jaipur,2,Delhi Capitals,Rajasthan Royals,193,4,116,19.2,Delhi Capitals,field,Delhi Capitals
1178416,2019,2019-04-23,MA Chidambaram Stadium,Chennai,1,Sunrisers Hyderabad,Chennai Super Kings,175,3,120,20.0,Chennai Super Kings,field,Chennai Super Kings
1178416,2019,2019-04-23,MA Chidambaram Stadium,Chennai,2,Chennai Super Kings,Sunrisers Hyderabad,176,4,119,19.5,Chennai Super Kings,field,Chennai Super Kings
1178417,2019,2019-04-24,M.Chinnaswamy Stadium,Bengaluru,1,Royal Challengers Bangalore,Kings XI Punjab,202,4,120,20.0,Kings XI Punjab,field,Royal Challengers Bangalore
1178417,2019,2019-04-24,M.Chinnaswamy Stadium,Bengaluru,2,Kings XI Punjab,Royal Challengers Bangalore,185,7,120,20.0,Kings XI Punjab,field,Royal Challengers Bangalore
1178418,2019,2019-04-25,Eden Gardens,Kolkata,1,Kolkata Knight Riders,Rajasthan Royals,175,6,120,20.0,Rajasthan Royals,field,Rajasthan Royals
1178418,2019,2019-04-25,Eden Gardens,Kolkata,2,Rajasthan Royals,Kolkata Knight Riders,177,7,116,19.2,Rajasthan Royals,field,Rajasthan Royals
1178419,2019,2019-04-26,MA Chidambaram Stadium,Chennai,1,Mumbai Indians,Chennai Super Kings,155,4,120,20.0,Chennai Super Kings,field,Mumbai Indians
1178419,2019,2019-04-26,MA Chidambaram Stadium,Chennai,2,Chennai Super Kings,Mumbai Indians,109,10,106,17.4,Chennai Super Kings,field,Mumbai Indians
1178420,2019,2019-04-27,Sawai Mansingh Stadium,Jaipur,1,Sunrisers Hyderabad,Rajasthan Royals,160,8,120,20.0,Rajasthan Royals,field,Rajasthan Royals
1178420,2019,2019-04-27,Sawai Mansingh Stadium,Jaipur,2,Rajasthan Royals,Sunrisers Hyderabad,161,3,115,19.1,Rajasthan Royals,field,Rajasthan Royals
1178421,2019,2019-04-28,Arun Jaitley Stadium,Delhi,1,Delhi Capitals,Royal Challengers Bangalore,187,5,120,20.0,Delhi Capitals,bat,Delhi Capitals
1178421,2019,2019-04-28,Arun Jaitley Stadium,Delhi,2,Royal Challengers Bangalore,Delhi Capitals,171,7,120,20.0,Delhi Capitals,bat,Delhi Capitals
1178422,2019,2019-04-28,Eden Gardens,Kolkata,1,Kolkata Knight Riders,Mumbai Indians,232,2,120,20.0,Mumbai Indians,field,Kolkata Knight Riders
1178422,2019,2019-04-28,Eden Gardens,Kolkata,2,Mumbai Indians,Kolkata Knight Riders,198,7,120,20.0,Mumbai Indians,field,Kolkata Knight Riders
1178423,2019,2019-04-29,Rajiv Gandhi International Stadium,Hyderabad,1,Sunrisers Hyderabad,Kings XI Punjab,212,6,120,20.0,Kings XI Punjab,field,Sunrisers Hyderabad
1178423,2019,2019-04-29,Rajiv Gandhi International Stadium,Hyderabad,2,Kings XI Punjab,Sunrisers Hyderabad,167,8,120,20.0,Kings XI Punjab,field,Sunrisers Hyderabad
1178424,2019,2019-04-30,M.Chinnaswamy Stadium,Bengaluru,1,Royal Challengers Bangalore,Rajasthan Royals,62,7,30,5.0,Rajasthan Royals,field,
1178424,2019,2019-04-30,M.Chinnaswamy Stadium,Bengaluru,2,Rajasthan Royals,Royal Challengers Bangalore,41,1,20,3.2,Rajasthan Royals,field,
1178425,2019,2019-05-01,MA Chidambaram Stadium,Chennai,1,Chennai Super Kings,Delhi Capitals,179,4,120,20.0,Delhi Capitals,field,Chennai Super Kings
1178425,2019,2019-05-01,MA Chidambaram Stadium,Chennai,2,Delhi Capitals,Chennai Super Kings,99,10,98,16.2,Delhi Capitals,field,Chennai Super Kings
1178426,2019,2019-05-02,Wankhede Stadium,Mumbai,1,Mumbai Indians,Sunrisers Hyderabad,162,5,120,20.0,Mumbai Indians,bat,
1178426,2019,2019-05-02,Wankhede Stadium,Mumbai,2,Sunrisers Hyderabad,Mumbai Indians,162,6,120,20.0,Mumbai Indians,bat,
1178426,2019,2019-05-02,Wankhede Stadium,Mumbai,3,Sunrisers Hyderabad,Mumbai Indians,8,2,4,0.4,Mumbai Indians,bat,
1178426,2019,2019-05-02,Wankhede Stadium,Mumbai,4,Mumbai Indians,Sunrisers Hyderabad,9,0,3,0.3,Mumbai Indians,bat,
1178427,2019,2019-05-03,Punjab Cricket Association IS Bindra Stadium,Chandigarh,1,Kings XI Punjab,Kolkata Knight Riders,183,6,120,20.0,Kolkata Knight Riders,field,Kolkata Knight Riders
1178427,2019,2019-05-03,Punjab Cricket Association IS Bindra Stadium,Chandigarh,2,Kolkata Knight Riders,Kings XI Punjab,185,3,108,18.0,Kolkata Knight Riders,field,Kolkata Knight Riders
1178428,2019,2019-05-04,Arun Jaitley Stadium,Delhi,1,Rajasthan Royals,Delhi Capitals,115,9,120,20.0,Rajasthan Royals,bat,Delhi Capitals
1178428,2019,2019-05-04,Arun Jaitley Stadium,Delhi,2,Delhi Capitals,Rajasthan Royals,121,5,97,16.1,Rajasthan Royals,bat,Delhi Capitals
1178429,2019,2019-05-04,M.Chinnaswamy Stadium,Bengaluru,1,Sunrisers Hyderabad,Royal Challengers Bangalore,175,7,120,20.0,Royal Challengers Bangalore,field,Royal Challengers Bangalore
1178429,2019,2019-05-04,M.Chinnaswamy Stadium,Bengaluru,2,Royal Challengers Bangalore,Sunrisers Hyderabad,178,6,116,19.2,Royal Challengers Bangalore,field,Royal Challengers Bangalore
1178430,2019,2019-05-05,Punjab Cricket Association IS Bindra Stadium,Chandigarh,1,Chennai Super Kings,Kings XI Punjab,170,5,120,20.0,Kings XI Punjab,field,Kings XI Punjab
1178430,2019,2019-05-05,Punjab Cricket Association IS Bindra Stadium,Chandigarh,2,Kings XI Punjab,Chennai Super Kings,173,4,108,18.0,Kings XI Punjab,field,Kings XI Punjab
1178431,2019,2019-05-05,Wankhede Stadium,Mumbai,1,Kolkata Knight Riders,Mumbai Indians,133,7,120,20.0,Mumbai Indians,field,Mumbai Indians
1178431,2019,2019-05-05,Wankhede Stadium,Mumbai,2,Mumbai Indians,Kolkata Knight Riders,134,1,97,16.1,Mumbai Indians,field,Mumbai Indians
1181764,2019,2019-05-07,MA Chidambaram Stadium,Chennai,1,Chennai Super Kings,Mumbai Indians,131,4,120,20.0,Chennai Super Kings,bat,Mumbai Indians
1181764,2019,2019-05-07,MA Chidambaram Stadium,Chennai,2,Mumbai Indians,Chennai Super Kings,132,4,111,18.3,Chennai Super Kings,bat,Mumbai Indians
1181766,2019,2019-05-08,Dr. Y.S. Rajasekhara Reddy ACA-VDCA Cricket Stadium,Visakhapatnam,1,Sunrisers Hyderabad,Delhi Capitals,162,8,120,20.0,Delhi Capitals,field,Delhi Capitals
1181766,2019,2019-05-08,Dr. Y.S. Rajasekhara Reddy ACA-VDCA Cricket Stadium,Visakhapatnam,2,Delhi Capitals,Sunrisers Hyderabad,165,8,119,19.5,Delhi Capitals,field,Delhi Capitals
1181767,2019,2019-05-10,Dr. Y.S. Rajasekhara Reddy ACA-VDCA Cricket Stadium,Visakhapatnam,1,Delhi Capitals,Chennai Super Kings,147,9,120,20.0,Chennai Super Kings,field,Chennai Super Kings
1181767,2019,2019-05-10,Dr. Y.S. Rajasekhara Reddy ACA-VDCA Cricket Stadium,Visakhapatnam,2,Chennai Super Kings,Delhi Capitals,151,4,114,19.0,Chennai Super Kings,field,Chennai Super Kings
1181768,2019,2019-05-12,Rajiv Gandhi International Stadium,Hyderabad,1,Mumbai Indians,Chennai Super Kings,149,8,120,20.0,Mumbai Indians,bat,Mumbai Indians
1181768,2019,2019-05-12,Rajiv Gandhi International Stadium,Hyderabad,2,Chennai Super Kings,Mumbai Indians,148,7,120,20.0,Mumbai Indians,bat,Mumbai Indians
1216492,2020/21,2020-09-19,Sheikh Zayed Stadium,Abu Dhabi,1,Mumbai Indians,Chennai Super Kings,162,9,120,20.0,Chennai Super Kings,field,Chennai Super Kings
1216492,2020/21,2020-09-19,Sheikh Zayed Stadium,Abu Dhabi,2,Chennai Super Kings,Mumbai Indians,166,5,116,19.2,Chennai Super Kings,field,Chennai Super Kings
1216493,2020/21,2020-09-20,Dubai International Cricket Stadium,,1,Delhi Capitals,Kings XI Punjab,157,8,120,20.0,Kings XI Punjab,field,
1216493,2020/21,2020-09-20,Dubai International Cricket Stadium,,2,Kings XI Punjab,Delhi Capitals,157,8,120,20.0,Kings XI Punjab,field,
1216493,2020/21,2020-09-20,Dubai International Cricket Stadium,,3,Kings XI Punjab,Delhi Capitals,2,2,3,0.3,Kings XI Punjab,field,
1216493,2020/21,2020-09-20,Dubai International Cricket Stadium,,4,Delhi Capitals,Kings XI Punjab,3,0,2,0.2,Kings XI Punjab,field,
1216494,2020/21,2020-10-21,Sheikh Zayed Stadium,Abu Dhabi,1,Kolkata Knight Riders,Royal Challengers Bangalore,84,8,120,20.0,Kolkata Knight Riders,bat,Royal Challengers Bangalore
1216494,2020/21,2020-10-21,Sheikh Zayed Stadium,Abu Dhabi,2,Royal Challengers Bangalore,Kolkata Knight Riders,85,2,81,13.3,Kolkata Knight Riders,bat,Royal Challengers Bangalore
1216495,2020/21,2020-11-03,Sharjah Cricket Stadium,,1,Mumbai Indians,Sunrisers Hyderabad,149,8,120,20.0,Sunrisers Hyderabad,field,Sunrisers Hyderabad
1216495,2020/21,2020-11-03,Sharjah Cricket Stadium,,2,Sunrisers Hyderabad,Mumbai Indians,151,0,103,17.1,Sunrisers Hyderabad,field,Sunrisers Hyderabad
1216496,2020/21,2020-09-22,Sharjah Cricket Stadium,,1,Rajasthan Royals,Chennai Super Kings,216,7,120,20.0,Chennai Super Kings,field,Rajasthan Royals
1216496,2020/21,2020-09-22,Sharjah Cricket Stadium,,2,Chennai Super Kings,Rajasthan Royals,200,6,120,20.0,Chennai Super Kings,field,Rajasthan Royals
1216497,2020/21,2020-10-24,Sheikh Zayed Stadium,Abu Dhabi,1,Kolkata Knight Riders,Delhi Capitals,194,6,120,20.0,Delhi Capitals,field,Kolkata Knight Riders
1216497,2020/21,2020-10-24,Sheikh Zayed Stadium,Abu Dhabi,2,Delhi Capitals,Kolkata Knight Riders,135,9,120,20.0,Delhi Capitals,field,Kolkata Knight Riders
1216498,2020/21,2020-10-24,Dubai International Cricket Stadium,,1,Kings XI Punjab,Sunrisers Hyderabad,126,7,120,20.0,Sunrisers Hyderabad,field,Kings XI Punjab
1216498,2020/21,2020-10-24,Dubai International Cricket Stadium,,2,Sunrisers Hyderabad,Kings XI Punjab,114,10,119,19.5,Sunrisers Hyderabad,field,Kings XI Punjab
1216499,2020/21,2020-10-28,Sheikh Zayed Stadium,Abu Dhabi,1,Royal Challengers Bangalore,Mumbai Indians,164,6,120,20.0,Mumbai Indians,field,Mumbai Indians
1216499,2020/21,2020-10-28,Sheikh Zayed Stadium,Abu Dhabi,2,Mumbai Indians,Royal Challengers Bangalore,166,5,115,19.1,Mumbai Indians,field,Mumbai Indians
1216500,2020/21,2020-10-09,Sharjah Cricket Stadium,,1,Delhi Capitals,Rajasthan Royals,184,8,120,20.0,Rajasthan Royals,field,Delhi Capitals
1216500,2020/21,2020-10-09,Sharjah Cricket Stadium,,2,Rajasthan Royals,Delhi Capitals,138,10,118,19.4,Rajasthan Royals,field,Delhi Capitals
1216501,2020/21,2020-10-07,Sheikh Zayed Stadium,Abu Dhabi,1,Kolkata Knight Riders,Chennai Super Kings,167,10,120,20.0,Kolkata Knight Riders,bat,Kolkata Knight Riders
1216501,2020/21,2020-10-07,Sheikh Zayed Stadium,Abu Dhabi,2,Chennai Super Kings,Kolkata Knight Riders,157,5,120,20.0,Kolkata Knight Riders,bat,Kolkata Knight Riders
1216502,2020/21,2020-10-31,Sharjah Cricket Stadium,,1,Royal Challengers Bangalore,Sunrisers Hyderabad,120,7,120,20.0,Sunrisers Hyderabad,field,Sunrisers Hyderabad
1216502,2020/21,2020-10-31,Sharjah Cricket Stadium,,2,Sunrisers Hyderabad,Royal Challengers Bangalore,121,5,85,14.1,Sunrisers Hyderabad,field,Sunrisers Hyderabad
1216503,2020/21,2020-10-01,Sheikh Zayed Stadium,Abu Dhabi,1,Mumbai Indians,Kings XI Punjab,191,4,120,20.0,Kings XI Punjab,field,Mumbai Indians
1216503,2020/21,2020-10-01,Sheikh Zayed Stadium,Abu Dhabi,2,Kings XI Punjab,Mumbai Indians,143,8,120,20.0,Kings XI Punjab,field,Mumbai Indians
1216504,2020/21,2020-09-30,Dubai International Cricket Stadium,,1,Kolkata Knight Riders,Rajasthan Royals,174,6,120,20.0,Rajasthan Royals,field,Kolkata Knight Riders
1216504,2020/21,2020-09-30,Dubai International Cricket Stadium,,2,Rajasthan Royals,Kolkata Knight Riders,137,9,120,20.0,Rajasthan Royals,field,Kolkata Knight Riders
1216505,2020/21,2020-11-02,Sheikh Zayed Stadium,Abu Dhabi,1,Royal Challengers Bangalore,Delhi Capitals,152,7,120,20.0,Delhi Capitals,field,Delhi Capitals
1216505,2020/21,2020-11-02,Sheikh Zayed Stadium,Abu Dhabi,2,Delhi Capitals,Royal Challengers Bangalore,154,4,114,19.0,Delhi Capitals,field,Delhi Capitals
1216506,2020/21,2020-11-01,Sheikh Zayed Stadium,Abu Dhabi,1,Kings XI Punjab,Chennai Super Kings,153,6,120,20.0,Chennai Super Kings,field,Chennai Super Kings
1216506,2020/21,2020-11-01,Sheikh Zayed Stadium,Abu Dhabi,2,Chennai Super Kings,Kings XI Punjab,154,1,113,18.5,Chennai Super Kings,field,Chennai Super Kings
1216507,2020/21,2020-10-11,Dubai International Cricket Stadium,,1,Sunrisers Hyderabad,Rajasthan Royals,158,4,120,20.0,Sunrisers Hyderabad,bat,Rajasthan Royals
1216507,2020/21,2020-10-11,Dubai International Cricket Stadium,,2,Rajasthan Royals,Sunrisers Hyderabad,163,5,119,19.5,Sunrisers Hyderabad,bat,Rajasthan Royals
1216508,2020/21,2020-09-23,Sheikh Zayed Stadium,Abu Dhabi,1,Mumbai Indians,Kolkata Knight Riders,195,5,120,20.0,Kolkata Knight Riders,field,Mumbai Indians
1216508,2020/21,2020-09-23,Sheikh Zayed Stadium,Abu Dhabi,2,Kolkata Knight Riders,Mumbai Indians,146,9,120,20.0,Kolkata Knight Riders,field,Mumbai Indians
1216509,2020/21,2020-10-17,Sharjah Cricket Stadium,,1,Chennai Super Kings,Delhi Capitals,179,4,120,20.0,Chennai Super Kings,bat,Delhi Capitals
1216509,2020/21,2020-10-17,Sharjah Cricket Stadium,,2,Delhi Capitals,Chennai Super Kings,185,5,119,19.5,Chennai Super Kings,bat,Delhi Capitals
1216510,2020/21,2020-09-24,Dubai International Cricket Stadium,,1,Kings XI Punjab,Royal Challengers Bangalore,206,3,120,20.0,Royal Challengers Bangalore,field,Kings XI Punjab
1216510,2020/21,2020-09-24,Dubai International Cricket Stadium,,2,Royal Challengers Bangalore,Kings XI Punjab,109,10,102,17.0,Royal Challengers Bangalore,field,Kings XI Punjab
1216511,2020/21,2020-10-06,Sheikh Zayed Stadium,Abu Dhabi,1,Mumbai Indians,Rajasthan Royals,193,4,120,20.0,Mumbai Indians,bat,Mumbai Indians
1216511,2020/21,2020-10-06,Sheikh Zayed Stadium,Abu Dhabi,2,Rajasthan Royals,Mumbai Indians,136,10,109,18.1,Mumbai Indians,bat,Mumbai Indians
1216512,2020/21,2020-10-18,Sheikh Zayed Stadium,Abu Dhabi,1,Kolkata Knight Riders,Sunrisers Hyderabad,163,5,120,20.0,Sunrisers Hyderabad,field,
1216512,2020/21,2020-10-18,Sheikh Zayed Stadium,Abu Dhabi,2,Sunrisers Hyderabad,Kolkata Knight Riders,163,6,120,20.0,Sunrisers Hyderabad,field,
1216512,2020/21,2020-10-18,Sheikh Zayed Stadium,Abu Dhabi,3,Sunrisers Hyderabad,Kolkata Knight Riders,2,2,3,0.3,Sunrisers Hyderabad,field,
1216512,2020/21,2020-10-18,Sheikh Zayed Stadium,Abu Dhabi,4,Kolkata Knight Riders,Sunrisers Hyderabad,3,0,4,0.4,Sunrisers Hyderabad,field,
1216513,2020/21,2020-10-04,Dubai International Cricket Stadium,,1,Kings XI Punjab,Chennai Super Kings,178,4,120,20.0,Kings XI Punjab,bat,Chennai Super Kings
1216513,2020/21,2020-10-04,Dubai International Cricket Stadium,,2,Chennai Super Kings,Kings XI Punjab,181,0,106,17.4,Kings XI Punjab,bat,Chennai Super Kings
1216514,2020/21,2020-10-03,Sheikh Zayed Stadium,Abu Dhabi,1,Rajasthan Royals,Royal Challengers Bangalore,154,6,120,20.0,Rajasthan Royals,bat,Royal Challengers Bangalore
1216514,2020/21,2020-10-03,Sheikh Zayed Stadium,Abu Dhabi,2,Royal Challengers Bangalore,Rajasthan Royals,158,2,115,19.1,Rajasthan Royals,bat,Royal Challengers Bangalore
1216515,2020/21,2020-10-03,Sharjah Cricket Stadium,,1,Delhi Capitals,Kolkata Knight Riders,228,4,120,20.0,Kolkata Knight Riders,field,Delhi Capitals
1216515,2020/21,2020-10-03,Sharjah Cricket Stadium,,2,Kolkata Knight Riders,Delhi Capitals,210,8,120,20.0,Kolkata Knight Riders,field,Delhi Capitals
1216516,2020/21,2020-10-02,Dubai International Cricket Stadium,,1,Sunrisers Hyderabad,Chennai Super Kings,164,5,120,20.0,Sunrisers Hyderabad,bat,Sunrisers Hyderabad
1216516,2020/21,2020-10-02,Dubai International Cricket Stadium,,2,Chennai Super Kings,Sunrisers Hyderabad,157,5,120,20.0,Sunrisers Hyderabad,bat,Sunrisers Hyderabad
1216517,2020/21,2020-10-18,Dubai International Cricket Stadium,,1,Mumbai Indians,Kings XI Punjab,176,6,120,20.0,Mumbai Indians,bat,
1216517,2020/21,2020-10-18,Dubai International Cricket Stadium,,2,Kings XI Punjab,Mumbai Indians,176,6,120,20.0,Mumbai Indians,bat,
1216517,2020/21,2020-10-18,Dubai International Cricket Stadium,,3,Kings XI Punjab,Mumbai Indians,5,2,6,1.0,Mumbai Indians,bat,
1216517,2020/21,2020-10-18,Dubai International Cricket Stadium,,4,Mumbai Indians,Kings XI Punjab,5,1,6,1.0,Mumbai Indians,bat,
1216517,2020/21,2020-10-18,Dubai International Cricket Stadium,,5,Mumbai Indians,Kings XI Punjab,11,1,6,1.0,Mumbai Indians,bat,
1216517,2020/21,2020-10-18,Dubai International Cricket Stadium,,6,Kings XI Punjab,Mumbai Indians,15,0,4,0.4,Mumbai Indians,bat,
1216518,2020/21,2020-10-22,Dubai International Cricket Stadium,,1,Rajasthan Royals,Sunrisers Hyderabad,154,6,120,20.0,Sunrisers Hyderabad,field,Sunrisers Hyderabad
1216518,2020/21,2020-10-22,Dubai International Cricket Stadium,,2,Sunrisers Hyderabad,Rajasthan Royals,156,2,109,18.1,Sunrisers Hyderabad,field,Sunrisers Hyderabad
1216519,2020/21,2020-10-05,Dubai International Cricket Stadium,,1,Delhi Capitals,Royal Challengers Bangalore,196,4,120,20.0,Royal Challengers Bangalore,field,Delhi Capitals
1216519,2020/21,2020-10-05,Dubai International Cricket Stadium,,2,Royal Challengers Bangalore,Delhi Capitals,137,9,120,20.0,Royal Challengers Bangalore,field,Delhi Capitals
1216520,2020/21,2020-10-26,Sharjah Cricket Stadium,,1,Kolkata Knight Riders,Kings XI Punjab,149,9,120,20.0,Kings XI Punjab,field,Kings XI Punjab
1216520,2020/21,2020-10-26,Sharjah Cricket Stadium,,2,Kings XI Punjab,Kolkata Knight Riders,150,2,113,18.5,Kings XI Punjab,field,Kings XI Punjab
1216521,2020/21,2020-10-23,Sharjah Cricket Stadium,,1,Chennai Super Kings,Mumbai Indians,114,9,120,20.0,Mumbai Indians,field,Mumbai Indians
1216521,2020/21,2020-10-23,Sharjah Cricket Stadium,,2,Mumbai Indians,Chennai Super Kings,116,0,74,12.2,Mumbai Indians,field,Mumbai Indians
1216522,2020/21,2020-10-17,Dubai International Cricket Stadium,,1,Rajasthan Royals,Royal Challengers Bangalore,177,6,120,20.0,Rajasthan Royals,bat,Royal Challengers Bangalore
1216522,2020/21,2020-10-17,Dubai International Cricket Stadium,,2,Royal Challengers Bangalore,Rajasthan Royals,179,3,118,19.4,Rajasthan Royals,bat,Royal Challengers Bangalore
1216523,2020/21,2020-10-10,Sheikh Zayed Stadium,Abu Dhabi,1,Kolkata Knight Riders,Kings XI Punjab,164,6,120,20.0,Kolkata Knight Riders,bat,Kolkata Knight Riders
1216523,2020/21,2020-10-10,Sheikh Zayed Stadium,Abu Dhabi,2,Kings XI Punjab,Kolkata Knight Riders,162,5,120,20.0,Kolkata Knight Riders,bat,Kolkata Knight Riders
1216524,2020/21,2020-10-27,Dubai International Cricket Stadium,,1,Sunrisers Hyderabad,Delhi Capitals,219,2,120,20.0,Delhi Capitals,field,Sunrisers Hyderabad
1216524,2020/21,2020-10-27,Dubai International Cricket Stadium,,2,Delhi Capitals,Sunrisers Hyderabad,131,10,114,19.0,Delhi Capitals,field,Sunrisers Hyderabad
1216525,2020/21,2020-10-10,Dubai International Cricket Stadium,,1,Royal Challengers Bangalore,Chennai Super Kings,169,4,120,20.0,Royal Challengers Bangalore,bat,Royal Challengers Bangalore
1216525,2020/21,2020-10-10,Dubai International Cricket Stadium,,2,Chennai Super Kings,Royal Challengers Bangalore,132,8,120,20.0,Royal Challengers Bangalore,bat,Royal Challengers Bangalore
1216526,2020/21,2020-10-16,Sheikh Zayed Stadium,Abu Dhabi,1,Kolkata Knight Riders,Mumbai Indians,148,5,120,20.0,Kolkata Knight Riders,bat,Mumbai Indians
1216526,2020/21,2020-10-16,Sheikh Zayed Stadium,Abu Dhabi,2,Mumbai Indians,Kolkata Knight Riders,149,2,101,16.5,Kolkata Knight Riders,bat,Mumbai Indians
1216527,2020/21,2020-09-27,Sharjah Cricket Stadium,,1,Kings XI Punjab,Rajasthan Royals,223,2,120,20.0,Rajasthan Royals,field,Rajasthan Royals
1216527,2020/21,2020-09-27,Sharjah Cricket Stadium,,2,Rajasthan Royals,Kings XI Punjab,226,6,117,19.3,Rajasthan Royals,field,Rajasthan Royals
1216528,2020/21,2020-10-13,Dubai International Cricket Stadium,,1,Chennai Super Kings,Sunrisers Hyderabad,167,6,120,20.0,Chennai Super Kings,bat,Chennai Super Kings
1216528,2020/21,2020-10-13,Dubai International Cricket Stadium,,2,Sunrisers Hyderabad,Chennai Super Kings,147,8,120,20.0,Chennai Super Kings,bat,Chennai Super Kings
1216529,2020/21,2020-10-11,Sheikh Zayed Stadium,Abu Dhabi,1,Delhi Capitals,Mumbai Indians,162,4,120,20.0,Delhi Capitals,bat,Mumbai Indians
1216529,2020/21,2020-10-11,Sheikh Zayed Stadium,Abu Dhabi,2,Mumbai Indians,Delhi Capitals,166,5,118,19.4,Delhi Capitals,bat,Mumbai Indians
1216530,2020/21,2020-11-01,Dubai International Cricket Stadium,,1,Kolkata Knight Riders,Rajasthan Royals,191,7,120,20.0,Rajasthan Royals,field,Kolkata Knight Riders
1216530,2020/21,2020-11-01,Dubai International Cricket Stadium,,2,Rajasthan Royals,Kolkata Knight Riders,131,9,120,20.0,Rajasthan Royals,field,Kolkata Knight Riders
1216531,2020/21,2020-10-15,Sharjah Cricket Stadium,,1,Royal Challengers Bangalore,Kings XI Punjab,171,6,120,20.0,Royal Challengers Bangalore,bat,Kings XI Punjab
1216531,2020/21,2020-10-15,Sharjah Cricket Stadium,,2,Kings XI Punjab,Royal Challengers Bangalore,177,2,120,20.0,Royal Challengers Bangalore,bat,Kings XI Punjab
1216532,2020/21,2020-09-29,Sheikh Zayed Stadium,Abu Dhabi,1,Sunrisers Hyderabad,Delhi Capitals,162,4,120,20.0,Delhi Capitals,field,Sunrisers Hyderabad
1216532,2020/21,2020-09-29,Sheikh Zayed Stadium,Abu Dhabi,2,Delhi Capitals,Sunrisers Hyderabad,147,7,120,20.0,Delhi Capitals,field,Sunrisers Hyderabad
1216533,2020/21,2020-10-19,Sheikh Zayed Stadium,Abu Dhabi,1,Chennai Super Kings,Rajasthan Royals,125,5,120,20.0,Chennai Super Kings,bat,Rajasthan Royals
1216533,2020/21,2020-10-19,Sheikh Zayed Stadium,Abu Dhabi,2,Rajasthan Royals,Chennai Super Kings,126,3,105,17.3,Chennai Super Kings,bat,Rajasthan Royals
1216534,2020/21,2020-09-21,Dubai International Cricket Stadium,,1,Royal Challengers Bangalore,Sunrisers Hyderabad,163,5,120,20.0,Sunrisers Hyderabad,field,Royal Challengers Bangalore
1216534,2020/21,2020-09-21,Dubai International Cricket Stadium,,2,Sunrisers Hyderabad,Royal Challengers Bangalore,153,10,118,19.4,Sunrisers Hyderabad,field,Royal Challengers Bangalore
1216535,2020/21,2020-10-31,Dubai International Cricket Stadium,,1,Delhi Capitals,Mumbai Indians,110,9,120,20.0,Mumbai Indians,field,Mumbai Indians
1216535,2020/21,2020-10-31,Dubai International Cricket Stadium,,2,Mumbai Indians,Delhi Capitals,111,1,86,14.2,Mumbai Indians,field,Mumbai Indians
1216536,2020/21,2020-10-29,Dubai International Cricket Stadium,,1,Kolkata Knight Riders,Chennai Super Kings,172,5,120,20.0,Chennai Super Kings,field,Chennai Super Kings
1216536,2020/21,2020-10-29,Dubai International Cricket Stadium,,2,Chennai Super Kings,Kolkata Knight Riders,178,4,120,20.0,Chennai Super Kings,field,Chennai Super Kings
1216537,2020/21,2020-10-30,Sheikh Zayed Stadium,Abu Dhabi,1,Kings XI Punjab,Rajasthan Royals,185,4,120,20.0,Rajasthan Royals,field,Rajasthan Royals
1216537,2020/21,2020-10-30,Sheikh Zayed Stadium,Abu Dhabi,2,Rajasthan Royals,Kings XI Punjab,186,3,105,17.3,Rajasthan Royals,field,Rajasthan Royals
1216538,2020/21,2020-10-04,Sharjah Cricket Stadium,,1,Mumbai Indians,Sunrisers Hyderabad,208,5,120,20.0,Mumbai Indians,bat,Mumbai Indians
1216538,2020/21,2020-10-04,Sharjah Cricket Stadium,,2,Sunrisers Hyderabad,Mumbai Indians,174,7,120,20.0,Mumbai Indians,bat,Mumbai Indians
1216539,2020/21,2020-09-25,Dubai International Cricket Stadium,,1,Delhi Capitals,Chennai Super Kings,175,3,120,20.0,Chennai Super Kings,field,Delhi Capitals
1216539,2020/21,2020-09-25,Dubai International Cricket Stadium,,2,Chennai Super Kings,Delhi Capitals,131,7,120,20.0,Chennai Super Kings,field,Delhi Capitals
1216540,2020/21,2020-10-12,Sharjah Cricket Stadium,,1,Royal Challengers Bangalore,Kolkata Knight Riders,194,2,120,20.0,Royal Challengers Bangalore,bat,Royal Challengers Bangalore
1216540,2020/21,2020-10-12,Sharjah Cricket Stadium,,2,Kolkata Knight Riders,Royal Challengers Bangalore,112,9,120,20.0,Royal Challengers Bangalore,bat,Royal Challengers Bangalore
1216541,2020/21,2020-10-25,Sheikh Zayed Stadium,Abu Dhabi,1,Mumbai Indians,Rajasthan Royals,195,5,120,20.0,Mumbai Indians,bat,Rajasthan Royals
1216541,2020/21,2020-10-25,Sheikh Zayed Stadium,Abu Dhabi,2,Rajasthan Royals,Mumbai Indians,196,2,110,18.2,Mumbai Indians,bat,Rajasthan Royals
1216542,2020/21,2020-10-08,Dubai International Cricket Stadium,,1,Sunrisers Hyderabad,Kings XI Punjab,201,6,120,20.0,Sunrisers Hyderabad,bat,Sunrisers Hyderabad
1216542,2020/21,2020-10-08,Dubai International Cricket Stadium,,2,Kings XI Punjab,Sunrisers Hyderabad,132,10,101,16.5,Sunrisers Hyderabad,bat,Sunrisers Hyderabad
1216543,2020/21,2020-10-14,Dubai International Cricket Stadium,,1,Delhi Capitals,Rajasthan Royals,161,7,120,20.0,Delhi Capitals,bat,Delhi Capitals
1216543,2020/21,2020-10-14,Dubai International Cricket Stadium,,2,Rajasthan Royals,Delhi Capitals,148,8,120,20.0,Delhi Capitals,bat,Delhi Capitals
1216544,2020/21,2020-10-25,Dubai International Cricket Stadium,,1,Royal Challengers Bangalore,Chennai Super Kings,145,6,120,20.0,Royal Challengers Bangalore,bat,Chennai Super Kings
1216544,2020/21,2020-10-25,Dubai International Cricket Stadium,,2,Chennai Super Kings,Royal Challengers Bangalore,150,2,112,18.4,Royal Challengers Bangalore,bat,Chennai Super Kings
1216545,2020/21,2020-09-26,Sheikh Zayed Stadium,Abu Dhabi,1,Sunrisers Hyderabad,Kolkata Knight Riders,142,4,120,20.0,Sunrisers Hyderabad,bat,Kolkata Knight Riders
1216545,2020/21,2020-09-26,Sheikh Zayed Stadium,Abu Dhabi,2,Kolkata Knight Riders,Sunrisers Hyderabad,145,3,108,18.0,Sunrisers Hyderabad,bat,Kolkata Knight Riders
1216546,2020/21,2020-10-20,Dubai International Cricket Stadium,,1,Delhi Capitals,Kings XI Punjab,164,5,120,20.0,Delhi Capitals,bat,Kings XI Punjab
1216546,2020/21,2020-10-20,Dubai International Cricket Stadium,,2,Kings XI Punjab,Delhi Capitals,167,5,114,19.0,Delhi Capitals,bat,Kings XI Punjab
1216547,2020/21,2020-09-28,Dubai International Cricket Stadium,,1,Royal Challengers Bangalore,Mumbai Indians,201,3,120,20.0,Mumbai Indians,field,
1216547,2020/21,2020-09-28,Dubai International Cricket Stadium,,2,Mumbai Indians,Royal Challengers Bangalore,201,5,120,20.0,Mumbai Indians,field,
1216547,2020/21,2020-09-28,Dubai International Cricket Stadium,,3,Mumbai Indians,Royal Challengers Bangalore,7,1,6,1.0,Mumbai Indians,field,
1216547,2020/21,2020-09-28,Dubai International Cricket Stadium,,4,Royal Challengers Bangalore,Mumbai Indians,11,0,6,1.0,Mumbai Indians,field,
1237177,2020/21,2020-11-05,Dubai International Cricket Stadium,,1,Mumbai Indians,Delhi Capitals,200,5,120,20.0,Delhi Capitals,field,Mumbai Indians
1237177,2020/21,2020-11-05,Dubai International Cricket Stadium,,2,Delhi Capitals,Mumbai Indians,143,8,120,20.0,Delhi Capitals,field,Mumbai Indians
1237178,2020/21,2020-11-06,Sheikh Zayed Stadium,Abu Dhabi,1,Royal Challengers Bangalore,Sunrisers Hyderabad,131,7,120,20.0,Sunrisers Hyderabad,field,Sunrisers Hyderabad
1237178,2020/21,2020-11-06,Sheikh Zayed Stadium,Abu Dhabi,2,Sunrisers Hyderabad,Royal Challengers Bangalore,132,4,118,19.4,Sunrisers Hyderabad,field,Sunrisers Hyderabad
1237180,2020/21,2020-11-08,Sheikh Zayed Stadium,Abu Dhabi,1,Delhi Capitals,Sunrisers Hyderabad,189,3,120,20.0,Delhi Capitals,bat,Delhi Capitals
1237180,2020/21,2020-11-08,Sheikh Zayed Stadium,Abu Dhabi,2,Sunrisers Hyderabad,Delhi Capitals,172,8,120,20.0,Delhi Capitals,bat,Delhi Capitals
1237181,2020/21,2020-11-10,Dubai International Cricket Stadium,,1,Delhi Capitals,Mumbai Indians,156,7,120,20.0,Delhi Capitals,bat,Mumbai Indians
1237181,2020/21,2020-11-10,Dubai International Cricket Stadium,,2,Mumbai Indians,Delhi Capitals,157,5,112,18.4,Delhi Capitals,bat,Mumbai Indians
1254058,2021,2021-04-09,"MA Chidambaram Stadium, Chepauk, Chennai",Chennai,1,Mumbai Indians,Royal Challengers Bangalore,159,9,120,20.0,Royal Challengers Bangalore,field,Royal Challengers Bangalore
1254058,2021,2021-04-09,"MA Chidambaram Stadium, Chepauk, Chennai",Chennai,2,Royal Challengers Bangalore,Mumbai Indians,160,8,120,20.0,Royal Challengers Bangalore,field,Royal Challengers Bangalore
1254059,2021,2021-04-10,"Wankhede Stadium, Mumbai",Mumbai,1,Chennai Super Kings,Delhi Capitals,188,7,120,20.0,Delhi Capitals,field,Delhi Capitals
1254059,2021,2021-04-10,"Wankhede Stadium, Mumbai",Mumbai,2,Delhi Capitals,Chennai Super Kings,190,3,112,18.4,Delhi Capitals,field,Delhi Capitals
1254060,2021,2021-04-11,"MA Chidambaram Stadium, Chepauk, Chennai",Chennai,1,Kolkata Knight Riders,Sunrisers Hyderabad,187,6,120,20.0,Sunrisers Hyderabad,field,Kolkata Knight Riders
1254060,2021,2021-04-11,"MA Chidambaram Stadium, Chepauk, Chennai",Chennai,2,Sunrisers Hyderabad,Kolkata Knight Riders,177,5,120,20.0,Sunrisers Hyderabad,field,Kolkata Knight Riders
1254061,2021,2021-04-12,"Wankhede Stadium, Mumbai",Mumbai,1,Punjab Kings,Rajasthan Royals,221,6,120,20.0,Rajasthan Royals,field,Punjab Kings
1254061,2021,2021-04-12,"Wankhede Stadium, Mumbai",Mumbai,2,Rajasthan Royals,Punjab Kings,217,7,120,20.0,Rajasthan Royals,field,Punjab Kings
1254062,2021,2021-04-13,"MA Chidambaram Stadium, Chepauk, Chennai",Chennai,1,Mumbai Indians,Kolkata Knight Riders,152,10,120,20.0,Kolkata Knight Riders,field,Mumbai Indians
1254062,2021,2021-04-13,"MA Chidambaram Stadium, Chepauk, Chennai",Chennai,2,Kolkata Knight Riders,Mumbai Indians,142,7,120,20.0,Kolkata Knight Riders,field,Mumbai Indians
1254063,2021,2021-04-14,"MA Chidambaram Stadium, Chepauk, Chennai",Chennai,1,Royal Challengers Bangalore,Sunrisers Hyderabad,149,8,120,20.0,Sunrisers Hyderabad,field,Royal Challengers Bangalore
1254063,2021,2021-04-14,"MA Chidambaram Stadium, Chepauk, Chennai",Chennai,2,Sunrisers Hyderabad,Royal Challengers Bangalore,143,9,120,20.0,Sunrisers Hyderabad,field,Royal Challengers Bangalore
1254064,2021,2021-04-15,"Wankhede Stadium, Mumbai",Mumbai,1,Delhi Capitals,Rajasthan Royals,147,8,120,20.0,Rajasthan Royals,field,Rajasthan Royals
1254064,2021,2021-04-15,"Wankhede Stadium, Mumbai",Mumbai,2,Rajasthan Royals,Delhi Capitals,150,7,118,19.4,Rajasthan Royals,field,Rajasthan Royals
1254065,2021,2021-04-16,"Wankhede Stadium, Mumbai",Mumbai,1,Punjab Kings,Chennai Super Kings,106,8,120,20.0,Chennai Super Kings,field,Chennai Super Kings
1254065,2021,2021-04-16,"Wankhede Stadium, Mumbai",Mumbai,2,Chennai Super Kings,Punjab Kings,107,4,94,15.4,Chennai Super Kings,field,Chennai Super Kings
1254066,2021,2021-04-17,"MA Chidambaram Stadium, Chepauk, Chennai",Chennai,1,Mumbai Indians,Sunrisers Hyderabad,150,5,120,20.0,Mumbai Indians,bat,Mumbai Indians
1254066,2021,2021-04-17,"MA Chidambaram Stadium, Chepauk, Chennai",Chennai,2,Sunrisers Hyderabad,Mumbai Indians,137,10,118,19.4,Mumbai Indians,bat,Mumbai Indians
1254067,2021,2021-04-18,"MA Chidambaram Stadium, Chepauk, Chennai",Chennai,1,Royal Challengers Bangalore,Kolkata Knight Riders,204,4,120,20.0,Royal Challengers Bangalore,bat,Royal Challengers Bangalore
1254067,2021,2021-04-18,"MA Chidambaram Stadium, Chepauk, Chennai",Chennai,2,Kolkata Knight Riders,Royal Challengers Bangalore,166,8,120,20.0,Royal Challengers Bangalore,bat,Royal Challengers Bangalore
1254068,2021,2021-04-18,"Wankhede Stadium, Mumbai",Mumbai,1,Punjab Kings,Delhi Capitals,195,4,120,20.0,Delhi Capitals,field,Delhi Capitals
1254068,2021,2021-04-18,"Wankhede Stadium, Mumbai",Mumbai,2,Delhi Capitals,Punjab Kings,198,4,110,18.2,Delhi Capitals,field,Delhi Capitals
1254069,2021,2021-04-19,"Wankhede Stadium, Mumbai",Mumbai,1,Chennai Super Kings,Rajasthan Royals,188,9,120,20.0,Rajasthan Royals,field,Chennai Super Kings
1254069,2021,2021-04-19,"Wankhede Stadium, Mumbai",Mumbai,2,Rajasthan Royals,Chennai Super Kings,143,9,120,20.0,Rajasthan Royals,field,Chennai Super Kings
1254070,2021,2021-04-20,"MA Chidambaram Stadium, Chepauk, Chennai",Chennai,1,Mumbai Indians,Delhi Capitals,137,9,120,20.0,Mumbai Indians,bat,Delhi Capitals
1254070,2021,2021-04-20,"MA Chidambaram Stadium, Chepauk, Chennai",Chennai,2,Delhi Capitals,Mumbai Indians,138,4,115,19.1,Mumbai Indians,bat,Delhi Capitals
1254071,2021,2021-04-21,"MA Chidambaram Stadium, Chepauk, Chennai",Chennai,1,Punjab Kings,Sunrisers Hyderabad,120,10,118,19.4,Punjab Kings,bat,Sunrisers Hyderabad
1254071,2021,2021-04-21,"MA Chidambaram Stadium, Chepauk, Chennai",Chennai,2,Sunrisers Hyderabad,Punjab Kings,121,1,112,18.4,Punjab Kings,bat,Sunrisers Hyderabad
1254072,2021,2021-04-21,"Wankhede Stadium, Mumbai",Mumbai,1,Chennai Super Kings,Kolkata Knight Riders,220,3,120,20.0,Kolkata Knight Riders,field,Chennai Super Kings
1254072,2021,2021-04-21,"Wankhede Stadium, Mumbai",Mumbai,2,Kolkata Knight Riders,Chennai Super Kings,202,10,115,19.1,Kolkata Knight Riders,field,Chennai Super Kings
1254073,2021,2021-04-22,"Wankhede Stadium, Mumbai",Mumbai,1,Rajasthan Royals,Royal Challengers Bangalore,177,9,120,20.0,Royal Challengers Bangalore,field,Royal Challengers Bangalore
1254073,2021,2021-04-22,"Wankhede Stadium, Mumbai",Mumbai,2,Royal Challengers Bangalore,Rajasthan Royals,181,0,99,16.3,Royal Challengers Bangalore,field,Royal Challengers Bangalore
1254074,2021,2021-04-23,"MA Chidambaram Stadium, Chepauk, Chennai",Chennai,1,Mumbai Indians,Punjab Kings,131,6,120,20.0,Punjab Kings,field,Punjab Kings
1254074,2021,2021-04-23,"MA Chidambaram Stadium, Chepauk, Chennai",Chennai,2,Punjab Kings,Mumbai Indians,132,1,106,17.4,Punjab Kings,field,Punjab Kings
1254075,2021,2021-04-24,"Wankhede Stadium, Mumbai",Mumbai,1,Kolkata Knight Riders,Rajasthan Royals,133,9,120,20.0,Rajasthan Royals,field,Rajasthan Royals
1254075,2021,2021-04-24,"Wankhede Stadium, Mumbai",Mumbai,2,Rajasthan Royals,Kolkata Knight Riders,134,4,113,18.5,Rajasthan Royals,field,Rajasthan Royals
1254076,2021,2021-04-25,"Wankhede Stadium, Mumbai",Mumbai,1,Chennai Super Kings,Royal Challengers Bangalore,191,4,120,20.0,Chennai Super Kings,bat,Chennai Super Kings
1254076,2021,2021-04-25,"Wankhede Stadium, Mumbai",Mumbai,2,Royal Challengers Bangalore,Chennai Super Kings,122,9,120,20.0,Chennai Super Kings,bat,Chennai Super Kings
1254077,2021,2021-04-25,"MA Chidambaram Stadium, Chepauk, Chennai",Chennai,1,Delhi Capitals,Sunrisers Hyderabad,159,4,120,20.0,Delhi Capitals,bat,
1254077,2021,2021-04-25,"MA Chidambaram Stadium, Chepauk, Chennai",Chennai,2,Sunrisers Hyderabad,Delhi Capitals,159,7,120,20.0,Delhi Capitals,bat,
1254077,2021,2021-04-25,"MA Chidambaram Stadium, Chepauk, Chennai",Chennai,3,Sunrisers Hyderabad,Delhi Capitals,7,0,6,1.0,Delhi Capitals,bat,
1254077,2021,2021-04-25,"MA Chidambaram Stadium, Chepauk, Chennai",Chennai,4,Delhi Capitals,Sunrisers Hyderabad,8,0,6,1.0,Delhi Capitals,bat,
1254078,2021,2021-04-26,"Narendra Modi Stadium, Ahmedabad",Ahmedabad,1,Punjab Kings,Kolkata Knight Riders,123,9,120,20.0,Kolkata Knight Riders,field,Kolkata Knight Riders
1254078,2021,2021-04-26,"Narendra Modi Stadium, Ahmedabad",Ahmedabad,2,Kolkata Knight Riders,Punjab Kings,126,5,100,16.4,Kolkata Knight Riders,field,Kolkata Knight Riders
1254079,2021,2021-04-27,"Narendra Modi Stadium, Ahmedabad",Ahmedabad,1,Royal Challengers Bangalore,Delhi Capitals,171,5,120,20.0,Delhi Capitals,field,Royal Challengers Bangalore
1254079,2021,2021-04-27,"Narendra Modi Stadium, Ahmedabad",Ahmedabad,2,Delhi Capitals,Royal Challengers Bangalore,170,4,120,20.0,Delhi Capitals,field,Royal Challengers Bangalore
1254080,2021,2021-04-28,"Arun Jaitley Stadium, Delhi",Delhi,1,Sunrisers Hyderabad,Chennai Super Kings,171,3,120,20.0,Sunrisers Hyderabad,bat,Chennai Super Kings
1254080,2021,2021-04-28,"Arun Jaitley Stadium, Delhi",Delhi,2,Chennai Super Kings,Sunrisers Hyderabad,173,3,111,18.3,Sunrisers Hyderabad,bat,Chennai Super Kings
1254081,2021,2021-04-29,"Arun Jaitley Stadium, Delhi",Delhi,1,Rajasthan Royals,Mumbai Indians,171,4,120,20.0,Mumbai Indians,field,Mumbai Indians
1254081,2021,2021-04-29,"Arun Jaitley Stadium, Delhi",Delhi,2,Mumbai Indians,Rajasthan Royals,172,3,111,18.3,Mumbai Indians,field,Mumbai Indians
1254082,2021,2021-04-29,"Narendra Modi Stadium, Ahmedabad",Ahmedabad,1,Kolkata Knight Riders,Delhi Capitals,154,6,120,20.0,Delhi Capitals,field,Delhi Capitals
1254082,2021,2021-04-29,"Narendra Modi Stadium, Ahmedabad",Ahmedabad,2,Delhi Capitals,Kolkata Knight Riders,156,3,99,16.3,Delhi Capitals,field,Delhi Capitals
1254083,2021,2021-04-30,"Narendra Modi Stadium, Ahmedabad",Ahmedabad,1,Punjab Kings,Royal Challengers Bangalore,179,5,120,20.0,Royal Challengers Bangalore,field,Punjab Kings
1254083,2021,2021-04-30,"Narendra Modi Stadium, Ahmedabad",Ahmedabad,2,Royal Challengers Bangalore,Punjab Kings,145,8,120,20.0,Royal Challengers Bangalore,field,Punjab Kings
1254084,2021,2021-05-01,"Arun Jaitley Stadium, Delhi",Delhi,1,Chennai Super Kings,Mumbai Indians,218,4,120,20.0,Mumbai Indians,field,Mumbai Indians
1254084,2021,2021-05-01,"Arun Jaitley Stadium, Delhi",Delhi,2,Mumbai Indians,Chennai Super Kings,219,6,120,20.0,Mumbai Indians,field,Mumbai Indians
1254085,2021,2021-05-02,"Arun Jaitley Stadium, Delhi",Delhi,1,Rajasthan Royals,Sunrisers Hyderabad,220,3,120,20.0,Sunrisers Hyderabad,field,Rajasthan Royals
1254085,2021,2021-05-02,"Arun Jaitley Stadium, Delhi",Delhi,2,Sunrisers Hyderabad,Rajasthan Royals,165,8,120,20.0,Sunrisers Hyderabad,field,Rajasthan Royals
1254086,2021,2021-05-02,"Narendra Modi Stadium, Ahmedabad",Ahmedabad,1,Punjab Kings,Delhi Capitals,166,6,120,20.0,Delhi Capitals,field,Delhi Capitals
1254086,2021,2021-05-02,"Narendra Modi Stadium, Ahmedabad",Ahmedabad,2,Delhi Capitals,Punjab Kings,167,3,106,17.4,Delhi Capitals,field,Delhi Capitals
1254087,2021,2021-09-20,"Zayed Cricket Stadium, Abu Dhabi",Abu Dhabi,1,Royal Challengers Bangalore,Kolkata Knight Riders,92,10,114,19.0,Royal Challengers Bangalore,bat,Kolkata Knight Riders
1254087,2021,2021-09-20,"Zayed Cricket Stadium, Abu Dhabi",Abu Dhabi,2,Kolkata Knight Riders,Royal Challengers Bangalore,94,1,60,10.0,Royal Challengers Bangalore,bat,Kolkata Knight Riders
1254088,2021,2021-10-08,"Zayed Cricket Stadium, Abu Dhabi",Abu Dhabi,1,Mumbai Indians,Sunrisers Hyderabad,235,9,120,20.0,Mumbai Indians,bat,Mumbai Indians
1254088,2021,2021-10-08,"Zayed Cricket Stadium, Abu Dhabi",Abu Dhabi,2,Sunrisers Hyderabad,Mumbai Indians,193,8,120,20.0,Mumbai Indians,bat,Mumbai Indians
1254089,2021,2021-10-02,"Zayed Cricket Stadium, Abu Dhabi",Abu Dhabi,1,Chennai Super Kings,Rajasthan Royals,189,4,120,20.0,Rajasthan Royals,field,Rajasthan Royals
1254089,2021,2021-10-02,"Zayed Cricket Stadium, Abu Dhabi",Abu Dhabi,2,Rajasthan Royals,Chennai Super Kings,190,3,105,17.3,Rajasthan Royals,field,Rajasthan Royals
1254090,2021,2021-10-03,Sharjah Cricket Stadium,Sharjah,1,Royal Challengers Bangalore,Punjab Kings,164,7,120,20.0,Royal Challengers Bangalore,bat,Royal Challengers Bangalore
1254090,2021,2021-10-03,Sharjah Cricket Stadium,Sharjah,2,Punjab Kings,Royal Challengers Bangalore,158,6,120,20.0,Royal Challengers Bangalore,bat,Royal Challengers Bangalore
1254091,2021,2021-09-30,Sharjah Cricket Stadium,Sharjah,1,Sunrisers Hyderabad,Chennai Super Kings,134,7,120,20.0,Chennai Super Kings,field,Chennai Super Kings
1254091,2021,2021-09-30,Sharjah Cricket Stadium,Sharjah,2,Chennai Super Kings,Sunrisers Hyderabad,139,4,118,19.4,Chennai Super Kings,field,Chennai Super Kings
1254092,2021,2021-09-28,Sharjah Cricket Stadium,Sharjah,1,Delhi Capitals,Kolkata Knight Riders,127,9,120,20.0,Kolkata Knight Riders,field,Kolkata Knight Riders
1254092,2021,2021-09-28,Sharjah Cricket Stadium,Sharjah,2,Kolkata Knight Riders,Delhi Capitals,130,7,110,18.2,Kolkata Knight Riders,field,Kolkata Knight Riders
1254093,2021,2021-10-05,Sharjah Cricket Stadium,Sharjah,1,Rajasthan Royals,Mumbai Indians,90,9,120,20.0,Mumbai Indians,field,Mumbai Indians
1254093,2021,2021-10-05,Sharjah Cricket Stadium,Sharjah,2,Mumbai Indians,Rajasthan Royals,94,2,50,8.2,Mumbai Indians,field,Mumbai Indians
1254094,2021,2021-10-07,Dubai International Cricket Stadium,Dubai,1,Chennai Super Kings,Punjab Kings,134,6,120,20.0,Punjab Kings,field,Punjab Kings
1254094,2021,2021-10-07,Dubai International Cricket Stadium,Dubai,2,Punjab Kings,Chennai Super Kings,139,4,78,13.0,Punjab Kings,field,Punjab Kings
1254095,2021,2021-10-06,"Zayed Cricket Stadium, Abu Dhabi",Abu Dhabi,1,Sunrisers Hyderabad,Royal Challengers Bangalore,141,7,120,20.0,Royal Challengers Bangalore,field,Sunrisers Hyderabad
1254095,2021,2021-10-06,"Zayed Cricket Stadium, Abu Dhabi",Abu Dhabi,2,Royal Challengers Bangalore,Sunrisers Hyderabad,137,6,120,20.0,Royal Challengers Bangalore,field,Sunrisers Hyderabad
1254096,2021,2021-09-23,"Zayed Cricket Stadium, Abu Dhabi",Abu Dhabi,1,Mumbai Indians,Kolkata Knight Riders,155,6,120,20.0,Kolkata Knight Riders,field,Kolkata Knight Riders
1254096,2021,2021-09-23,"Zayed Cricket Stadium, Abu Dhabi",Abu Dhabi,2,Kolkata Knight Riders,Mumbai Indians,159,3,91,15.1,Kolkata Knight Riders,field,Kolkata Knight Riders
1254097,2021,2021-09-25,"Zayed Cricket Stadium, Abu Dhabi",Abu Dhabi,1,Delhi Capitals,Rajasthan Royals,154,6,120,20.0,Rajasthan Royals,field,Delhi Capitals
1254097,2021,2021-09-25,"Zayed Cricket Stadium, Abu Dhabi",Abu Dhabi,2,Rajasthan Royals,Delhi Capitals,121,6,120,20.0,Rajasthan Royals,field,Delhi Capitals
1254098,2021,2021-09-26,"Zayed Cricket Stadium, Abu Dhabi",Abu Dhabi,1,Kolkata Knight Riders,Chennai Super Kings,171,6,120,20.0,Kolkata Knight Riders,bat,Chennai Super Kings
1254098,2021,2021-09-26,"Zayed Cricket Stadium, Abu Dhabi",Abu Dhabi,2,Chennai Super Kings,Kolkata Knight Riders,172,8,120,20.0,Kolkata Knight Riders,bat,Chennai Super Kings
1254099,2021,2021-09-28,"Zayed Cricket Stadium, Abu Dhabi",Abu Dhabi,1,Punjab Kings,Mumbai Indians,135,6,120,20.0,Mumbai Indians,field,Mumbai Indians
1254099,2021,2021-09-28,"Zayed Cricket Stadium, Abu Dhabi",Abu Dhabi,2,Mumbai Indians,Punjab Kings,137,4,114,19.0,Mumbai Indians,field,Mumbai Indians
1254100,2021,2021-09-27,Dubai International Cricket Stadium,Dubai,1,Rajasthan Royals,Sunrisers Hyderabad,164,5,120,20.0,Rajasthan Royals,bat,Sunrisers Hyderabad
1254100,2021,2021-09-27,Dubai International Cricket Stadium,Dubai,2,Sunrisers Hyderabad,Rajasthan Royals,167,3,111,18.3,Rajasthan Royals,bat,Sunrisers Hyderabad
1254101,2021,2021-10-08,Dubai International Cricket Stadium,Dubai,1,Delhi Capitals,Royal Challengers Bangalore,164,5,120,20.0,Royal Challengers Bangalore,field,Royal Challengers Bangalore
1254101,2021,2021-10-08,Dubai International Cricket Stadium,Dubai,2,Royal Challengers Bangalore,Delhi Capitals,166,3,120,20.0,Royal Challengers Bangalore,field,Royal Challengers Bangalore
1254102,2021,2021-10-01,Dubai International Cricket Stadium,Dubai,1,Kolkata Knight Riders,Punjab Kings,165,7,120,20.0,Punjab Kings,field,Punjab Kings
1254102,2021,2021-10-01,Dubai International Cricket Stadium,Dubai,2,Punjab Kings,Kolkata Knight Riders,168,5,117,19.3,Punjab Kings,field,Punjab Kings
1254103,2021,2021-09-29,Dubai International Cricket Stadium,Dubai,1,Rajasthan Royals,Royal Challengers Bangalore,149,9,120,20.0,Royal Challengers Bangalore,field,Royal Challengers Bangalore
1254103,2021,2021-09-29,Dubai International Cricket Stadium,Dubai,2,Royal Challengers Bangalore,Rajasthan Royals,153,3,103,17.1,Royal Challengers Bangalore,field,Royal Challengers Bangalore
1254104,2021,2021-09-19,Dubai International Cricket Stadium,Dubai,1,Chennai Super Kings,Mumbai Indians,156,6,120,20.0,Chennai Super Kings,bat,Chennai Super Kings
1254104,2021,2021-09-19,Dubai International Cricket Stadium,Dubai,2,Mumbai Indians,Chennai Super Kings,136,8,120,20.0,Chennai Super Kings,bat,Chennai Super Kings
1254105,2021,2021-09-22,Dubai International Cricket Stadium,Dubai,1,Sunrisers Hyderabad,Delhi Capitals,134,9,120,20.0,Sunrisers Hyderabad,bat,Delhi Capitals
1254105,2021,2021-09-22,Dubai International Cricket Stadium,Dubai,2,Delhi Capitals,Sunrisers Hyderabad,139,2,107,17.5,Sunrisers Hyderabad,bat,Delhi Capitals
1254106,2021,2021-10-07,Sharjah Cricket Stadium,Sharjah,1,Kolkata Knight Riders,Rajasthan Royals,171,4,120,20.0,Rajasthan Royals,field,Kolkata Knight Riders
1254106,2021,2021-10-07,Sharjah Cricket Stadium,Sharjah,2,Rajasthan Royals,Kolkata Knight Riders,85,10,97,16.1,Rajasthan Royals,field,Kolkata Knight Riders
1254107,2021,2021-09-25,Sharjah Cricket Stadium,Sharjah,1,Punjab Kings,Sunrisers Hyderabad,125,7,120,20.0,Sunrisers Hyderabad,field,Punjab Kings
1254107,2021,2021-09-25,Sharjah Cricket Stadium,Sharjah,2,Sunrisers Hyderabad,Punjab Kings,120,7,120,20.0,Sunrisers Hyderabad,field,Punjab Kings
1254108,2021,2021-09-26,Dubai International Cricket Stadium,Dubai,1,Royal Challengers Bangalore,Mumbai Indians,165,6,120,20.0,Mumbai Indians,field,Royal Challengers Bangalore
1254108,2021,2021-09-26,Dubai International Cricket Stadium,Dubai,2,Mumbai Indians,Royal Challengers Bangalore,111,10,109,18.1,Mumbai Indians,field,Royal Challengers Bangalore
1254109,2021,2021-10-03,Dubai International Cricket Stadium,Dubai,1,Sunrisers Hyderabad,Kolkata Knight Riders,115,8,120,20.0,Sunrisers Hyderabad,bat,Kolkata Knight Riders
1254109,2021,2021-10-03,Dubai International Cricket Stadium,Dubai,2,Kolkata Knight Riders,Sunrisers Hyderabad,119,4,118,19.4,Sunrisers Hyderabad,bat,Kolkata Knight Riders
1254110,2021,2021-10-04,Dubai International Cricket Stadium,Dubai,1,Chennai Super Kings,Delhi Capitals,136,5,120,20.0,Delhi Capitals,field,Delhi Capitals
1254110,2021,2021-10-04,Dubai International Cricket Stadium,Dubai,2,Delhi Capitals,Chennai Super Kings,139,7,118,19.4,Delhi Capitals,field,Delhi Capitals
1254111,2021,2021-09-21,Dubai International Cricket Stadium,Dubai,1,Rajasthan Royals,Punjab Kings,185,10,120,20.0,Punjab Kings,field,Rajasthan Royals
1254111,2021,2021-09-21,Dubai International Cricket Stadium,Dubai,2,Punjab Kings,Rajasthan Royals,183,4,120,20.0,Punjab Kings,field,Rajasthan Royals
1254112,2021,2021-10-02,Sharjah Cricket Stadium,Sharjah,1,Mumbai Indians,Delhi Capitals,129,8,120,20.0,Delhi Capitals,field,Delhi Capitals
1254112,2021,2021-10-02,Sharjah Cricket Stadium,Sharjah,2,Delhi Capitals,Mumbai Indians,132,6,115,19.1,Delhi Capitals,field,Delhi Capitals
1254113,2021,2021-09-24,Sharjah Cricket Stadium,Sharjah,1,Royal Challengers Bangalore,Chennai Super Kings,156,6,120,20.0,Chennai Super Kings,field,Chennai Super Kings
1254113,2021,2021-09-24,Sharjah Cricket Stadium,Sharjah,2,Chennai Super Kings,Royal Challengers Bangalore,157,4,109,18.1,Chennai Super Kings,field,Chennai Super Kings
1254114,2021,2021-10-10,Dubai International Cricket Stadium,Dubai,1,Delhi Capitals,Chennai Super Kings,172,5,120,20.0,Chennai Super Kings,field,Chennai Super Kings
1254114,2021,2021-10-10,Dubai International Cricket Stadium,Dubai,2,Chennai Super Kings,Delhi Capitals,173,6,118,19.4,Chennai Super Kings,field,Chennai Super Kings
1254115,2021,2021-10-11,Sharjah Cricket Stadium,Sharjah,1,Royal Challengers Bangalore,Kolkata Knight Riders,138,7,120,20.0,Royal Challengers Bangalore,bat,Kolkata Knight Riders
1254115,2021,2021-10-11,Sharjah Cricket Stadium,Sharjah,2,Kolkata Knight Riders,Royal Challengers Bangalore,139,6,118,19.4,Royal Challengers Bangalore,bat,Kolkata Knight Riders
1254116,2021,2021-10-13,Sharjah Cricket Stadium,Sharjah,1,Delhi Capitals,Kolkata Knight Riders,135,5,120,20.0,Kolkata Knight Riders,field,Kolkata Knight Riders
1254116,2021,2021-10-13,Sharjah Cricket Stadium,Sharjah,2,Kolkata Knight Riders,Delhi Capitals,136,7,119,19.5,Kolkata Knight Riders,field,Kolkata Knight Riders
1254117,2021,2021-10-15,Dubai International Cricket Stadium,Dubai,1,Chennai Super Kings,Kolkata Knight Riders,192,3,120,20.0,Kolkata Knight Riders,field,Chennai Super Kings
1254117,2021,2021-10-15,Dubai International Cricket Stadium,Dubai,2,Kolkata Knight Riders,Chennai Super Kings,165,9,120,20.0,Kolkata Knight Riders,field,Chennai Super Kings
1304047,2022,2022-03-26,"Wankhede Stadium, Mumbai",Mumbai,1,Chennai Super Kings,Kolkata Knight Riders,131,5,120,20.0,Kolkata Knight Riders,field,Kolkata Knight Riders
1304047,2022,2022-03-26,"Wankhede Stadium, Mumbai",Mumbai,2,Kolkata Knight Riders,Chennai Super Kings,133,4,111,18.3,Kolkata Knight Riders,field,Kolkata Knight Riders
1304048,2022,2022-03-27,"Brabourne Stadium, Mumbai",Mumbai,1,Mumbai Indians,Delhi Capitals,177,5,120,20.0,Delhi Capitals,field,Delhi Capitals
1304048,2022,2022-03-27,"Brabourne Stadium, Mumbai",Mumbai,2,Delhi Capitals,Mumbai Indians,179,6,110,18.2,Delhi Capitals,field,Delhi Capitals
1304049,2022,2022-03-27,"Dr DY Patil Sports Academy, Mumbai",Mumbai,1,Royal Challengers Bangalore,Punjab Kings,205,2,120,20.0,Punjab Kings,field,Punjab Kings
1304049,2022,2022-03-27,"Dr DY Patil Sports Academy, Mumbai",Mumbai,2,Punjab Kings,Royal Challengers Bangalore,208,5,114,19.0,Punjab Kings,field,Punjab Kings
1304050,2022,2022-03-28,"Wankhede Stadium, Mumbai",Mumbai,1,Lucknow Super Giants,Gujarat Titans,158,6,120,20.0,Gujarat Titans,field,Gujarat Titans
1304050,2022,2022-03-28,"Wankhede Stadium, Mumbai",Mumbai,2,Gujarat Titans,Lucknow Super Giants,161,5,118,19.4,Gujarat Titans,field,Gujarat Titans
1304051,2022,2022-03-29,"Maharashtra Cricket Association Stadium, Pune",Pune,1,Rajasthan Royals,Sunrisers Hyderabad,210,6,120,20.0,Sunrisers Hyderabad,field,Rajasthan Royals
1304051,2022,2022-03-29,"Maharashtra Cricket Association Stadium, Pune",Pune,2,Sunrisers Hyderabad,Rajasthan Royals,149,7,120,20.0,Sunrisers Hyderabad,field,Rajasthan Royals
1304052,2022,2022-03-30,"Dr DY Patil Sports Academy, Mumbai",Mumbai,1,Kolkata Knight Riders,Royal Challengers Bangalore,128,10,113,18.5,Royal Challengers Bangalore,field,Royal Challengers Bangalore
1304052,2022,2022-03-30,"Dr DY Patil Sports Academy, Mumbai",Mumbai,2,Royal Challengers Bangalore,Kolkata Knight Riders,132,7,116,19.2,Royal Challengers Bangalore,field,Royal Challengers Bangalore
1304053,2022,2022-03-31,"Brabourne Stadium, Mumbai",Mumbai,1,Chennai Super Kings,Lucknow Super Giants,210,7,120,20.0,Lucknow Super Giants,field,Lucknow Super Giants
1304053,2022,2022-03-31,"Brabourne Stadium, Mumbai",Mumbai,2,Lucknow Super Giants,Chennai Super Kings,211,4,117,19.3,Lucknow Super Giants,field,Lucknow Super Giants
1304054,2022,2022-04-01,"Wankhede Stadium, Mumbai",Mumbai,1,Punjab Kings,Kolkata Knight Riders,137,10,110,18.2,Kolkata Knight Riders,field,Kolkata Knight Riders
1304054,2022,2022-04-01,"Wankhede Stadium, Mumbai",Mumbai,2,Kolkata Knight Riders,Punjab Kings,141,4,87,14.3,Kolkata Knight Riders,field,Kolkata Knight Riders
1304055,2022,2022-04-02,"Dr DY Patil Sports Academy, Mumbai",Mumbai,1,Rajasthan Royals,Mumbai Indians,193,8,120,20.0,Mumbai Indians,field,Rajasthan Royals
1304055,2022,2022-04-02,"Dr DY Patil Sports Academy, Mumbai",Mumbai,2,Mumbai Indians,Rajasthan Royals,170,8,120,20.0,Mumbai Indians,field,Rajasthan Royals
1304056,2022,2022-04-02,"Maharashtra Cricket Association Stadium, Pune",Pune,1,Gujarat Titans,Delhi Capitals,171,6,120,20.0,Delhi Capitals,field,Gujarat Titans
1304056,2022,2022-04-02,"Maharashtra Cricket Association Stadium, Pune",Pune,2,Delhi Capitals,Gujarat Titans,157,9,120,20.0,Delhi Capitals,field,Gujarat Titans
1304057,2022,2022-04-03,"Brabourne Stadium, Mumbai",Mumbai,1,Punjab Kings,Chennai Super Kings,180,8,120,20.0,Chennai Super Kings,field,Punjab Kings
1304057,2022,2022-04-03,"Brabourne Stadium, Mumbai",Mumbai,2,Chennai Super Kings,Punjab Kings,126,10,108,18.0,Chennai Super Kings,field,Punjab Kings
1304058,2022,2022-04-04,"Dr DY Patil Sports Academy, Mumbai",Mumbai,1,Lucknow Super Giants,Sunrisers Hyderabad,169,7,120,20.0,Sunrisers Hyderabad,field,Lucknow Super Giants
1304058,2022,2022-04-04,"Dr DY Patil Sports Academy, Mumbai",Mumbai,2,Sunrisers Hyderabad,Lucknow Super Giants,157,9,120,20.0,Sunrisers Hyderabad,field,Lucknow Super Giants
1304059,2022,2022-04-05,"Wankhede Stadium, Mumbai",Mumbai,1,Rajasthan Royals,Royal Challengers Bangalore,169,3,120,20.0,Royal Challengers Bangalore,field,Royal Challengers Bangalore
1304059,2022,2022-04-05,"Wankhede Stadium, Mumbai",Mumbai,2,Royal Challengers Bangalore,Rajasthan Royals,173,6,115,19.1,Royal Challengers Bangalore,field,Royal Challengers Bangalore
1304060,2022,2022-04-06,"Maharashtra Cricket Association Stadium, Pune",Pune,1,Mumbai Indians,Kolkata Knight Riders,161,4,120,20.0,Kolkata Knight Riders,field,Kolkata Knight Riders
1304060,2022,2022-04-06,"Maharashtra Cricket Association Stadium, Pune",Pune,2,Kolkata Knight Riders,Mumbai Indians,162,5,96,16.0,Kolkata Knight Riders,field,Kolkata Knight Riders
1304061,2022,2022-04-07,"Dr DY Patil Sports Academy, Mumbai",Mumbai,1,Delhi Capitals,Lucknow Super Giants,149,3,120,20.0,Lucknow Super Giants,field,Lucknow Super Giants
1304061,2022,2022-04-07,"Dr DY Patil Sports Academy, Mumbai",Mumbai,2,Lucknow Super Giants,Delhi Capitals,155,4,118,19.4,Lucknow Super Giants,field,Lucknow Super Giants
1304062,2022,2022-04-08,"Brabourne Stadium, Mumbai",Mumbai,1,Punjab Kings,Gujarat Titans,189,9,120,20.0,Gujarat Titans,field,Gujarat Titans
1304062,2022,2022-04-08,"Brabourne Stadium, Mumbai",Mumbai,2,Gujarat Titans,Punjab Kings,190,4,120,20.0,Gujarat Titans,field,Gujarat Titans
1304063,2022,2022-04-09,"Dr DY Patil Sports Academy, Mumbai",Mumbai,1,Chennai Super Kings,Sunrisers Hyderabad,154,7,120,20.0,Sunrisers Hyderabad,field,Sunrisers Hyderabad
1304063,2022,2022-04-09,"Dr DY Patil Sports Academy, Mumbai",Mumbai,2,Sunrisers Hyderabad,Chennai Super Kings,155,2,106,17.4,Sunrisers Hyderabad,field,Sunrisers Hyderabad
1304064,2022,2022-04-09,"Maharashtra Cricket Association Stadium, Pune",Pune,1,Mumbai Indians,Royal Challengers Bangalore,151,6,120,20.0,Royal Challengers Bangalore,field,Royal Challengers Bangalore
1304064,2022,2022-04-09,"Maharashtra Cricket Association Stadium, Pune",Pune,2,Royal Challengers Bangalore,Mumbai Indians,152,3,111,18.3,Royal Challengers Bangalore,field,Royal Challengers Bangalore
1304065,2022,2022-04-10,"Brabourne Stadium, Mumbai",Mumbai,1,Delhi Capitals,Kolkata Knight Riders,215,5,120,20.0,Kolkata Knight Riders,field,Delhi Capitals
1304065,2022,2022-04-10,"Brabourne Stadium, Mumbai",Mumbai,2,Kolkata Knight Riders,Delhi Capitals,171,10,118,19.4,Kolkata Knight Riders,field,Delhi Capitals
1304066,2022,2022-04-10,"Wankhede Stadium, Mumbai",Mumbai,1,Rajasthan Royals,Lucknow Super Giants,165,6,120,20.0,Lucknow Super Giants,field,Rajasthan Royals
1304066,2022,2022-04-10,"Wankhede Stadium, Mumbai",Mumbai,2,Lucknow Super Giants,Rajasthan Royals,162,8,120,20.0,Lucknow Super Giants,field,Rajasthan Royals
1304067,2022,2022-04-11,"Dr DY Patil Sports Academy, Mumbai",Mumbai,1,Gujarat Titans,Sunrisers Hyderabad,162,7,120,20.0,Sunrisers Hyderabad,field,Sunrisers Hyderabad
1304067,2022,2022-04-11,"Dr DY Patil Sports Academy, Mumbai",Mumbai,2,Sunrisers Hyderabad,Gujarat Titans,168,2,115,19.1,Sunrisers Hyderabad,field,Sunrisers Hyderabad
1304068,2022,2022-04-12,"Dr DY Patil Sports Academy, Mumbai",Mumbai,1,Chennai Super Kings,Royal Challengers Bangalore,216,4,120,20.0,Royal Challengers Bangalore,field,Chennai Super Kings
1304068,2022,2022-04-12,"Dr DY Patil Sports Academy, Mumbai",Mumbai,2,Royal Challengers Bangalore,Chennai Super Kings,193,9,120,20.0,Royal Challengers Bangalore,field,Chennai Super Kings
1304069,2022,2022-04-13,"Maharashtra Cricket Association Stadium, Pune",Pune,1,Punjab Kings,Mumbai Indians,198,5,120,20.0,Mumbai Indians,field,Punjab Kings
1304069,2022,2022-04-13,"Maharashtra Cricket Association Stadium, Pune",Pune,2,Mumbai Indians,Punjab Kings,186,9,120,20.0,Mumbai Indians,field,Punjab Kings
1304070,2022,2022-04-14,"Dr DY Patil Sports Academy, Mumbai",Mumbai,1,Gujarat Titans,Rajasthan Royals,192,4,120,20.0,Rajasthan Royals,field,Gujarat Titans
1304070,2022,2022-04-14,"Dr DY Patil Sports Academy, Mumbai",Mumbai,2,Rajasthan Royals,Gujarat Titans,155,9,120,20.0,Rajasthan Royals,field,Gujarat Titans
1304071,2022,2022-04-15,"Brabourne Stadium, Mumbai",Mumbai,1,Kolkata Knight Riders,Sunrisers Hyderabad,175,8,120,20.0,Sunrisers Hyderabad,field,Sunrisers Hyderabad
1304071,2022,2022-04-15,"Brabourne Stadium, Mumbai",Mumbai,2,Sunrisers Hyderabad,Kolkata Knight Riders,176,3,107,17.5,Sunrisers Hyderabad,field,Sunrisers Hyderabad
1304072,2022,2022-04-16,"Brabourne Stadium, Mumbai",Mumbai,1,Lucknow Super Giants,Mumbai Indians,199,4,120,20.0,Mumbai Indians,field,Lucknow Super Giants
1304072,2022,2022-04-16,"Brabourne Stadium, Mumbai",Mumbai,2,Mumbai Indians,Lucknow Super Giants,181,9,120,20.0,Mumbai Indians,field,Lucknow Super Giants
1304073,2022,2022-04-16,"Wankhede Stadium, Mumbai",Mumbai,1,Royal Challengers Bangalore,Delhi Capitals,189,5,120,20.0,Delhi Capitals,field,Royal Challengers Bangalore
1304073,2022,2022-04-16,"Wankhede Stadium, Mumbai",Mumbai,2,Delhi Capitals,Royal Challengers Bangalore,173,7,120,20.0,Delhi Capitals,field,Royal Challengers Bangalore
1304074,2022,2022-04-17,"Dr DY Patil Sports Academy, Mumbai",Mumbai,1,Punjab Kings,Sunrisers Hyderabad,151,10,120,20.0,Sunrisers Hyderabad,field,Sunrisers Hyderabad
1304074,2022,2022-04-17,"Dr DY Patil Sports Academy, Mumbai",Mumbai,2,Sunrisers Hyderabad,Punjab Kings,152,3,113,18.5,Sunrisers Hyderabad,field,Sunrisers Hyderabad
1304075,2022,2022-04-17,"Maharashtra Cricket Association Stadium, Pune",Pune,1,Chennai Super Kings,Gujarat Titans,169,5,120,20.0,Gujarat Titans,field,Gujarat Titans
1304075,2022,2022-04-17,"Maharashtra Cricket Association Stadium, Pune",Pune,2,Gujarat Titans,Chennai Super Kings,170,7,119,19.5,Gujarat Titans,field,Gujarat Titans
1304076,2022,2022-04-18,"Brabourne Stadium, Mumbai",Mumbai,1,Rajasthan Royals,Kolkata Knight Riders,217,5,120,20.0,Kolkata Knight Riders,field,Rajasthan Royals
1304076,2022,2022-04-18,"Brabourne Stadium, Mumbai",Mumbai,2,Kolkata Knight Riders,Rajasthan Royals,210,10,118,19.4,Kolkata Knight Riders,field,Rajasthan Royals
1304077,2022,2022-04-19,"Dr DY Patil Sports Academy, Mumbai",Mumbai,1,Royal Challengers Bangalore,Lucknow Super Giants,181,6,120,20.0,Lucknow Super Giants,field,Royal Challengers Bangalore
1304077,2022,2022-04-19,"Dr DY Patil Sports Academy, Mumbai",Mumbai,2,Lucknow Super Giants,Royal Challengers Bangalore,163,8,120,20.0,Lucknow Super Giants,field,Royal Challengers Bangalore
1304078,2022,2022-04-20,"Brabourne Stadium, Mumbai",Mumbai,1,Punjab Kings,Delhi Capitals,115,10,120,20.0,Delhi Capitals,field,Delhi Capitals
1304078,2022,2022-04-20,"Brabourne Stadium, Mumbai",Mumbai,2,Delhi Capitals,Punjab Kings,119,1,63,10.3,Delhi Capitals,field,Delhi Capitals
1304079,2022,2022-04-21,"Dr DY Patil Sports Academy, Mumbai",Navi Mumbai,1,Mumbai Indians,Chennai Super Kings,155,7,120,20.0,Chennai Super Kings,field,Chennai Super Kings
1304079,2022,2022-04-21,"Dr DY Patil Sports Academy, Mumbai",Navi Mumbai,2,Chennai Super Kings,Mumbai Indians,156,7,120,20.0,Chennai Super Kings,field,Chennai Super Kings
1304080,2022,2022-04-22,"Wankhede Stadium, Mumbai",Mumbai,1,Rajasthan Royals,Delhi Capitals,222,2,120,20.0,Delhi Capitals,field,Rajasthan Royals
1304080,2022,2022-04-22,"Wankhede Stadium, Mumbai",Mumbai,2,Delhi Capitals,Rajasthan Royals,207,8,120,20.0,Delhi Capitals,field,Rajasthan Royals
1304081,2022,2022-04-23,"Dr DY Patil Sports Academy, Mumbai",Navi Mumbai,1,Gujarat Titans,Kolkata Knight Riders,156,9,120,20.0,Gujarat Titans,bat,Gujarat Titans
1304081,2022,2022-04-23,"Dr DY Patil Sports Academy, Mumbai",Navi Mumbai,2,Kolkata Knight Riders,Gujarat Titans,148,8,120,20.0,Gujarat Titans,bat,Gujarat Titans
1304082,2022,2022-04-23,"Brabourne Stadium, Mumbai",Mumbai,1,Royal Challengers Bangalore,Sunrisers Hyderabad,68,10,97,16.1,Sunrisers Hyderabad,field,Sunrisers Hyderabad
1304082,2022,2022-04-23,"Brabourne Stadium, Mumbai",Mumbai,2,Sunrisers Hyderabad,Royal Challengers Bangalore,72,1,48,8.0,Sunrisers Hyderabad,field,Sunrisers Hyderabad
1304083,2022,2022-04-24,"Wankhede Stadium, Mumbai",Mumbai,1,Lucknow Super Giants,Mumbai Indians,168,6,120,20.0,Mumbai Indians,field,Lucknow Super Giants
1304083,2022,2022-04-24,"Wankhede Stadium, Mumbai",Mumbai,2,Mumbai Indians,Lucknow Super Giants,132,8,120,20.0,Mumbai Indians,field,Lucknow Super Giants
1304084,2022,2022-04-25,"Wankhede Stadium, Mumbai",Mumbai,1,Punjab Kings,Chennai Super Kings,187,4,120,20.0,Chennai Super Kings,field,Punjab Kings
1304084,2022,2022-04-25,"Wankhede Stadium, Mumbai",Mumbai,2,Chennai Super Kings,Punjab Kings,176,6,120,20.0,Chennai Super Kings,field,Punjab Kings
1304085,2022,2022-04-26,"Maharashtra Cricket Association Stadium, Pune",Pune,1,Rajasthan Royals,Royal Challengers Bangalore,144,8,120,20.0,Royal Challengers Bangalore,field,Rajasthan Royals
1304085,2022,2022-04-26,"Maharashtra Cricket Association Stadium, Pune",Pune,2,Royal Challengers Bangalore,Rajasthan Royals,115,10,117,19.3,Royal Challengers Bangalore,field,Rajasthan Royals
1304086,2022,2022-04-27,"Wankhede Stadium, Mumbai",Mumbai,1,Sunrisers Hyderabad,Gujarat Titans,195,6,120,20.0,Gujarat Titans,field,Gujarat Titans
1304086,2022,2022-04-27,"Wankhede Stadium, Mumbai",Mumbai,2,Gujarat Titans,Sunrisers Hyderabad,199,5,120,20.0,Gujarat Titans,field,Gujarat Titans
1304087,2022,2022-04-28,"Wankhede Stadium, Mumbai",Mumbai,1,Kolkata Knight Riders,Delhi Capitals,146,9,120,20.0,Delhi Capitals,field,Delhi Capitals
1304087,2022,2022-04-28,"Wankhede Stadium, Mumbai",Mumbai,2,Delhi Capitals,Kolkata Knight Riders,150,6,114,19.0,Delhi Capitals,field,Delhi Capitals
1304088,2022,2022-04-29,"Maharashtra Cricket Association Stadium, Pune",Pune,1,Lucknow Super Giants,Punjab Kings,153,8,120,20.0,Punjab Kings,field,Lucknow Super Giants
1304088,2022,2022-04-29,"Maharashtra Cricket Association Stadium, Pune",Pune,2,Punjab Kings,Lucknow Super Giants,133,8,120,20.0,Punjab Kings,field,Lucknow Super Giants
1304089,2022,2022-04-30,"Brabourne Stadium, Mumbai",Mumbai,1,Royal Challengers Bangalore,Gujarat Titans,170,6,120,20.0,Royal Challengers Bangalore,bat,Gujarat Titans
1304089,2022,2022-04-30,"Brabourne Stadium, Mumbai",Mumbai,2,Gujarat Titans,Royal Challengers Bangalore,174,4,117,19.3,Royal Challengers Bangalore,bat,Gujarat Titans
1304090,2022,2022-04-30,"Dr DY Patil Sports Academy, Mumbai",Navi Mumbai,1,Rajasthan Royals,Mumbai Indians,158,6,120,20.0,Mumbai Indians,field,Mumbai Indians
1304090,2022,2022-04-30,"Dr DY Patil Sports Academy, Mumbai",Navi Mumbai,2,Mumbai Indians,Rajasthan Royals,161,5,116,19.2,Mumbai Indians,field,Mumbai Indians
1304091,2022,2022-05-01,"Wankhede Stadium, Mumbai",Mumbai,1,Lucknow Super Giants,Delhi Capitals,195,3,120,20.0,Lucknow Super Giants,bat,Lucknow Super Giants
1304091,2022,2022-05-01,"Wankhede Stadium, Mumbai",Mumbai,2,Delhi Capitals,Lucknow Super Giants,189,7,120,20.0,Lucknow Super Giants,bat,Lucknow Super Giants
1304092,2022,2022-05-01,"Maharashtra Cricket Association Stadium, Pune",Pune,1,Chennai Super Kings,Sunrisers Hyderabad,202,2,120,20.0,Sunrisers Hyderabad,field,Chennai Super Kings
1304092,2022,2022-05-01,"Maharashtra Cricket Association Stadium, Pune",Pune,2,Sunrisers Hyderabad,Chennai Super Kings,189,6,120,20.0,Sunrisers Hyderabad,field,Chennai Super Kings
1304093,2022,2022-05-02,"Wankhede Stadium, Mumbai",Mumbai,1,Rajasthan Royals,Kolkata Knight Riders,152,5,120,20.0,Kolkata Knight Riders,field,Kolkata Knight Riders
1304093,2022,2022-05-02,"Wankhede Stadium, Mumbai",Mumbai,2,Kolkata Knight Riders,Rajasthan Royals,158,3,115,19.1,Kolkata Knight Riders,field,Kolkata Knight Riders
1304094,2022,2022-05-03,"Dr DY Patil Sports Academy, Mumbai",Navi Mumbai,1,Gujarat Titans,Punjab Kings,143,8,120,20.0,Gujarat Titans,bat,Punjab Kings
1304094,2022,2022-05-03,"Dr DY Patil Sports Academy, Mumbai",Navi Mumbai,2,Punjab Kings,Gujarat Titans,145,2,96,16.0,Gujarat Titans,bat,Punjab Kings
1304095,2022,2022-05-04,"Maharashtra Cricket Association Stadium, Pune",Pune,1,Royal Challengers Bangalore,Chennai Super Kings,173,8,120,20.0,Chennai Super Kings,field,Royal Challengers Bangalore
1304095,2022,2022-05-04,"Maharashtra Cricket Association Stadium, Pune",Pune,2,Chennai Super Kings,Royal Challengers Bangalore,160,8,120,20.0,Chennai Super Kings,field,Royal Challengers Bangalore
1304096,2022,2022-05-05,"Brabourne Stadium, Mumbai",Mumbai,1,Delhi Capitals,Sunrisers Hyderabad,207,3,120,20.0,Sunrisers Hyderabad,field,Delhi Capitals
1304096,2022,2022-05-05,"Brabourne Stadium, Mumbai",Mumbai,2,Sunrisers Hyderabad,Delhi Capitals,186,8,120,20.0,Sunrisers Hyderabad,field,Delhi Capitals
1304097,2022,2022-05-06,"Brabourne Stadium, Mumbai",Mumbai,1,Mumbai Indians,Gujarat Titans,177,6,120,20.0,Gujarat Titans,field,Mumbai Indians
1304097,2022,2022-05-06,"Brabourne Stadium, Mumbai",Mumbai,2,Gujarat Titans,Mumbai Indians,172,5,120,20.0,Gujarat Titans,field,Mumbai Indians
1304098,2022,2022-05-07,"Wankhede Stadium, Mumbai",Mumbai,1,Punjab Kings,Rajasthan Royals,189,5,120,20.0,Punjab Kings,bat,Rajasthan Royals
1304098,2022,2022-05-07,"Wankhede Stadium, Mumbai",Mumbai,2,Rajasthan Royals,Punjab Kings,190,4,118,19.4,Punjab Kings,bat,Rajasthan Royals
1304099,2022,2022-05-07,"Maharashtra Cricket Association Stadium, Pune",Pune,1,Lucknow Super Giants,Kolkata Knight Riders,176,7,120,20.0,Kolkata Knight Riders,field,Lucknow Super Giants
1304099,2022,2022-05-07,"Maharashtra Cricket Association Stadium, Pune",Pune,2,Kolkata Knight Riders,Lucknow Super Giants,101,10,87,14.3,Kolkata Knight Riders,field,Lucknow Super Giants
1304100,2022,2022-05-08,"Wankhede Stadium, Mumbai",Mumbai,1,Royal Challengers Bangalore,Sunrisers Hyderabad,192,3,120,20.0,Royal Challengers Bangalore,bat,Royal Challengers Bangalore
1304100,2022,2022-05-08,"Wankhede Stadium, Mumbai",Mumbai,2,Sunrisers Hyderabad,Royal Challengers Bangalore,125,10,116,19.2,Royal Challengers Bangalore,bat,Royal Challengers Bangalore
1304101,2022,2022-05-08,"Dr DY Patil Sports Academy, Mumbai",Navi Mumbai,1,Chennai Super Kings,Delhi Capitals,208,6,120,20.0,Delhi Capitals,field,Chennai Super Kings
1304101,2022,2022-05-08,"Dr DY Patil Sports Academy, Mumbai",Navi Mumbai,2,Delhi Capitals,Chennai Super Kings,117,10,106,17.4,Delhi Capitals,field,Chennai Super Kings
1304102,2022,2022-05-09,"Dr DY Patil Sports Academy, Mumbai",Navi Mumbai,1,Kolkata Knight Riders,Mumbai Indians,165,9,120,20.0,Mumbai Indians,field,Kolkata Knight Riders
1304102,2022,2022-05-09,"Dr DY Patil Sports Academy, Mumbai",Navi Mumbai,2,Mumbai Indians,Kolkata Knight Riders,113,10,105,17.3,Mumbai Indians,field,Kolkata Knight Riders
1304103,2022,2022-05-10,"Maharashtra Cricket Association Stadium, Pune",Pune,1,Gujarat Titans,Lucknow Super Giants,144,4,120,20.0,Gujarat Titans,bat,Gujarat Titans
1304103,2022,2022-05-10,"Maharashtra Cricket Association Stadium, Pune",Pune,2,Lucknow Super Giants,Gujarat Titans,82,10,83,13.5,Gujarat Titans,bat,Gujarat Titans
1304104,2022,2022-05-11,"Dr DY Patil Sports Academy, Mumbai",Navi Mumbai,1,Rajasthan Royals,Delhi Capitals,160,6,120,20.0,Delhi Capitals,field,Delhi Capitals
1304104,2022,2022-05-11,"Dr DY Patil Sports Academy, Mumbai",Navi Mumbai,2,Delhi Capitals,Rajasthan Royals,161,2,109,18.1,Delhi Capitals,field,Delhi Capitals
1304105,2022,2022-05-12,"Wankhede Stadium, Mumbai",Mumbai,1,Chennai Super Kings,Mumbai Indians,97,10,96,16.0,Mumbai Indians,field,Mumbai Indians
1304105,2022,2022-05-12,"Wankhede Stadium, Mumbai",Mumbai,2,Mumbai Indians,Chennai Super Kings,103,5,89,14.5,Mumbai Indians,field,Mumbai Indians
1304106,2022,2022-05-13,"Brabourne Stadium, Mumbai",Mumbai,1,Punjab Kings,Royal Challengers Bangalore,209,9,120,20.0,Royal Challengers Bangalore,field,Punjab Kings
1304106,2022,2022-05-13,"Brabourne Stadium, Mumbai",Mumbai,2,Royal Challengers Bangalore,Punjab Kings,155,9,120,20.0,Royal Challengers Bangalore,field,Punjab Kings
1304107,2022,2022-05-14,"Maharashtra Cricket Association Stadium, Pune",Pune,1,Kolkata Knight Riders,Sunrisers Hyderabad,177,6,120,20.0,Kolkata Knight Riders,bat,Kolkata Knight Riders
1304107,2022,2022-05-14,"Maharashtra Cricket Association Stadium, Pune",Pune,2,Sunrisers Hyderabad,Kolkata Knight Riders,123,8,120,20.0,Kolkata Knight Riders,bat,Kolkata Knight Riders
1304108,2022,2022-05-15,"Wankhede Stadium, Mumbai",Mumbai,1,Chennai Super Kings,Gujarat Titans,133,5,120,20.0,Chennai Super Kings,bat,Gujarat Titans
1304108,2022,2022-05-15,"Wankhede Stadium, Mumbai",Mumbai,2,Gujarat Titans,Chennai Super Kings,137,3,115,19.1,Chennai Super Kings,bat,Gujarat Titans
1304109,2022,2022-05-15,"Brabourne Stadium, Mumbai",Mumbai,1,Rajasthan Royals,Lucknow Super Giants,178,6,120,20.0,Rajasthan Royals,bat,Rajasthan Royals
1304109,2022,2022-05-15,"Brabourne Stadium, Mumbai",Mumbai,2,Lucknow Super Giants,Rajasthan Royals,154,8,120,20.0,Rajasthan Royals,bat,Rajasthan Royals
1304110,2022,2022-05-16,"Dr DY Patil Sports Academy, Mumbai",Navi Mumbai,1,Delhi Capitals,Punjab Kings,159,7,120,20.0,Punjab Kings,field,Delhi Capitals
1304110,2022,2022-05-16,"Dr DY Patil Sports Academy, Mumbai",Navi Mumbai,2,Punjab Kings,Delhi Capitals,142,9,120,20.0,Punjab Kings,field,Delhi Capitals
1304111,2022,2022-05-17,"Wankhede Stadium, Mumbai",Mumbai,1,Sunrisers Hyderabad,Mumbai Indians,193,6,120,20.0,Mumbai Indians,field,Sunrisers Hyderabad
1304111,2022,2022-05-17,"Wankhede Stadium, Mumbai",Mumbai,2,Mumbai Indians,Sunrisers Hyderabad,190,7,120,20.0,Mumbai Indians,field,Sunrisers Hyderabad
1304112,2022,2022-05-18,"Dr DY Patil Sports Academy, Mumbai",Navi Mumbai,1,Lucknow Super Giants,Kolkata Knight Riders,210,0,120,20.0,Lucknow Super Giants,bat,Lucknow Super Giants
1304112,2022,2022-05-18,"Dr DY Patil Sports Academy, Mumbai",Navi Mumbai,2,Kolkata Knight Riders,Lucknow Super Giants,208,8,120,20.0,Lucknow Super Giants,bat,Lucknow Super Giants
1304113,2022,2022-05-19,"Wankhede Stadium, Mumbai",Mumbai,1,Gujarat Titans,Royal Challengers Bangalore,168,5,120,20.0,Gujarat Titans,bat,Royal Challengers Bangalore
1304113,2022,2022-05-19,"Wankhede Stadium, Mumbai",Mumbai,2,Royal Challengers Bangalore,Gujarat Titans,170,2,112,18.4,Gujarat Titans,bat,Royal Challengers Bangalore
1304114,2022,2022-05-20,"Brabourne Stadium, Mumbai",Mumbai,1,Chennai Super Kings,Rajasthan Royals,150,6,120,20.0,Chennai Super Kings,bat,Rajasthan Royals
1304114,2022,2022-05-20,"Brabourne Stadium, Mumbai",Mumbai,2,Rajasthan Royals,Chennai Super Kings,151,5,118,19.4,Chennai Super Kings,bat,Rajasthan Royals
1304115,2022,2022-05-21,"Wankhede Stadium, Mumbai",Mumbai,1,Delhi Capitals,Mumbai Indians,159,7,120,20.0,Mumbai Indians,field,Mumbai Indians
1304115,2022,2022-05-21,"Wankhede Stadium, Mumbai",Mumbai,2,Mumbai Indians,Delhi Capitals,160,5,115,19.1,Mumbai Indians,field,Mumbai Indians
1304116,2022,2022-05-22,"Wankhede Stadium, Mumbai",Mumbai,1,Sunrisers Hyderabad,Punjab Kings,157,8,120,20.0,Sunrisers Hyderabad,bat,Punjab Kings
1304116,2022,2022-05-22,"Wankhede Stadium, Mumbai",Mumbai,2,Punjab Kings,Sunrisers Hyderabad,160,5,91,15.1,Sunrisers Hyderabad,bat,Punjab Kings
1312197,2022,2022-05-24,"Eden Gardens, Kolkata",Kolkata,1,Rajasthan Royals,Gujarat Titans,188,6,120,20.0,Gujarat Titans,field,Gujarat Titans
1312197,2022,2022-05-24,"Eden Gardens, Kolkata",Kolkata,2,Gujarat Titans,Rajasthan Royals,191,3,117,19.3,Gujarat Titans,field,Gujarat Titans
1312198,2022,2022-05-25,"Eden Gardens, Kolkata",Kolkata,1,Royal Challengers Bangalore,Lucknow Super Giants,207,4,120,20.0,Lucknow Super Giants,field,Royal Challengers Bangalore
1312198,2022,2022-05-25,"Eden Gardens, Kolkata",Kolkata,2,Lucknow Super Giants,Royal Challengers Bangalore,193,6,120,20.0,Lucknow Super Giants,field,Royal Challengers Bangalore
1312199,2022,2022-05-27,"Narendra Modi Stadium, Ahmedabad",Ahmedabad,1,Royal Challengers Bangalore,Rajasthan Royals,157,8,120,20.0,Rajasthan Royals,field,Rajasthan Royals
1312199,2022,2022-05-27,"Narendra Modi Stadium, Ahmedabad",Ahmedabad,2,Rajasthan Royals,Royal Challengers Bangalore,161,3,109,18.1,Rajasthan Royals,field,Rajasthan Royals
1312200,2022,2022-05-29,"Narendra Modi Stadium, Ahmedabad",Ahmedabad,1,Rajasthan Royals,Gujarat Titans,130,9,120,20.0,Rajasthan Royals,bat,Gujarat Titans
1312200,2022,2022-05-29,"Narendra Modi Stadium, Ahmedabad",Ahmedabad,2,Gujarat Titans,Rajasthan Royals,133,3,109,18.1,Rajasthan Royals,bat,Gujarat Titans
1359475,2023,2023-03-31,"Narendra Modi Stadium, Ahmedabad",Ahmedabad,1,Chennai Super Kings,Gujarat Titans,178,7,120,20.0,Gujarat Titans,field,Gujarat Titans
1359475,2023,2023-03-31,"Narendra Modi Stadium, Ahmedabad",Ahmedabad,2,Gujarat Titans,Chennai Super Kings,182,5,116,19.2,Gujarat Titans,field,Gujarat Titans
1359476,2023,2023-04-01,"Punjab Cricket Association IS Bindra Stadium, Mohali, Chandigarh",Chandigarh,1,Punjab Kings,Kolkata Knight Riders,191,5,120,20.0,Kolkata Knight Riders,field,Punjab Kings
1359476,2023,2023-04-01,"Punjab Cricket Association IS Bindra Stadium, Mohali, Chandigarh",Chandigarh,2,Kolkata Knight Riders,Punjab Kings,146,7,96,16.0,Kolkata Knight Riders,field,Punjab Kings
1359477,2023,2023-04-01,"Bharat Ratna Shri Atal Bihari Vajpayee Ekana Cricket Stadium, Lucknow",Lucknow,1,Lucknow Super Giants,Delhi Capitals,193,6,120,20.0,Delhi Capitals,field,Lucknow Super Giants
1359477,2023,2023-04-01,"Bharat Ratna Shri Atal Bihari Vajpayee Ekana Cricket Stadium, Lucknow",Lucknow,2,Delhi Capitals,Lucknow Super Giants,143,9,120,20.0,Delhi Capitals,field,Lucknow Super Giants
1359478,2023,2023-04-02,"Rajiv Gandhi International Stadium, Uppal, Hyderabad",Hyderabad,1,Rajasthan Royals,Sunrisers Hyderabad,203,5,120,20.0,Sunrisers Hyderabad,field,Rajasthan Royals
1359478,2023,2023-04-02,"Rajiv Gandhi International Stadium, Uppal, Hyderabad",Hyderabad,2,Sunrisers Hyderabad,Rajasthan Royals,131,8,120,20.0,Sunrisers Hyderabad,field,Rajasthan Royals
1359479,2023,2023-04-02,"M Chinnaswamy Stadium, Bengaluru",Bengaluru,1,Mumbai Indians,Royal Challengers Bangalore,171,7,120,20.0,Royal Challengers Bangalore,field,Royal Challengers Bangalore
1359479,2023,2023-04-02,"M Chinnaswamy Stadium, Bengaluru",Bengaluru,2,Royal Challengers Bangalore,Mumbai Indians,172,2,98,16.2,Royal Challengers Bangalore,field,Royal Challengers Bangalore
1359480,2023,2023-04-03,"MA Chidambaram Stadium, Chepauk, Chennai",Chennai,1,Chennai Super Kings,Lucknow Super Giants,217,7,120,20.0,Lucknow Super Giants,field,Chennai Super Kings
1359480,2023,2023-04-03,"MA Chidambaram Stadium, Chepauk, Chennai",Chennai,2,Lucknow Super Giants,Chennai Super Kings,205,7,120,20.0,Lucknow Super Giants,field,Chennai Super Kings
1359481,2023,2023-04-04,"Arun Jaitley Stadium, Delhi",Delhi,1,Delhi Capitals,Gujarat Titans,162,8,120,20.0,Gujarat Titans,field,Gujarat Titans
1359481,2023,2023-04-04,"Arun Jaitley Stadium, Delhi",Delhi,2,Gujarat Titans,Delhi Capitals,163,4,109,18.1,Gujarat Titans,field,Gujarat Titans
1359482,2023,2023-04-05,"Barsapara Cricket Stadium, Guwahati",Guwahati,1,Punjab Kings,Rajasthan Royals,197,4,120,20.0,Rajasthan Royals,field,Punjab Kings
1359482,2023,2023-04-05,"Barsapara Cricket Stadium, Guwahati",Guwahati,2,Rajasthan Royals,Punjab Kings,192,7,120,20.0,Rajasthan Royals,field,Punjab Kings
1359483,2023,2023-04-06,"Eden Gardens, Kolkata",Kolkata,1,Kolkata Knight Riders,Royal Challengers Bangalore,204,7,120,20.0,Royal Challengers Bangalore,field,Kolkata Knight Riders
1359483,2023,2023-04-06,"Eden Gardens, Kolkata",Kolkata,2,Royal Challengers Bangalore,Kolkata Knight Riders,123,10,106,17.4,Royal Challengers Bangalore,field,Kolkata Knight Riders
1359484,2023,2023-04-07,"Bharat Ratna Shri Atal Bihari Vajpayee Ekana Cricket Stadium, Lucknow",Lucknow,1,Sunrisers Hyderabad,Lucknow Super Giants,121,8,120,20.0,Sunrisers Hyderabad,bat,Lucknow Super Giants
1359484,2023,2023-04-07,"Bharat Ratna Shri Atal Bihari Vajpayee Ekana Cricket Stadium, Lucknow",Lucknow,2,Lucknow Super Giants,Sunrisers Hyderabad,127,5,96,16.0,Sunrisers Hyderabad,bat,Lucknow Super Giants
1359485,2023,2023-04-08,"Barsapara Cricket Stadium, Guwahati",Guwahati,1,Rajasthan Royals,Delhi Capitals,199,4,120,20.0,Delhi Capitals,field,Rajasthan Royals
1359485,2023,2023-04-08,"Barsapara Cricket Stadium, Guwahati",Guwahati,2,Delhi Capitals,Rajasthan Royals,142,9,120,20.0,Delhi Capitals,field,Rajasthan Royals
1359486,2023,2023-04-08,"Wankhede Stadium, Mumbai",Mumbai,1,Mumbai Indians,Chennai Super Kings,157,8,120,20.0,Chennai Super Kings,field,Chennai Super Kings
1359486,2023,2023-04-08,"Wankhede Stadium, Mumbai",Mumbai,2,Chennai Super Kings,Mumbai Indians,159,3,109,18.1,Chennai Super Kings,field,Chennai Super Kings
1359487,2023,2023-04-09,"Narendra Modi Stadium, Ahmedabad",Ahmedabad,1,Gujarat Titans,Kolkata Knight Riders,204,4,120,20.0,Gujarat Titans,bat,Kolkata Knight Riders
1359487,2023,2023-04-09,"Narendra Modi Stadium, Ahmedabad",Ahmedabad,2,Kolkata Knight Riders,Gujarat Titans,207,7,120,20.0,Gujarat Titans,bat,Kolkata Knight Riders
1359488,2023,2023-04-09,"Rajiv Gandhi International Stadium, Uppal, Hyderabad",Hyderabad,1,Punjab Kings,Sunrisers Hyderabad,143,9,120,20.0,Sunrisers Hyderabad,field,Sunrisers Hyderabad
1359488,2023,2023-04-09,"Rajiv Gandhi International Stadium, Uppal, Hyderabad",Hyderabad,2,Sunrisers Hyderabad,Punjab Kings,145,2,103,17.1,Sunrisers Hyderabad,field,Sunrisers Hyderabad
1359489,2023,2023-04-10,"M Chinnaswamy Stadium, Bengaluru",Bengaluru,1,Royal Challengers Bangalore,Lucknow Super Giants,212,2,120,20.0,Lucknow Super Giants,field,Lucknow Super Giants
1359489,2023,2023-04-10,"M Chinnaswamy Stadium, Bengaluru",Bengaluru,2,Lucknow Super Giants,Royal Challengers Bangalore,213,9,120,20.0,Lucknow Super Giants,field,Lucknow Super Giants
1359490,2023,2023-04-11,"Arun Jaitley Stadium, Delhi",Delhi,1,Delhi Capitals,Mumbai Indians,172,10,118,19.4,Mumbai Indians,field,Mumbai Indians
1359490,2023,2023-04-11,"Arun Jaitley Stadium, Delhi",Delhi,2,Mumbai Indians,Delhi Capitals,173,4,120,20.0,Mumbai Indians,field,Mumbai Indians
1359491,2023,2023-04-12,"MA Chidambaram Stadium, Chepauk, Chennai",Chennai,1,Rajasthan Royals,Chennai Super Kings,175,8,120,20.0,Chennai Super Kings,field,Rajasthan Royals
1359491,2023,2023-04-12,"MA Chidambaram Stadium, Chepauk, Chennai",Chennai,2,Chennai Super Kings,Rajasthan Royals,172,6,120,20.0,Chennai Super Kings,field,Rajasthan Royals
1359492,2023,2023-04-13,"Punjab Cricket Association IS Bindra Stadium, Mohali, Chandigarh",Chandigarh,1,Punjab Kings,Gujarat Titans,153,8,120,20.0,Gujarat Titans,field,Gujarat Titans
1359492,2023,2023-04-13,"Punjab Cricket Association IS Bindra Stadium, Mohali, Chandigarh",Chandigarh,2,Gujarat Titans,Punjab Kings,154,4,119,19.5,Gujarat Titans,field,Gujarat Titans
1359493,2023,2023-04-14,"Eden Gardens, Kolkata",Kolkata,1,Sunrisers Hyderabad,Kolkata Knight Riders,228,4,120,20.0,Kolkata Knight Riders,field,Sunrisers Hyderabad
1359493,2023,2023-04-14,"Eden Gardens, Kolkata",Kolkata,2,Kolkata Knight Riders,Sunrisers Hyderabad,205,7,120,20.0,Kolkata Knight Riders,field,Sunrisers Hyderabad
1359494,2023,2023-04-15,"M Chinnaswamy Stadium, Bengaluru",Bengaluru,1,Royal Challengers Bangalore,Delhi Capitals,174,6,120,20.0,Delhi Capitals,field,Royal Challengers Bangalore
1359494,2023,2023-04-15,"M Chinnaswamy Stadium, Bengaluru",Bengaluru,2,Delhi Capitals,Royal Challengers Bangalore,151,9,120,20.0,Delhi Capitals,field,Royal Challengers Bangalore
1359495,2023,2023-04-15,"Bharat Ratna Shri Atal Bihari Vajpayee Ekana Cricket Stadium, Lucknow",Lucknow,1,Lucknow Super Giants,Punjab Kings,159,8,120,20.0,Punjab Kings,field,Punjab Kings
1359495,2023,2023-04-15,"Bharat Ratna Shri Atal Bihari Vajpayee Ekana Cricket Stadium, Lucknow",Lucknow,2,Punjab Kings,Lucknow Super Giants,161,8,117,19.3,Punjab Kings,field,Punjab Kings
1359496,2023,2023-04-16,"Wankhede Stadium, Mumbai",Mumbai,1,Kolkata Knight Riders,Mumbai Indians,185,6,120,20.0,Mumbai Indians,field,Mumbai Indians
1359496,2023,2023-04-16,"Wankhede Stadium, Mumbai",Mumbai,2,Mumbai Indians,Kolkata Knight Riders,186,5,106,17.4,Mumbai Indians,field,Mumbai Indians
1359497,2023,2023-04-16,"Narendra Modi Stadium, Ahmedabad",Ahmedabad,1,Gujarat Titans,Rajasthan Royals,177,7,120,20.0,Rajasthan Royals,field,Rajasthan Royals
1359497,2023,2023-04-16,"Narendra Modi Stadium, Ahmedabad",Ahmedabad,2,Rajasthan Royals,Gujarat Titans,179,7,116,19.2,Rajasthan Royals,field,Rajasthan Royals
1359498,2023,2023-04-17,"M Chinnaswamy Stadium, Bengaluru",Bengaluru,1,Chennai Super Kings,Royal Challengers Bangalore,226,6,120,20.0,Royal Challengers Bangalore,field,Chennai Super Kings
1359498,2023,2023-04-17,"M Chinnaswamy Stadium, Bengaluru",Bengaluru,2,Royal Challengers Bangalore,Chennai Super Kings,218,8,120,20.0,Royal Challengers Bangalore,field,Chennai Super Kings
1359499,2023,2023-04-18,"Rajiv Gandhi International Stadium, Uppal, Hyderabad",Hyderabad,1,Mumbai Indians,Sunrisers Hyderabad,192,5,120,20.0,Sunrisers Hyderabad,field,Mumbai Indians
1359499,2023,2023-04-18,"Rajiv Gandhi International Stadium, Uppal, Hyderabad",Hyderabad,2,Sunrisers Hyderabad,Mumbai Indians,178,10,119,19.5,Sunrisers Hyderabad,field,Mumbai Indians
1359500,2023,2023-04-19,"Sawai Mansingh Stadium, Jaipur",Jaipur,1,Lucknow Super Giants,Rajasthan Royals,154,7,120,20.0,Rajasthan Royals,field,Lucknow Super Giants
1359500,2023,2023-04-19,"Sawai Mansingh Stadium, Jaipur",Jaipur,2,Rajasthan Royals,Lucknow Super Giants,144,6,120,20.0,Rajasthan Royals,field,Lucknow Super Giants
1359501,2023,2023-04-20,"Punjab Cricket Association IS Bindra Stadium, Mohali, Chandigarh",Chandigarh,1,Royal Challengers Bangalore,Punjab Kings,174,4,120,20.0,Punjab Kings,field,Royal Challengers Bangalore
1359501,2023,2023-04-20,"Punjab Cricket Association IS Bindra Stadium, Mohali, Chandigarh",Chandigarh,2,Punjab Kings,Royal Challengers Bangalore,150,10,110,18.2,Punjab Kings,field,Royal Challengers Bangalore
1359502,2023,2023-04-20,"Arun Jaitley Stadium, Delhi",Delhi,1,Kolkata Knight Riders,Delhi Capitals,127,10,120,20.0,Delhi Capitals,field,Delhi Capitals
1359502,2023,2023-04-20,"Arun Jaitley Stadium, Delhi",Delhi,2,Delhi Capitals,Kolkata Knight Riders,128,6,116,19.2,Delhi Capitals,field,Delhi Capitals
1359503,2023,2023-04-21,"MA Chidambaram Stadium, Chepauk, Chennai",Chennai,1,Sunrisers Hyderabad,Chennai Super Kings,134,7,120,20.0,Chennai Super Kings,field,Chennai Super Kings
1359503,2023,2023-04-21,"MA Chidambaram Stadium, Chepauk, Chennai",Chennai,2,Chennai Super Kings,Sunrisers Hyderabad,138,3,112,18.4,Chennai Super Kings,field,Chennai Super Kings
1359504,2023,2023-04-22,"Bharat Ratna Shri Atal Bihari Vajpayee Ekana Cricket Stadium, Lucknow",Lucknow,1,Gujarat Titans,Lucknow Super Giants,135,6,120,20.0,Gujarat Titans,bat,Gujarat Titans
1359504,2023,2023-04-22,"Bharat Ratna Shri Atal Bihari Vajpayee Ekana Cricket Stadium, Lucknow",Lucknow,2,Lucknow Super Giants,Gujarat Titans,128,7,120,20.0,Gujarat Titans,bat,Gujarat Titans
1359505,2023,2023-04-22,"Wankhede Stadium, Mumbai",Mumbai,1,Punjab Kings,Mumbai Indians,214,8,120,20.0,Mumbai Indians,field,Punjab Kings
1359505,2023,2023-04-22,"Wankhede Stadium, Mumbai",Mumbai,2,Mumbai Indians,Punjab Kings,201,6,120,20.0,Mumbai Indians,field,Punjab Kings
1359506,2023,2023-04-23,"M Chinnaswamy Stadium, Bengaluru",Bengaluru,1,Royal Challengers Bangalore,Rajasthan Royals,189,9,120,20.0,Rajasthan Royals,field,Royal Challengers Bangalore
1359506,2023,2023-04-23,"M Chinnaswamy Stadium, Bengaluru",Bengaluru,2,Rajasthan Royals,Royal Challengers Bangalore,182,6,120,20.0,Rajasthan Royals,field,Royal Challengers Bangalore
1359507,2023,2023-04-23,"Eden Gardens, Kolkata",Kolkata,1,Chennai Super Kings,Kolkata Knight Riders,235,4,120,20.0,Kolkata Knight Riders,field,Chennai Super Kings
1359507,2023,2023-04-23,"Eden Gardens, Kolkata",Kolkata,2,Kolkata Knight Riders,Chennai Super Kings,186,8,120,20.0,Kolkata Knight Riders,field,Chennai Super Kings
1359508,2023,2023-04-24,"Rajiv Gandhi International Stadium, Uppal, Hyderabad",Hyderabad,1,Delhi Capitals,Sunrisers Hyderabad,144,9,120,20.0,Delhi Capitals,bat,Delhi Capitals
1359508,2023,2023-04-24,"Rajiv Gandhi International Stadium, Uppal, Hyderabad",Hyderabad,2,Sunrisers Hyderabad,Delhi Capitals,137,6,120,20.0,Delhi Capitals,bat,Delhi Capitals
1359509,2023,2023-04-25,"Narendra Modi Stadium, Ahmedabad",Ahmedabad,1,Gujarat Titans,Mumbai Indians,207,6,120,20.0,Mumbai Indians,field,Gujarat Titans
1359509,2023,2023-04-25,"Narendra Modi Stadium, Ahmedabad",Ahmedabad,2,Mumbai Indians,Gujarat Titans,152,9,120,20.0,Mumbai Indians,field,Gujarat Titans
1359510,2023,2023-04-26,"M Chinnaswamy Stadium, Bengaluru",Bengaluru,1,Kolkata Knight Riders,Royal Challengers Bangalore,200,5,120,20.0,Royal Challengers Bangalore,field,Kolkata Knight Riders
1359510,2023,2023-04-26,"M Chinnaswamy Stadium, Bengaluru",Bengaluru,2,Royal Challengers Bangalore,Kolkata Knight Riders,179,8,120,20.0,Royal Challengers Bangalore,field,Kolkata Knight Riders
1359511,2023,2023-04-27,"Sawai Mansingh Stadium, Jaipur",Jaipur,1,Rajasthan Royals,Chennai Super Kings,202,5,120,20.0,Rajasthan Royals,bat,Rajasthan Royals
1359511,2023,2023-04-27,"Sawai Mansingh Stadium, Jaipur",Jaipur,2,Chennai Super Kings,Rajasthan Royals,170,6,120,20.0,Rajasthan Royals,bat,Rajasthan Royals
1359512,2023,2023-04-28,"Punjab Cricket Association IS Bindra Stadium, Mohali, Chandigarh",Chandigarh,1,Lucknow Super Giants,Punjab Kings,257,5,120,20.0,Punjab Kings,field,Lucknow Super Giants
1359512,2023,2023-04-28,"Punjab Cricket Association IS Bindra Stadium, Mohali, Chandigarh",Chandigarh,2,Punjab Kings,Lucknow Super Giants,201,10,119,19.5,Punjab Kings,field,Lucknow Super Giants
1359513,2023,2023-04-29,"Eden Gardens, Kolkata",Kolkata,1,Kolkata Knight Riders,Gujarat Titans,179,7,120,20.0,Gujarat Titans,field,Gujarat Titans
1359513,2023,2023-04-29,"Eden Gardens, Kolkata",Kolkata,2,Gujarat Titans,Kolkata Knight Riders,180,3,107,17.5,Gujarat Titans,field,Gujarat Titans
1359514,2023,2023-04-29,"Arun Jaitley Stadium, Delhi",Delhi,1,Sunrisers Hyderabad,Delhi Capitals,197,6,120,20.0,Sunrisers Hyderabad,bat,Sunrisers Hyderabad
1359514,2023,2023-04-29,"Arun Jaitley Stadium, Delhi",Delhi,2,Delhi Capitals,Sunrisers Hyderabad,188,6,120,20.0,Sunrisers Hyderabad,bat,Sunrisers Hyderabad
1359515,2023,2023-04-30,"MA Chidambaram Stadium, Chepauk, Chennai",Chennai,1,Chennai Super Kings,Punjab Kings,200,4,120,20.0,Chennai Super Kings,bat,Punjab Kings
1359515,2023,2023-04-30,"MA Chidambaram Stadium, Chepauk, Chennai",Chennai,2,Punjab Kings,Chennai Super Kings,201,6,120,20.0,Chennai Super Kings,bat,Punjab Kings
1359516,2023,2023-04-30,"Wankhede Stadium, Mumbai",Mumbai,1,Rajasthan Royals,Mumbai Indians,212,7,120,20.0,Rajasthan Royals,bat,Mumbai Indians
1359516,2023,2023-04-30,"Wankhede Stadium, Mumbai",Mumbai,2,Mumbai Indians,Rajasthan Royals,214,4,117,19.3,Rajasthan Royals,bat,Mumbai Indians
1359517,2023,2023-05-01,"Bharat Ratna Shri Atal Bihari Vajpayee Ekana Cricket Stadium, Lucknow",Lucknow,1,Royal Challengers Bangalore,Lucknow Super Giants,126,9,120,20.0,Royal Challengers Bangalore,bat,Royal Challengers Bangalore
1359517,2023,2023-05-01,"Bharat Ratna Shri Atal Bihari Vajpayee Ekana Cricket Stadium, Lucknow",Lucknow,2,Lucknow Super Giants,Royal Challengers Bangalore,108,10,119,19.5,Royal Challengers Bangalore,bat,Royal Challengers Bangalore
1359518,2023,2023-05-02,"Narendra Modi Stadium, Ahmedabad",Ahmedabad,1,Delhi Capitals,Gujarat Titans,130,8,120,20.0,Delhi Capitals,bat,Delhi Capitals
1359518,2023,2023-05-02,"Narendra Modi Stadium, Ahmedabad",Ahmedabad,2,Gujarat Titans,Delhi Capitals,125,6,120,20.0,Delhi Capitals,bat,Delhi Capitals
1359519,2023,2023-05-03,"Bharat Ratna Shri Atal Bihari Vajpayee Ekana Cricket Stadium, Lucknow",Lucknow,1,Lucknow Super Giants,Chennai Super Kings,125,7,116,19.2,Chennai Super Kings,field,
1359520,2023,2023-05-03,"Punjab Cricket Association IS Bindra Stadium, Mohali, Chandigarh",Chandigarh,1,Punjab Kings,Mumbai Indians,214,3,120,20.0,Mumbai Indians,field,Mumbai Indians
1359520,2023,2023-05-03,"Punjab Cricket Association IS Bindra Stadium, Mohali, Chandigarh",Chandigarh,2,Mumbai Indians,Punjab Kings,216,4,113,18.5,Mumbai Indians,field,Mumbai Indians
1359521,2023,2023-05-04,"Rajiv Gandhi International Stadium, Uppal, Hyderabad",Hyderabad,1,Kolkata Knight Riders,Sunrisers Hyderabad,171,9,120,20.0,Kolkata Knight Riders,bat,Kolkata Knight Riders
1359521,2023,2023-05-04,"Rajiv Gandhi International Stadium, Uppal, Hyderabad",Hyderabad,2,Sunrisers Hyderabad,Kolkata Knight Riders,166,8,120,20.0,Kolkata Knight Riders,bat,Kolkata Knight Riders
1359522,2023,2023-05-05,"Sawai Mansingh Stadium, Jaipur",Jaipur,1,Rajasthan Royals,Gujarat Titans,118,10,107,17.5,Rajasthan Royals,bat,Gujarat Titans
1359522,2023,2023-05-05,"Sawai Mansingh Stadium, Jaipur",Jaipur,2,Gujarat Titans,Rajasthan Royals,119,1,83,13.5,Rajasthan Royals,bat,Gujarat Titans
1359523,2023,2023-05-06,"MA Chidambaram Stadium, Chepauk, Chennai",Chennai,1,Mumbai Indians,Chennai Super Kings,139,8,120,20.0,Chennai Super Kings,field,Chennai Super Kings
1359523,2023,2023-05-06,"MA Chidambaram Stadium, Chepauk, Chennai",Chennai,2,Chennai Super Kings,Mumbai Indians,140,4,106,17.4,Chennai Super Kings,field,Chennai Super Kings
1359524,2023,2023-05-06,"Arun Jaitley Stadium, Delhi",Delhi,1,Royal Challengers Bangalore,Delhi Capitals,181,4,120,20.0,Royal Challengers Bangalore,bat,Delhi Capitals
1359524,2023,2023-05-06,"Arun Jaitley Stadium, Delhi",Delhi,2,Delhi Capitals,Royal Challengers Bangalore,187,3,100,16.4,Royal Challengers Bangalore,bat,Delhi Capitals
1359525,2023,2023-05-07,"Narendra Modi Stadium, Ahmedabad",Ahmedabad,1,Gujarat Titans,Lucknow Super Giants,227,2,120,20.0,Lucknow Super Giants,field,Gujarat Titans
1359525,2023,2023-05-07,"Narendra Modi Stadium, Ahmedabad",Ahmedabad,2,Lucknow Super Giants,Gujarat Titans,171,7,120,20.0,Lucknow Super Giants,field,Gujarat Titans
1359526,2023,2023-05-07,"Sawai Mansingh Stadium, Jaipur",Jaipur,1,Rajasthan Royals,Sunrisers Hyderabad,214,2,120,20.0,Rajasthan Royals,bat,Sunrisers Hyderabad
1359526,2023,2023-05-07,"Sawai Mansingh Stadium, Jaipur",Jaipur,2,Sunrisers Hyderabad,Rajasthan Royals,217,6,120,20.0,Rajasthan Royals,bat,Sunrisers Hyderabad
1359527,2023,2023-05-08,"Eden Gardens, Kolkata",Kolkata,1,Punjab Kings,Kolkata Knight Riders,179,7,120,20.0,Punjab Kings,bat,Kolkata Knight Riders
1359527,2023,2023-05-08,"Eden Gardens, Kolkata",Kolkata,2,Kolkata Knight Riders,Punjab Kings,182,5,120,20.0,Punjab Kings,bat,Kolkata Knight Riders
1359528,2023,2023-05-09,"Wankhede Stadium, Mumbai",Mumbai,1,Royal Challengers Bangalore,Mumbai Indians,199,6,120,20.0,Mumbai Indians,field,Mumbai Indians
1359528,2023,2023-05-09,"Wankhede Stadium, Mumbai",Mumbai,2,Mumbai Indians,Royal Challengers Bangalore,200,4,99,16.3,Mumbai Indians,field,Mumbai Indians
1359529,2023,2023-05-10,"MA Chidambaram Stadium, Chepauk, Chennai",Chennai,1,Chennai Super Kings,Delhi Capitals,167,8,120,20.0,Chennai Super Kings,bat,Chennai Super Kings
1359529,2023,2023-05-10,"MA Chidambaram Stadium, Chepauk, Chennai",Chennai,2,Delhi Capitals,Chennai Super Kings,140,8,120,20.0,Chennai Super Kings,bat,Chennai Super Kings
1359530,2023,2023-05-11,"Eden Gardens, Kolkata",Kolkata,1,Kolkata Knight Riders,Rajasthan Royals,149,8,120,20.0,Rajasthan Royals,field,Rajasthan Royals
1359530,2023,2023-05-11,"Eden Gardens, Kolkata",Kolkata,2,Rajasthan Royals,Kolkata Knight Riders,151,1,79,13.1,Rajasthan Royals,field,Rajasthan Royals
1359531,2023,2023-05-12,"Wankhede Stadium, Mumbai",Mumbai,1,Mumbai Indians,Gujarat Titans,218,5,120,20.0,Gujarat Titans,field,Mumbai Indians
1359531,2023,2023-05-12,"Wankhede Stadium, Mumbai",Mumbai,2,Gujarat Titans,Mumbai Indians,191,8,120,20.0,Gujarat Titans,field,Mumbai Indians
1359532,2023,2023-05-13,"Rajiv Gandhi International Stadium, Uppal, Hyderabad",Hyderabad,1,Sunrisers Hyderabad,Lucknow Super Giants,182,6,120,20.0,Sunrisers Hyderabad,bat,Lucknow Super Giants
1359532,2023,2023-05-13,"Rajiv Gandhi International Stadium, Uppal, Hyderabad",Hyderabad,2,Lucknow Super Giants,Sunrisers Hyderabad,185,3,116,19.2,Sunrisers Hyderabad,bat,Lucknow Super Giants
1359533,2023,2023-05-13,"Arun Jaitley Stadium, Delhi",Delhi,1,Punjab Kings,Delhi Capitals,167,7,120,20.0,Delhi Capitals,field,Punjab Kings
1359533,2023,2023-05-13,"Arun Jaitley Stadium, Delhi",Delhi,2,Delhi Capitals,Punjab Kings,136,8,120,20.0,Delhi Capitals,field,Punjab Kings
1359534,2023,2023-05-14,"Sawai Mansingh Stadium, Jaipur",Jaipur,1,Royal Challengers Bangalore,Rajasthan Royals,171,5,120,20.0,Royal Challengers Bangalore,bat,Royal Challengers Bangalore
1359534,2023,2023-05-14,"Sawai Mansingh Stadium, Jaipur",Jaipur,2,Rajasthan Royals,Royal Challengers Bangalore,59,10,63,10.3,Royal Challengers Bangalore,bat,Royal Challengers Bangalore
1359535,2023,2023-05-14,"MA Chidambaram Stadium, Chepauk, Chennai",Chennai,1,Chennai Super Kings,Kolkata Knight Riders,144,6,120,20.0,Chennai Super Kings,bat,Kolkata Knight Riders
1359535,2023,2023-05-14,"MA Chidambaram Stadium, Chepauk, Chennai",Chennai,2,Kolkata Knight Riders,Chennai Super Kings,147,4,111,18.3,Chennai Super Kings,bat,Kolkata Knight Riders
1359536,2023,2023-05-15,"Narendra Modi Stadium, Ahmedabad",Ahmedabad,1,Gujarat Titans,Sunrisers Hyderabad,188,9,120,20.0,Sunrisers Hyderabad,field,Gujarat Titans
1359536,2023,2023-05-15,"Narendra Modi Stadium, Ahmedabad",Ahmedabad,2,Sunrisers Hyderabad,Gujarat Titans,154,9,120,20.0,Sunrisers Hyderabad,field,Gujarat Titans
1359537,2023,2023-05-16,"Bharat Ratna Shri Atal Bihari Vajpayee Ekana Cricket Stadium, Lucknow",Lucknow,1,Lucknow Super Giants,Mumbai Indians,177,3,120,20.0,Mumbai Indians,field,Lucknow Super Giants
1359537,2023,2023-05-16,"Bharat Ratna Shri Atal Bihari Vajpayee Ekana Cricket Stadium, Lucknow",Lucknow,2,Mumbai Indians,Lucknow Super Giants,172,5,120,20.0,Mumbai Indians,field,Lucknow Super Giants
1359538,2023,2023-05-17,"Himachal Pradesh Cricket Association Stadium, Dharamsala",Dharamsala,1,Delhi Capitals,Punjab Kings,213,2,120,20.0,Punjab Kings,field,Delhi Capitals
1359538,2023,2023-05-17,"Himachal Pradesh Cricket Association Stadium, Dharamsala",Dharamsala,2,Punjab Kings,Delhi Capitals,198,8,120,20.0,Punjab Kings,field,Delhi Capitals
1359539,2023,2023-05-18,"Rajiv Gandhi International Stadium, Uppal, Hyderabad",Hyderabad,1,Sunrisers Hyderabad,Royal Challengers Bangalore,186,5,120,20.0,Royal Challengers Bangalore,field,Royal Challengers Bangalore
1359539,2023,2023-05-18,"Rajiv Gandhi International Stadium, Uppal, Hyderabad",Hyderabad,2,Royal Challengers Bangalore,Sunrisers Hyderabad,187,2,116,19.2,Royal Challengers Bangalore,field,Royal Challengers Bangalore
1359540,2023,2023-05-19,"Himachal Pradesh Cricket Association Stadium, Dharamsala",Dharamsala,1,Punjab Kings,Rajasthan Royals,187,5,120,20.0,Rajasthan Royals,field,Rajasthan Royals
1359540,2023,2023-05-19,"Himachal Pradesh Cricket Association Stadium, Dharamsala",Dharamsala,2,Rajasthan Royals,Punjab Kings,189,6,118,19.4,Rajasthan Royals,field,Rajasthan Royals
1359541,2023,2023-05-20,"Arun Jaitley Stadium, Delhi",Delhi,1,Chennai Super Kings,Delhi Capitals,223,3,120,20.0,Chennai Super Kings,bat,Chennai Super Kings
1359541,2023,2023-05-20,"Arun Jaitley Stadium, Delhi",Delhi,2,Delhi Capitals,Chennai Super Kings,146,9,120,20.0,Chennai Super Kings,bat,Chennai Super Kings
1359542,2023,2023-05-20,"Eden Gardens, Kolkata",Kolkata,1,Lucknow Super Giants,Kolkata Knight Riders,176,8,120,20.0,Kolkata Knight Riders,field,Lucknow Super Giants
1359542,2023,2023-05-20,"Eden Gardens, Kolkata",Kolkata,2,Kolkata Knight Riders,Lucknow Super Giants,175,7,120,20.0,Kolkata Knight Riders,field,Lucknow Super Giants
1359543,2023,2023-05-21,"Wankhede Stadium, Mumbai",Mumbai,1,Sunrisers Hyderabad,Mumbai Indians,200,5,120,20.0,Mumbai Indians,field,Mumbai Indians
1359543,2023,2023-05-21,"Wankhede Stadium, Mumbai",Mumbai,2,Mumbai Indians,Sunrisers Hyderabad,201,2,108,18.0,Mumbai Indians,field,Mumbai Indians
1359544,2023,2023-05-21,"M Chinnaswamy Stadium, Bengaluru",Bengaluru,1,Royal Challengers Bangalore,Gujarat Titans,197,5,120,20.0,Gujarat Titans,field,Gujarat Titans
1359544,2023,2023-05-21,"M Chinnaswamy Stadium, Bengaluru",Bengaluru,2,Gujarat Titans,Royal Challengers Bangalore,198,4,115,19.1,Gujarat Titans,field,Gujarat Titans
1370350,2023,2023-05-23,"MA Chidambaram Stadium, Chepauk, Chennai",Chennai,1,Chennai Super Kings,Gujarat Titans,172,7,120,20.0,Gujarat Titans,field,Chennai Super Kings
1370350,2023,2023-05-23,"MA Chidambaram Stadium, Chepauk, Chennai",Chennai,2,Gujarat Titans,Chennai Super Kings,157,10,120,20.0,Gujarat Titans,field,Chennai Super Kings
1370351,2023,2023-05-24,"MA Chidambaram Stadium, Chepauk, Chennai",Chennai,1,Mumbai Indians,Lucknow Super Giants,182,8,120,20.0,Mumbai Indians,bat,Mumbai Indians
1370351,2023,2023-05-24,"MA Chidambaram Stadium, Chepauk, Chennai",Chennai,2,Lucknow Super Giants,Mumbai Indians,101,10,99,16.3,Mumbai Indians,bat,Mumbai Indians
1370352,2023,2023-05-26,"Narendra Modi Stadium, Ahmedabad",Ahmedabad,1,Gujarat Titans,Mumbai Indians,233,3,120,20.0,Mumbai Indians,field,Gujarat Titans
1370352,2023,2023-05-26,"Narendra Modi Stadium, Ahmedabad",Ahmedabad,2,Mumbai Indians,Gujarat Titans,171,10,110,18.2,Mumbai Indians,field,Gujarat Titans
1370353,2023,2023-05-29,"Narendra Modi Stadium, Ahmedabad",Ahmedabad,1,Gujarat Titans,Chennai Super Kings,214,4,120,20.0,Chennai Super Kings,field,Chennai Super Kings
1370353,2023,2023-05-29,"Narendra Modi Stadium, Ahmedabad",Ahmedabad,2,Chennai Super Kings,Gujarat Titans,171,5,90,15.0,Chennai Super Kings,field,Chennai Super Kings
1422119,2024,2024-03-22,"MA Chidambaram Stadium, Chepauk, Chennai",Chennai,1,Royal Challengers Bengaluru,Chennai Super Kings,173,6,120,20.0,Royal Challengers Bengaluru,bat,Chennai Super Kings
1422119,2024,2024-03-22,"MA Chidambaram Stadium, Chepauk, Chennai",Chennai,2,Chennai Super Kings,Royal Challengers Bengaluru,176,4,112,18.4,Royal Challengers Bengaluru,bat,Chennai Super Kings
1422120,2024,2024-03-23,"Maharaja Yadavindra Singh International Cricket Stadium, Mullanpur",Mohali,1,Delhi Capitals,Punjab Kings,174,9,120,20.0,Punjab Kings,field,Punjab Kings
1422120,2024,2024-03-23,"Maharaja Yadavindra Singh International Cricket Stadium, Mullanpur",Mohali,2,Punjab Kings,Delhi Capitals,177,6,116,19.2,Punjab Kings,field,Punjab Kings
1422121,2024,2024-03-23,"Eden Gardens, Kolkata",Kolkata,1,Kolkata Knight Riders,Sunrisers Hyderabad,208,7,120,20.0,Sunrisers Hyderabad,field,Kolkata Knight Riders
1422121,2024,2024-03-23,"Eden Gardens, Kolkata",Kolkata,2,Sunrisers Hyderabad,Kolkata Knight Riders,204,7,120,20.0,Sunrisers Hyderabad,field,Kolkata Knight Riders
1422122,2024,2024-03-24,"Sawai Mansingh Stadium, Jaipur",Jaipur,1,Rajasthan Royals,Lucknow Super Giants,193,4,120,20.0,Rajasthan Royals,bat,Rajasthan Royals
1422122,2024,2024-03-24,"Sawai Mansingh Stadium, Jaipur",Jaipur,2,Lucknow Super Giants,Rajasthan Royals,173,6,120,20.0,Rajasthan Royals,bat,Rajasthan Royals
1422123,2024,2024-03-24,"Narendra Modi Stadium, Ahmedabad",Ahmedabad,1,Gujarat Titans,Mumbai Indians,168,6,120,20.0,Mumbai Indians,field,Gujarat Titans
1422123,2024,2024-03-24,"Narendra Modi Stadium, Ahmedabad",Ahmedabad,2,Mumbai Indians,Gujarat Titans,162,9,120,20.0,Mumbai Indians,field,Gujarat Titans
1422124,2024,2024-03-25,"M Chinnaswamy Stadium, Bengaluru",Bengaluru,1,Punjab Kings,Royal Challengers Bengaluru,176,6,120,20.0,Royal Challengers Bengaluru,field,Royal Challengers Bengaluru
1422124,2024,2024-03-25,"M Chinnaswamy Stadium, Bengaluru",Bengaluru,2,Royal Challengers Bengaluru,Punjab Kings,178,6,116,19.2,Royal Challengers Bengaluru,field,Royal Challengers Bengaluru
1422125,2024,2024-03-26,"MA Chidambaram Stadium, Chepauk, Chennai",Chennai,1,Chennai Super Kings,Gujarat Titans,206,6,120,20.0,Gujarat Titans,field,Chennai Super Kings
1422125,2024,2024-03-26,"MA Chidambaram Stadium, Chepauk, Chennai",Chennai,2,Gujarat Titans,Chennai Super Kings,143,8,120,20.0,Gujarat Titans,field,Chennai Super Kings
1422126,2024,2024-03-27,"Rajiv Gandhi International Stadium, Uppal, Hyderabad",Hyderabad,1,Sunrisers Hyderabad,Mumbai Indians,277,3,120,20.0,Mumbai Indians,field,Sunrisers Hyderabad
1422126,2024,2024-03-27,"Rajiv Gandhi International Stadium, Uppal, Hyderabad",Hyderabad,2,Mumbai Indians,Sunrisers Hyderabad,246,5,120,20.0,Mumbai Indians,field,Sunrisers Hyderabad
1422127,2024,2024-03-28,"Sawai Mansingh Stadium, Jaipur",Jaipur,1,Rajasthan Royals,Delhi Capitals,185,5,120,20.0,Delhi Capitals,field,Rajasthan Royals
1422127,2024,2024-03-28,"Sawai Mansingh Stadium, Jaipur",Jaipur,2,Delhi Capitals,Rajasthan Royals,173,5,120,20.0,Delhi Capitals,field,Rajasthan Royals
1422128,2024,2024-03-29,"M Chinnaswamy Stadium, Bengaluru",Bengaluru,1,Royal Challengers Bengaluru,Kolkata Knight Riders,182,6,120,20.0,Kolkata Knight Riders,field,Kolkata Knight Riders
1422128,2024,2024-03-29,"M Chinnaswamy Stadium, Bengaluru",Bengaluru,2,Kolkata Knight Riders,Royal Challengers Bengaluru,186,3,101,16.5,Kolkata Knight Riders,field,Kolkata Knight Riders
1422129,2024,2024-03-30,"Bharat Ratna Shri Atal Bihari Vajpayee Ekana Cricket Stadium, Lucknow",Lucknow,1,Lucknow Super Giants,Punjab Kings,199,8,120,20.0,Lucknow Super Giants,bat,Lucknow Super Giants
1422129,2024,2024-03-30,"Bharat Ratna Shri Atal Bihari Vajpayee Ekana Cricket Stadium, Lucknow",Lucknow,2,Punjab Kings,Lucknow Super Giants,178,5,120,20.0,Lucknow Super Giants,bat,Lucknow Super Giants
1422130,2024,2024-03-31,"Narendra Modi Stadium, Ahmedabad",Ahmedabad,1,Sunrisers Hyderabad,Gujarat Titans,162,8,120,20.0,Sunrisers Hyderabad,bat,Gujarat Titans
1422130,2024,2024-03-31,"Narendra Modi Stadium, Ahmedabad",Ahmedabad,2,Gujarat Titans,Sunrisers Hyderabad,168,3,115,19.1,Sunrisers Hyderabad,bat,Gujarat Titans
1422131,2024,2024-03-31,"Dr. Y.S. Rajasekhara Reddy ACA-VDCA Cricket Stadium, Visakhapatnam",Visakhapatnam,1,Delhi Capitals,Chennai Super Kings,191,5,120,20.0,Delhi Capitals,bat,Delhi Capitals
1422131,2024,2024-03-31,"Dr. Y.S. Rajasekhara Reddy ACA-VDCA Cricket Stadium, Visakhapatnam",Visakhapatnam,2,Chennai Super Kings,Delhi Capitals,171,6,120,20.0,Delhi Capitals,bat,Delhi Capitals
1422132,2024,2024-04-01,"Wankhede Stadium, Mumbai",Mumbai,1,Mumbai Indians,Rajasthan Royals,125,9,120,20.0,Rajasthan Royals,field,Rajasthan Royals
1422132,2024,2024-04-01,"Wankhede Stadium, Mumbai",Mumbai,2,Rajasthan Royals,Mumbai Indians,127,4,93,15.3,Rajasthan Royals,field,Rajasthan Royals
1422133,2024,2024-04-02,"M Chinnaswamy Stadium, Bengaluru",Bengaluru,1,Lucknow Super Giants,Royal Challengers Bengaluru,181,5,120,20.0,Royal Challengers Bengaluru,field,Lucknow Super Giants
1422133,2024,2024-04-02,"M Chinnaswamy Stadium, Bengaluru",Bengaluru,2,Royal Challengers Bengaluru,Lucknow Super Giants,153,10,118,19.4,Royal Challengers Bengaluru,field,Lucknow Super Giants
1422134,2024,2024-04-03,"Dr. Y.S. Rajasekhara Reddy ACA-VDCA Cricket Stadium, Visakhapatnam",Visakhapatnam,1,Kolkata Knight Riders,Delhi Capitals,272,7,120,20.0,Kolkata Knight Riders,bat,Kolkata Knight Riders
1422134,2024,2024-04-03,"Dr. Y.S. Rajasekhara Reddy ACA-VDCA Cricket Stadium, Visakhapatnam",Visakhapatnam,2,Delhi Capitals,Kolkata Knight Riders,166,10,104,17.2,Kolkata Knight Riders,bat,Kolkata Knight Riders
1422135,2024,2024-04-04,"Narendra Modi Stadium, Ahmedabad",Ahmedabad,1,Gujarat Titans,Punjab Kings,199,4,120,20.0,Punjab Kings,field,Punjab Kings
1422135,2024,2024-04-04,"Narendra Modi Stadium, Ahmedabad",Ahmedabad,2,Punjab Kings,Gujarat Titans,200,7,119,19.5,Punjab Kings,field,Punjab Kings
1422136,2024,2024-04-05,"Rajiv Gandhi International Stadium, Uppal, Hyderabad",Hyderabad,1,Chennai Super Kings,Sunrisers Hyderabad,165,5,120,20.0,Sunrisers Hyderabad,field,Sunrisers Hyderabad
1422136,2024,2024-04-05,"Rajiv Gandhi International Stadium, Uppal, Hyderabad",Hyderabad,2,Sunrisers Hyderabad,Chennai Super Kings,166,4,109,18.1,Sunrisers Hyderabad,field,Sunrisers Hyderabad
1422137,2024,2024-04-06,"Sawai Mansingh Stadium, Jaipur",Jaipur,1,Royal Challengers Bengaluru,Rajasthan Royals,183,3,120,20.0,Rajasthan Royals,field,Rajasthan Royals
1422137,2024,2024-04-06,"Sawai Mansingh Stadium, Jaipur",Jaipur,2,Rajasthan Royals,Royal Challengers Bengaluru,189,4,115,19.1,Rajasthan Royals,field,Rajasthan Royals
1422138,2024,2024-04-07,"Wankhede Stadium, Mumbai",Mumbai,1,Mumbai Indians,Delhi Capitals,234,5,120,20.0,Delhi Capitals,field,Mumbai Indians
1422138,2024,2024-04-07,"Wankhede Stadium, Mumbai",Mumbai,2,Delhi Capitals,Mumbai Indians,205,8,120,20.0,Delhi Capitals,field,Mumbai Indians
1422139,2024,2024-04-07,"Bharat Ratna Shri Atal Bihari Vajpayee Ekana Cricket Stadium, Lucknow",Lucknow,1,Lucknow Super Giants,Gujarat Titans,163,5,120,20.0,Lucknow Super Giants,bat,Lucknow Super Giants
1422139,2024,2024-04-07,"Bharat Ratna Shri Atal Bihari Vajpayee Ekana Cricket Stadium, Lucknow",Lucknow,2,Gujarat Titans,Lucknow Super Giants,130,10,113,18.5,Lucknow Super Giants,bat,Lucknow Super Giants
1426260,2024,2024-04-08,"MA Chidambaram Stadium, Chepauk, Chennai",Chennai,1,Kolkata Knight Riders,Chennai Super Kings,137,9,120,20.0,Chennai Super Kings,field,Chennai Super Kings
1426260,2024,2024-04-08,"MA Chidambaram Stadium, Chepauk, Chennai",Chennai,2,Chennai Super Kings,Kolkata Knight Riders,141,3,106,17.4,Chennai Super Kings,field,Chennai Super Kings
1426261,2024,2024-04-09,"Maharaja Yadavindra Singh International Cricket Stadium, Mullanpur",Mohali,1,Sunrisers Hyderabad,Punjab Kings,182,9,120,20.0,Punjab Kings,field,Sunrisers Hyderabad
1426261,2024,2024-04-09,"Maharaja Yadavindra Singh International Cricket Stadium, Mullanpur",Mohali,2,Punjab Kings,Sunrisers Hyderabad,180,6,120,20.0,Punjab Kings,field,Sunrisers Hyderabad
1426262,2024,2024-04-10,"Sawai Mansingh Stadium, Jaipur",Jaipur,1,Rajasthan Royals,Gujarat Titans,196,3,120,20.0,Gujarat Titans,field,Gujarat Titans
1426262,2024,2024-04-10,"Sawai Mansingh Stadium, Jaipur",Jaipur,2,Gujarat Titans,Rajasthan Royals,199,7,120,20.0,Gujarat Titans,field,Gujarat Titans
1426263,2024,2024-04-11,"Wankhede Stadium, Mumbai",Mumbai,1,Royal Challengers Bengaluru,Mumbai Indians,196,8,120,20.0,Mumbai Indians,field,Mumbai Indians
1426263,2024,2024-04-11,"Wankhede Stadium, Mumbai",Mumbai,2,Mumbai Indians,Royal Challengers Bengaluru,199,3,93,15.3,Mumbai Indians,field,Mumbai Indians
1426264,2024,2024-04-12,"Bharat Ratna Shri Atal Bihari Vajpayee Ekana Cricket Stadium, Lucknow",Lucknow,1,Lucknow Super Giants,Delhi Capitals,167,7,120,20.0,Lucknow Super Giants,bat,Delhi Capitals
1426264,2024,2024-04-12,"Bharat Ratna Shri Atal Bihari Vajpayee Ekana Cricket Stadium, Lucknow",Lucknow,2,Delhi Capitals,Lucknow Super Giants,170,4,109,18.1,Lucknow Super Giants,bat,Delhi Capitals
1426265,2024,2024-04-13,"Maharaja Yadavindra Singh International Cricket Stadium, Mullanpur",Mohali,1,Punjab Kings,Rajasthan Royals,147,8,120,20.0,Rajasthan Royals,field,Rajasthan Royals
1426265,2024,2024-04-13,"Maharaja Yadavindra Singh International Cricket Stadium, Mullanpur",Mohali,2,Rajasthan Royals,Punjab Kings,152,7,119,19.5,Rajasthan Royals,field,Rajasthan Royals
1426266,2024,2024-04-14,"Eden Gardens, Kolkata",Kolkata,1,Lucknow Super Giants,Kolkata Knight Riders,161,7,120,20.0,Kolkata Knight Riders,field,Kolkata Knight Riders
1426266,2024,2024-04-14,"Eden Gardens, Kolkata",Kolkata,2,Kolkata Knight Riders,Lucknow Super Giants,162,2,94,15.4,Kolkata Knight Riders,field,Kolkata Knight Riders
1426267,2024,2024-04-14,"Wankhede Stadium, Mumbai",Mumbai,1,Chennai Super Kings,Mumbai Indians,206,4,120,20.0,Mumbai Indians,field,Chennai Super Kings
1426267,2024,2024-04-14,"Wankhede Stadium, Mumbai",Mumbai,2,Mumbai Indians,Chennai Super Kings,186,6,120,20.0,Mumbai Indians,field,Chennai Super Kings
1426268,2024,2024-04-15,"M Chinnaswamy Stadium, Bengaluru",Bengaluru,1,Sunrisers Hyderabad,Royal Challengers Bengaluru,287,3,120,20.0,Royal Challengers Bengaluru,field,Sunrisers Hyderabad
1426268,2024,2024-04-15,"M Chinnaswamy Stadium, Bengaluru",Bengaluru,2,Royal Challengers Bengaluru,Sunrisers Hyderabad,262,7,120,20.0,Royal Challengers Bengaluru,field,Sunrisers Hyderabad
1426269,2024,2024-04-16,"Eden Gardens, Kolkata",Kolkata,1,Kolkata Knight Riders,Rajasthan Royals,223,6,120,20.0,Rajasthan Royals,field,Rajasthan Royals
1426269,2024,2024-04-16,"Eden Gardens, Kolkata",Kolkata,2,Rajasthan Royals,Kolkata Knight Riders,224,8,120,20.0,Rajasthan Royals,field,Rajasthan Royals
1426270,2024,2024-04-17,"Narendra Modi Stadium, Ahmedabad",Ahmedabad,1,Gujarat Titans,Delhi Capitals,89,10,105,17.3,Delhi Capitals,field,Delhi Capitals
1426270,2024,2024-04-17,"Narendra Modi Stadium, Ahmedabad",Ahmedabad,2,Delhi Capitals,Gujarat Titans,92,4,53,8.5,Delhi Capitals,field,Delhi Capitals
1426271,2024,2024-04-18,"Maharaja Yadavindra Singh International Cricket Stadium, Mullanpur",Mohali,1,Mumbai Indians,Punjab Kings,192,7,120,20.0,Punjab Kings,field,Mumbai Indians
1426271,2024,2024-04-18,"Maharaja Yadavindra Singh International Cricket Stadium, Mullanpur",Mohali,2,Punjab Kings,Mumbai Indians,183,10,115,19.1,Punjab Kings,field,Mumbai Indians
1426272,2024,2024-04-19,"Bharat Ratna Shri Atal Bihari Vajpayee Ekana Cricket Stadium, Lucknow",Lucknow,1,Chennai Super Kings,Lucknow Super Giants,176,6,120,20.0,Lucknow Super Giants,field,Lucknow Super Giants
1426272,2024,2024-04-19,"Bharat Ratna Shri Atal Bihari Vajpayee Ekana Cricket Stadium, Lucknow",Lucknow,2,Lucknow Super Giants,Chennai Super Kings,180,2,114,19.0,Lucknow Super Giants,field,Lucknow Super Giants
1426273,2024,2024-04-20,"Arun Jaitley Stadium, Delhi",Delhi,1,Sunrisers Hyderabad,Delhi Capitals,266,7,120,20.0,Delhi Capitals,field,Sunrisers Hyderabad
1426273,2024,2024-04-20,"Arun Jaitley Stadium, Delhi",Delhi,2,Delhi Capitals,Sunrisers Hyderabad,199,10,115,19.1,Delhi Capitals,field,Sunrisers Hyderabad
1426274,2024,2024-04-21,"Eden Gardens, Kolkata",Kolkata,1,Kolkata Knight Riders,Royal Challengers Bengaluru,222,6,120,20.0,Royal Challengers Bengaluru,field,Kolkata Knight Riders
1426274,2024,2024-04-21,"Eden Gardens, Kolkata",Kolkata,2,Royal Challengers Bengaluru,Kolkata Knight Riders,221,10,120,20.0,Royal Challengers Bengaluru,field,Kolkata Knight Riders
1426275,2024,2024-04-21,"Maharaja Yadavindra Singh International Cricket Stadium, Mullanpur",Mohali,1,Punjab Kings,Gujarat Titans,142,10,120,20.0,Punjab Kings,bat,Gujarat Titans
1426275,2024,2024-04-21,"Maharaja Yadavindra Singh International Cricket Stadium, Mullanpur",Mohali,2,Gujarat Titans,Punjab Kings,146,7,115,19.1,Punjab Kings,bat,Gujarat Titans
1426276,2024,2024-04-22,"Sawai Mansingh Stadium, Jaipur",Jaipur,1,Mumbai Indians,Rajasthan Royals,179,9,120,20.0,Mumbai Indians,bat,Rajasthan Royals
1426276,2024,2024-04-22,"Sawai Mansingh Stadium, Jaipur",Jaipur,2,Rajasthan Royals,Mumbai Indians,183,1,112,18.4,Mumbai Indians,bat,Rajasthan Royals
1426277,2024,2024-04-23,"MA Chidambaram Stadium, Chepauk, Chennai",Chennai,1,Chennai Super Kings,Lucknow Super Giants,210,4,120,20.0,Lucknow Super Giants,field,Lucknow Super Giants
1426277,2024,2024-04-23,"MA Chidambaram Stadium, Chepauk, Chennai",Chennai,2,Lucknow Super Giants,Chennai Super Kings,213,4,117,19.3,Lucknow Super Giants,field,Lucknow Super Giants
1426278,2024,2024-04-24,"Arun Jaitley Stadium, Delhi",Delhi,1,Delhi Capitals,Gujarat Titans,224,4,120,20.0,Gujarat Titans,field,Delhi Capitals
1426278,2024,2024-04-24,"Arun Jaitley Stadium, Delhi",Delhi,2,Gujarat Titans,Delhi Capitals,220,8,120,20.0,Gujarat Titans,field,Delhi Capitals
1426279,2024,2024-04-25,"Rajiv Gandhi International Stadium, Uppal, Hyderabad",Hyderabad,1,Royal Challengers Bengaluru,Sunrisers Hyderabad,206,7,120,20.0,Royal Challengers Bengaluru,bat,Royal Challengers Bengaluru
1426279,2024,2024-04-25,"Rajiv Gandhi International Stadium, Uppal, Hyderabad",Hyderabad,2,Sunrisers Hyderabad,Royal Challengers Bengaluru,171,8,120,20.0,Royal Challengers Bengaluru,bat,Royal Challengers Bengaluru
1426280,2024,2024-04-26,"Eden Gardens, Kolkata",Kolkata,1,Kolkata Knight Riders,Punjab Kings,261,6,120,20.0,Punjab Kings,field,Punjab Kings
1426280,2024,2024-04-26,"Eden Gardens, Kolkata",Kolkata,2,Punjab Kings,Kolkata Knight Riders,262,2,112,18.4,Punjab Kings,field,Punjab Kings
1426281,2024,2024-04-27,"Arun Jaitley Stadium, Delhi",Delhi,1,Delhi Capitals,Mumbai Indians,257,4,120,20.0,Mumbai Indians,field,Delhi Capitals
1426281,2024,2024-04-27,"Arun Jaitley Stadium, Delhi",Delhi,2,Mumbai Indians,Delhi Capitals,247,9,120,20.0,Mumbai Indians,field,Delhi Capitals
1426282,2024,2024-04-27,"Bharat Ratna Shri Atal Bihari Vajpayee Ekana Cricket Stadium, Lucknow",Lucknow,1,Lucknow Super Giants,Rajasthan Royals,196,5,120,20.0,Rajasthan Royals,field,Rajasthan Royals
1426282,2024,2024-04-27,"Bharat Ratna Shri Atal Bihari Vajpayee Ekana Cricket Stadium, Lucknow",Lucknow,2,Rajasthan Royals,Lucknow Super Giants,199,3,114,19.0,Rajasthan Royals,field,Rajasthan Royals
1426283,2024,2024-04-28,"Narendra Modi Stadium, Ahmedabad",Ahmedabad,1,Gujarat Titans,Royal Challengers Bengaluru,200,3,120,20.0,Royal Challengers Bengaluru,field,Royal Challengers Bengaluru
1426283,2024,2024-04-28,"Narendra Modi Stadium, Ahmedabad",Ahmedabad,2,Royal Challengers Bengaluru,Gujarat Titans,206,1,96,16.0,Royal Challengers Bengaluru,field,Royal Challengers Bengaluru
1426284,2024,2024-04-28,"MA Chidambaram Stadium, Chepauk, Chennai",Chennai,1,Chennai Super Kings,Sunrisers Hyderabad,212,3,120,20.0,Sunrisers Hyderabad,field,Chennai Super Kings
1426284,2024,2024-04-28,"MA Chidambaram Stadium, Chepauk, Chennai",Chennai,2,Sunrisers Hyderabad,Chennai Super Kings,134,10,113,18.5,Sunrisers Hyderabad,field,Chennai Super Kings
1426285,2024,2024-04-29,"Eden Gardens, Kolkata",Kolkata,1,Delhi Capitals,Kolkata Knight Riders,153,9,120,20.0,Delhi Capitals,bat,Kolkata Knight Riders
1426285,2024,2024-04-29,"Eden Gardens, Kolkata",Kolkata,2,Kolkata Knight Riders,Delhi Capitals,157,3,99,16.3,Delhi Capitals,bat,Kolkata Knight Riders
1426286,2024,2024-04-30,"Bharat Ratna Shri Atal Bihari Vajpayee Ekana Cricket Stadium, Lucknow",Lucknow,1,Mumbai Indians,Lucknow Super Giants,144,7,120,20.0,Lucknow Super Giants,field,Lucknow Super Giants
1426286,2024,2024-04-30,"Bharat Ratna Shri Atal Bihari Vajpayee Ekana Cricket Stadium, Lucknow",Lucknow,2,Lucknow Super Giants,Mumbai Indians,145,6,116,19.2,Lucknow Super Giants,field,Lucknow Super Giants
1426287,2024,2024-05-01,"MA Chidambaram Stadium, Chepauk, Chennai",Chennai,1,Chennai Super Kings,Punjab Kings,162,7,120,20.0,Punjab Kings,field,Punjab Kings
1426287,2024,2024-05-01,"MA Chidambaram Stadium, Chepauk, Chennai",Chennai,2,Punjab Kings,Chennai Super Kings,163,3,107,17.5,Punjab Kings,field,Punjab Kings
1426288,2024,2024-05-02,"Rajiv Gandhi International Stadium, Uppal, Hyderabad",Hyderabad,1,Sunrisers Hyderabad,Rajasthan Royals,201,3,120,20.0,Sunrisers Hyderabad,bat,Sunrisers Hyderabad
1426288,2024,2024-05-02,"Rajiv Gandhi International Stadium, Uppal, Hyderabad",Hyderabad,2,Rajasthan Royals,Sunrisers Hyderabad,200,7,120,20.0,Sunrisers Hyderabad,bat,Sunrisers Hyderabad
1426289,2024,2024-05-03,"Wankhede Stadium, Mumbai",Mumbai,1,Kolkata Knight Riders,Mumbai Indians,169,10,119,19.5,Mumbai Indians,field,Kolkata Knight Riders
1426289,2024,2024-05-03,"Wankhede Stadium, Mumbai",Mumbai,2,Mumbai Indians,Kolkata Knight Riders,145,10,113,18.5,Mumbai Indians,field,Kolkata Knight Riders
1426290,2024,2024-05-04,"M Chinnaswamy Stadium, Bengaluru",Bengaluru,1,Gujarat Titans,Royal Challengers Bengaluru,147,10,117,19.3,Royal Challengers Bengaluru,field,Royal Challengers Bengaluru
1426290,2024,2024-05-04,"M Chinnaswamy Stadium, Bengaluru",Bengaluru,2,Royal Challengers Bengaluru,Gujarat Titans,152,6,82,13.4,Royal Challengers Bengaluru,field,Royal Challengers Bengaluru
1426291,2024,2024-05-05,"Himachal Pradesh Cricket Association Stadium, Dharamsala",Dharamsala,1,Chennai Super Kings,Punjab Kings,167,9,120,20.0,Punjab Kings,field,Chennai Super Kings
1426291,2024,2024-05-05,"Himachal Pradesh Cricket Association Stadium, Dharamsala",Dharamsala,2,Punjab Kings,Chennai Super Kings,139,9,120,20.0,Punjab Kings,field,Chennai Super Kings
1426292,2024,2024-05-05,"Bharat Ratna Shri Atal Bihari Vajpayee Ekana Cricket Stadium, Lucknow",Lucknow,1,Kolkata Knight Riders,Lucknow Super Giants,235,6,120,20.0,Lucknow Super Giants,field,Kolkata Knight Riders
1426292,2024,2024-05-05,"Bharat Ratna Shri Atal Bihari Vajpayee Ekana Cricket Stadium, Lucknow",Lucknow,2,Lucknow Super Giants,Kolkata Knight Riders,137,10,97,16.1,Lucknow Super Giants,field,Kolkata Knight Riders
1426293,2024,2024-05-06,"Wankhede Stadium, Mumbai",Mumbai,1,Sunrisers Hyderabad,Mumbai Indians,173,8,120,20.0,Mumbai Indians,field,Mumbai Indians
1426293,2024,2024-05-06,"Wankhede Stadium, Mumbai",Mumbai,2,Mumbai Indians,Sunrisers Hyderabad,174,3,104,17.2,Mumbai Indians,field,Mumbai Indians
1426294,2024,2024-05-07,"Arun Jaitley Stadium, Delhi",Delhi,1,Delhi Capitals,Rajasthan Royals,221,8,120,20.0,Rajasthan Royals,field,Delhi Capitals
1426294,2024,2024-05-07,"Arun Jaitley Stadium, Delhi",Delhi,2,Rajasthan Royals,Delhi Capitals,201,8,120,20.0,Rajasthan Royals,field,Delhi Capitals
1426295,2024,2024-05-08,"Rajiv Gandhi International Stadium, Uppal, Hyderabad",Hyderabad,1,Lucknow Super Giants,Sunrisers Hyderabad,165,4,120,20.0,Lucknow Super Giants,bat,Sunrisers Hyderabad
1426295,2024,2024-05-08,"Rajiv Gandhi International Stadium, Uppal, Hyderabad",Hyderabad,2,Sunrisers Hyderabad,Lucknow Super Giants,167,0,58,9.4,Lucknow Super Giants,bat,Sunrisers Hyderabad
1426296,2024,2024-05-09,"Himachal Pradesh Cricket Association Stadium, Dharamsala",Dharamsala,1,Royal Challengers Bengaluru,Punjab Kings,241,7,120,20.0,Punjab Kings,field,Royal Challengers Bengaluru
1426296,2024,2024-05-09,"Himachal Pradesh Cricket Association Stadium, Dharamsala",Dharamsala,2,Punjab Kings,Royal Challengers Bengaluru,181,10,102,17.0,Punjab Kings,field,Royal Challengers Bengaluru
1426297,2024,2024-05-10,"Narendra Modi Stadium, Ahmedabad",Ahmedabad,1,Gujarat Titans,Chennai Super Kings,231,3,120,20.0,Chennai Super Kings,field,Gujarat Titans
1426297,2024,2024-05-10,"Narendra Modi Stadium, Ahmedabad",Ahmedabad,2,Chennai Super Kings,Gujarat Titans,196,8,120,20.0,Chennai Super Kings,field,Gujarat Titans
1426298,2024,2024-05-11,"Eden Gardens, Kolkata",Kolkata,1,Kolkata Knight Riders,Mumbai Indians,157,7,96,16.0,Mumbai Indians,field,Kolkata Knight Riders
1426298,2024,2024-05-11,"Eden Gardens, Kolkata",Kolkata,2,Mumbai Indians,Kolkata Knight Riders,139,8,96,16.0,Mumbai Indians,field,Kolkata Knight Riders
1426299,2024,2024-05-12,"MA Chidambaram Stadium, Chepauk, Chennai",Chennai,1,Rajasthan Royals,Chennai Super Kings,141,5,120,20.0,Rajasthan Royals,bat,Chennai Super Kings
1426299,2024,2024-05-12,"MA Chidambaram Stadium, Chepauk, Chennai",Chennai,2,Chennai Super Kings,Rajasthan Royals,145,5,110,18.2,Rajasthan Royals,bat,Chennai Super Kings
1426300,2024,2024-05-12,"M Chinnaswamy Stadium, Bengaluru",Bengaluru,1,Royal Challengers Bengaluru,Delhi Capitals,187,9,120,20.0,Delhi Capitals,field,Royal Challengers Bengaluru
1426300,2024,2024-05-12,"M Chinnaswamy Stadium, Bengaluru",Bengaluru,2,Delhi Capitals,Royal Challengers Bengaluru,140,10,115,19.1,Delhi Capitals,field,Royal Challengers Bengaluru
1426302,2024,2024-05-14,"Arun Jaitley Stadium, Delhi",Delhi,1,Delhi Capitals,Lucknow Super Giants,208,4,120,20.0,Lucknow Super Giants,field,Delhi Capitals
1426302,2024,2024-05-14,"Arun Jaitley Stadium, Delhi",Delhi,2,Lucknow Super Giants,Delhi Capitals,189,9,120,20.0,Lucknow Super Giants,field,Delhi Capitals
1426303,2024,2024-05-15,"Barsapara Cricket Stadium, Guwahati",Guwahati,1,Rajasthan Royals,Punjab Kings,144,9,120,20.0,Rajasthan Royals,bat,Punjab Kings
1426303,2024,2024-05-15,"Barsapara Cricket Stadium, Guwahati",Guwahati,2,Punjab Kings,Rajasthan Royals,145,5,113,18.5,Rajasthan Royals,bat,Punjab Kings
1426305,2024,2024-05-17,"Wankhede Stadium, Mumbai",Mumbai,1,Lucknow Super Giants,Mumbai Indians,214,6,120,20.0,Mumbai Indians,field,Lucknow Super Giants
1426305,2024,2024-05-17,"Wankhede Stadium, Mumbai",Mumbai,2,Mumbai Indians,Lucknow Super Giants,196,6,120,20.0,Mumbai Indians,field,Lucknow Super Giants
1426306,2024,2024-05-18,"M Chinnaswamy Stadium, Bengaluru",Bengaluru,1,Royal Challengers Bengaluru,Chennai Super Kings,218,5,120,20.0,Chennai Super Kings,field,Royal Challengers Bengaluru
1426306,2024,2024-05-18,"M Chinnaswamy Stadium, Bengaluru",Bengaluru,2,Chennai Super Kings,Royal Challengers Bengaluru,191,7,120,20.0,Chennai Super Kings,field,Royal Challengers Bengaluru
1426307,2024,2024-05-19,"Rajiv Gandhi International Stadium, Uppal, Hyderabad",Hyderabad,1,Punjab Kings,Sunrisers Hyderabad,214,5,120,20.0,Punjab Kings,bat,Sunrisers Hyderabad
1426307,2024,2024-05-19,"Rajiv Gandhi International Stadium, Uppal, Hyderabad",Hyderabad,2,Sunrisers Hyderabad,Punjab Kings,215,6,115,19.1,Punjab Kings,bat,Sunrisers Hyderabad
1426309,2024,2024-05-21,"Narendra Modi Stadium, Ahmedabad",Ahmedabad,1,Sunrisers Hyderabad,Kolkata Knight Riders,159,10,117,19.3,Sunrisers Hyderabad,bat,Kolkata Knight Riders
1426309,2024,2024-05-21,"Narendra Modi Stadium, Ahmedabad",Ahmedabad,2,Kolkata Knight Riders,Sunrisers Hyderabad,164,2,82,13.4,Sunrisers Hyderabad,bat,Kolkata Knight Riders
1426310,2024,2024-05-22,"Narendra Modi Stadium, Ahmedabad",Ahmedabad,1,Royal Challengers Bengaluru,Rajasthan Royals,172,8,120,20.0,Rajasthan Royals,field,Rajasthan Royals
1426310,2024,2024-05-22,"Narendra Modi Stadium, Ahmedabad",Ahmedabad,2,Rajasthan Royals,Royal Challengers Bengaluru,174,6,114,19.0,Rajasthan Royals,field,Rajasthan Royals
1426311,2024,2024-05-24,"MA Chidambaram Stadium, Chepauk, Chennai",Chennai,1,Sunrisers Hyderabad,Rajasthan Royals,175,9,120,20.0,Rajasthan Royals,field,Sunrisers Hyderabad
1426311,2024,2024-05-24,"MA Chidambaram Stadium, Chepauk, Chennai",Chennai,2,Rajasthan Royals,Sunrisers Hyderabad,139,7,120,20.0,Rajasthan Royals,field,Sunrisers Hyderabad
1426312,2024,2024-05-26,"MA Chidambaram Stadium, Chepauk, Chennai",Chennai,1,Sunrisers Hyderabad,Kolkata Knight Riders,113,10,111,18.3,Sunrisers Hyderabad,bat,Kolkata Knight Riders
1426312,2024,2024-05-26,"MA Chidambaram Stadium, Chepauk, Chennai",Chennai,2,Kolkata Knight Riders,Sunrisers Hyderabad,114,2,63,10.3,Sunrisers Hyderabad,bat,Kolkata Knight Riders
1473438,2025,2025-03-22,"Eden Gardens, Kolkata",Kolkata,1,Kolkata Knight Riders,Royal Challengers Bengaluru,174,8,120,20.0,Royal Challengers Bengaluru,field,Royal Challengers Bengaluru
1473438,2025,2025-03-22,"Eden Gardens, Kolkata",Kolkata,2,Royal Challengers Bengaluru,Kolkata Knight Riders,177,3,98,16.2,Royal Challengers Bengaluru,field,Royal Challengers Bengaluru
1473439,2025,2025-03-23,"Rajiv Gandhi International Stadium, Uppal, Hyderabad",Hyderabad,1,Sunrisers Hyderabad,Rajasthan Royals,286,6,120,20.0,Rajasthan Royals,field,Sunrisers Hyderabad
1473439,2025,2025-03-23,"Rajiv Gandhi International Stadium, Uppal, Hyderabad",Hyderabad,2,Rajasthan Royals,Sunrisers Hyderabad,242,6,120,20.0,Rajasthan Royals,field,Sunrisers Hyderabad
1473440,2025,2025-03-23,"MA Chidambaram Stadium, Chepauk, Chennai",Chennai,1,Mumbai Indians,Chennai Super Kings,155,9,120,20.0,Chennai Super Kings,field,Chennai Super Kings
1473440,2025,2025-03-23,"MA Chidambaram Stadium, Chepauk, Chennai",Chennai,2,Chennai Super Kings,Mumbai Indians,158,6,115,19.1,Chennai Super Kings,field,Chennai Super Kings
1473441,2025,2025-03-24,"Dr. Y.S. Rajasekhara Reddy ACA-VDCA Cricket Stadium, Visakhapatnam",Visakhapatnam,1,Lucknow Super Giants,Delhi Capitals,209,8,120,20.0,Delhi Capitals,field,Delhi Capitals
1473441,2025,2025-03-24,"Dr. Y.S. Rajasekhara Reddy ACA-VDCA Cricket Stadium, Visakhapatnam",Visakhapatnam,2,Delhi Capitals,Lucknow Super Giants,211,9,117,19.3,Delhi Capitals,field,Delhi Capitals
1473442,2025,2025-03-25,"Narendra Modi Stadium, Ahmedabad",Ahmedabad,1,Punjab Kings,Gujarat Titans,243,5,120,20.0,Gujarat Titans,field,Punjab Kings
1473442,2025,2025-03-25,"Narendra Modi Stadium, Ahmedabad",Ahmedabad,2,Gujarat Titans,Punjab Kings,232,5,120,20.0,Gujarat Titans,field,Punjab Kings
1473443,2025,2025-03-26,"Barsapara Cricket Stadium, Guwahati",Guwahati,1,Rajasthan Royals,Kolkata Knight Riders,151,9,120,20.0,Kolkata Knight Riders,field,Kolkata Knight Riders
1473443,2025,2025-03-26,"Barsapara Cricket Stadium, Guwahati",Guwahati,2,Kolkata Knight Riders,Rajasthan Royals,153,2,105,17.3,Kolkata Knight Riders,field,Kolkata Knight Riders
1473444,2025,2025-03-27,"Rajiv Gandhi International Stadium, Uppal, Hyderabad",Hyderabad,1,Sunrisers Hyderabad,Lucknow Super Giants,190,9,120,20.0,Lucknow Super Giants,field,Lucknow Super Giants
1473444,2025,2025-03-27,"Rajiv Gandhi International Stadium, Uppal, Hyderabad",Hyderabad,2,Lucknow Super Giants,Sunrisers Hyderabad,193,5,97,16.1,Lucknow Super Giants,field,Lucknow Super Giants
1473445,2025,2025-03-28,"MA Chidambaram Stadium, Chepauk, Chennai",Chennai,1,Royal Challengers Bengaluru,Chennai Super Kings,196,7,120,20.0,Chennai Super Kings,field,Royal Challengers Bengaluru
1473445,2025,2025-03-28,"MA Chidambaram Stadium, Chepauk, Chennai",Chennai,2,Chennai Super Kings,Royal Challengers Bengaluru,146,8,120,20.0,Chennai Super Kings,field,Royal Challengers Bengaluru
1473446,2025,2025-03-29,"Narendra Modi Stadium, Ahmedabad",Ahmedabad,1,Gujarat Titans,Mumbai Indians,196,8,120,20.0,Mumbai Indians,field,Gujarat Titans
1473446,2025,2025-03-29,"Narendra Modi Stadium, Ahmedabad",Ahmedabad,2,Mumbai Indians,Gujarat Titans,160,6,120,20.0,Mumbai Indians,field,Gujarat Titans
1473447,2025,2025-03-30,"Dr. Y.S. Rajasekhara Reddy ACA-VDCA Cricket Stadium, Visakhapatnam",Visakhapatnam,1,Sunrisers Hyderabad,Delhi Capitals,163,10,112,18.4,Sunrisers Hyderabad,bat,Delhi Capitals
1473447,2025,2025-03-30,"Dr. Y.S. Rajasekhara Reddy ACA-VDCA Cricket Stadium, Visakhapatnam",Visakhapatnam,2,Delhi Capitals,Sunrisers Hyderabad,166,3,96,16.0,Sunrisers Hyderabad,bat,Delhi Capitals
1473448,2025,2025-03-30,"Barsapara Cricket Stadium, Guwahati",Guwahati,1,Rajasthan Royals,Chennai Super Kings,182,9,120,20.0,Chennai Super Kings,field,Rajasthan Royals
1473448,2025,2025-03-30,"Barsapara Cricket Stadium, Guwahati",Guwahati,2,Chennai Super Kings,Rajasthan Royals,176,6,120,20.0,Chennai Super Kings,field,Rajasthan Royals
1473449,2025,2025-03-31,"Wankhede Stadium, Mumbai",Mumbai,1,Kolkata Knight Riders,Mumbai Indians,116,10,98,16.2,Mumbai Indians,field,Mumbai Indians
1473449,2025,2025-03-31,"Wankhede Stadium, Mumbai",Mumbai,2,Mumbai Indians,Kolkata Knight Riders,121,2,77,12.5,Mumbai Indians,field,Mumbai Indians
1473450,2025,2025-04-01,"Bharat Ratna Shri Atal Bihari Vajpayee Ekana Cricket Stadium, Lucknow",Lucknow,1,Lucknow Super Giants,Punjab Kings,171,7,120,20.0,Punjab Kings,field,Punjab Kings
1473450,2025,2025-04-01,"Bharat Ratna Shri Atal Bihari Vajpayee Ekana Cricket Stadium, Lucknow",Lucknow,2,Punjab Kings,Lucknow Super Giants,177,2,98,16.2,Punjab Kings,field,Punjab Kings
1473451,2025,2025-04-02,"M Chinnaswamy Stadium, Bengaluru",Bengaluru,1,Royal Challengers Bengaluru,Gujarat Titans,169,8,120,20.0,Gujarat Titans,field,Gujarat Titans
1473451,2025,2025-04-02,"M Chinnaswamy Stadium, Bengaluru",Bengaluru,2,Gujarat Titans,Royal Challengers Bengaluru,170,2,107,17.5,Gujarat Titans,field,Gujarat Titans
1473452,2025,2025-04-03,"Eden Gardens, Kolkata",Kolkata,1,Kolkata Knight Riders,Sunrisers Hyderabad,200,6,120,20.0,Sunrisers Hyderabad,field,Kolkata Knight Riders
1473452,2025,2025-04-03,"Eden Gardens, Kolkata",Kolkata,2,Sunrisers Hyderabad,Kolkata Knight Riders,120,10,100,16.4,Sunrisers Hyderabad,field,Kolkata Knight Riders
1473453,2025,2025-04-04,"Bharat Ratna Shri Atal Bihari Vajpayee Ekana Cricket Stadium, Lucknow",Lucknow,1,Lucknow Super Giants,Mumbai Indians,203,8,120,20.0,Mumbai Indians,field,Lucknow Super Giants
1473453,2025,2025-04-04,"Bharat Ratna Shri Atal Bihari Vajpayee Ekana Cricket Stadium, Lucknow",Lucknow,2,Mumbai Indians,Lucknow Super Giants,191,5,120,20.0,Mumbai Indians,field,Lucknow Super Giants
1473454,2025,2025-04-05,"MA Chidambaram Stadium, Chepauk, Chennai",Chennai,1,Delhi Capitals,Chennai Super Kings,183,6,120,20.0,Delhi Capitals,bat,Delhi Capitals
1473454,2025,2025-04-05,"MA Chidambaram Stadium, Chepauk, Chennai",Chennai,2,Chennai Super Kings,Delhi Capitals,158,5,120,20.0,Delhi Capitals,bat,Delhi Capitals
1473455,2025,2025-04-05,"Maharaja Yadavindra Singh International Cricket Stadium, Mullanpur",Mohali,1,Rajasthan Royals,Punjab Kings,205,4,120,20.0,Punjab Kings,field,Rajasthan Royals
1473455,2025,2025-04-05,"Maharaja Yadavindra Singh International Cricket Stadium, Mullanpur",Mohali,2,Punjab Kings,Rajasthan Royals,155,9,120,20.0,Punjab Kings,field,Rajasthan Royals
1473456,2025,2025-04-08,"Eden Gardens, Kolkata",Kolkata,1,Lucknow Super Giants,Kolkata Knight Riders,238,3,120,20.0,Kolkata Knight Riders,field,Lucknow Super Giants
1473456,2025,2025-04-08,"Eden Gardens, Kolkata",Kolkata,2,Kolkata Knight Riders,Lucknow Super Giants,234,7,120,20.0,Kolkata Knight Riders,field,Lucknow Super Giants
1473457,2025,2025-04-06,"Rajiv Gandhi International Stadium, Uppal, Hyderabad",Hyderabad,1,Sunrisers Hyderabad,Gujarat Titans,152,8,120,20.0,Gujarat Titans,field,Gujarat Titans
1473457,2025,2025-04-06,"Rajiv Gandhi International Stadium, Uppal, Hyderabad",Hyderabad,2,Gujarat Titans,Sunrisers Hyderabad,153,3,100,16.4,Gujarat Titans,field,Gujarat Titans
1473458,2025,2025-04-07,"Wankhede Stadium, Mumbai",Mumbai,1,Royal Challengers Bengaluru,Mumbai Indians,221,5,120,20.0,Mumbai Indians,field,Royal Challengers Bengaluru
1473458,2025,2025-04-07,"Wankhede Stadium, Mumbai",Mumbai,2,Mumbai Indians,Royal Challengers Bengaluru,209,9,120,20.0,Mumbai Indians,field,Royal Challengers Bengaluru
1473459,2025,2025-04-08,"Maharaja Yadavindra Singh International Cricket Stadium, Mullanpur",Mohali,1,Punjab Kings,Chennai Super Kings,219,6,120,20.0,Punjab Kings,bat,Punjab Kings
1473459,2025,2025-04-08,"Maharaja Yadavindra Singh International Cricket Stadium, Mullanpur",Mohali,2,Chennai Super Kings,Punjab Kings,201,5,120,20.0,Punjab Kings,bat,Punjab Kings
1473460,2025,2025-04-09,"Narendra Modi Stadium, Ahmedabad",Ahmedabad,1,Gujarat Titans,Rajasthan Royals,217,6,120,20.0,Rajasthan Royals,field,Gujarat Titans
1473460,2025,2025-04-09,"Narendra Modi Stadium, Ahmedabad",Ahmedabad,2,Rajasthan Royals,Gujarat Titans,159,10,116,19.2,Rajasthan Royals,field,Gujarat Titans
1473461,2025,2025-04-10,"M Chinnaswamy Stadium, Bengaluru",Bengaluru,1,Royal Challengers Bengaluru,Delhi Capitals,163,7,120,20.0,Delhi Capitals,field,Delhi Capitals
1473461,2025,2025-04-10,"M Chinnaswamy Stadium, Bengaluru",Bengaluru,2,Delhi Capitals,Royal Challengers Bengaluru,169,4,107,17.5,Delhi Capitals,field,Delhi Capitals
1473462,2025,2025-04-11,"MA Chidambaram Stadium, Chepauk, Chennai",Chennai,1,Chennai Super Kings,Kolkata Knight Riders,103,9,120,20.0,Kolkata Knight Riders,field,Kolkata Knight Riders
1473462,2025,2025-04-11,"MA Chidambaram Stadium, Chepauk, Chennai",Chennai,2,Kolkata Knight Riders,Chennai Super Kings,107,2,61,10.1,Kolkata Knight Riders,field,Kolkata Knight Riders
1473463,2025,2025-04-12,"Bharat Ratna Shri Atal Bihari Vajpayee Ekana Cricket Stadium, Lucknow",Lucknow,1,Gujarat Titans,Lucknow Super Giants,180,6,120,20.0,Lucknow Super Giants,field,Lucknow Super Giants
1473463,2025,2025-04-12,"Bharat Ratna Shri Atal Bihari Vajpayee Ekana Cricket Stadium, Lucknow",Lucknow,2,Lucknow Super Giants,Gujarat Titans,186,4,117,19.3,Lucknow Super Giants,field,Lucknow Super Giants
1473464,2025,2025-04-12,"Rajiv Gandhi International Stadium, Uppal, Hyderabad",Hyderabad,1,Punjab Kings,Sunrisers Hyderabad,245,6,120,20.0,Punjab Kings,bat,Sunrisers Hyderabad
1473464,2025,2025-04-12,"Rajiv Gandhi International Stadium, Uppal, Hyderabad",Hyderabad,2,Sunrisers Hyderabad,Punjab Kings,247,2,111,18.3,Punjab Kings,bat,Sunrisers Hyderabad
1473465,2025,2025-04-13,"Sawai Mansingh Stadium, Jaipur",Jaipur,1,Rajasthan Royals,Royal Challengers Bengaluru,173,4,120,20.0,Royal Challengers Bengaluru,field,Royal Challengers Bengaluru
1473465,2025,2025-04-13,"Sawai Mansingh Stadium, Jaipur",Jaipur,2,Royal Challengers Bengaluru,Rajasthan Royals,175,1,105,17.3,Royal Challengers Bengaluru,field,Royal Challengers Bengaluru
1473466,2025,2025-04-13,"Arun Jaitley Stadium, Delhi",Delhi,1,Mumbai Indians,Delhi Capitals,205,5,120,20.0,Delhi Capitals,field,Mumbai Indians
1473466,2025,2025-04-13,"Arun Jaitley Stadium, Delhi",Delhi,2,Delhi Capitals,Mumbai Indians,193,10,114,19.0,Delhi Capitals,field,Mumbai Indians
1473467,2025,2025-04-14,"Bharat Ratna Shri Atal Bihari Vajpayee Ekana Cricket Stadium, Lucknow",Lucknow,1,Lucknow Super Giants,Chennai Super Kings,166,7,120,20.0,Chennai Super Kings,field,Chennai Super Kings
1473467,2025,2025-04-14,"Bharat Ratna Shri Atal Bihari Vajpayee Ekana Cricket Stadium, Lucknow",Lucknow,2,Chennai Super Kings,Lucknow Super Giants,168,5,117,19.3,Chennai Super Kings,field,Chennai Super Kings
1473468,2025,2025-04-15,"Maharaja Yadavindra Singh International Cricket Stadium, Mullanpur",Mohali,1,Punjab Kings,Kolkata Knight Riders,111,10,93,15.3,Punjab Kings,bat,Punjab Kings
1473468,2025,2025-04-15,"Maharaja Yadavindra Singh International Cricket Stadium, Mullanpur",Mohali,2,Kolkata Knight Riders,Punjab Kings,95,10,91,15.1,Punjab Kings,bat,Punjab Kings
1473469,2025,2025-04-16,"Arun Jaitley Stadium, Delhi",Delhi,1,Delhi Capitals,Rajasthan Royals,188,5,120,20.0,Rajasthan Royals,field,
1473469,2025,2025-04-16,"Arun Jaitley Stadium, Delhi",Delhi,2,Rajasthan Royals,Delhi Capitals,188,4,120,20.0,Rajasthan Royals,field,
1473469,2025,2025-04-16,"Arun Jaitley Stadium, Delhi",Delhi,3,Rajasthan Royals,Delhi Capitals,11,2,5,0.5,Rajasthan Royals,field,
1473469,2025,2025-04-16,"Arun Jaitley Stadium, Delhi",Delhi,4,Delhi Capitals,Rajasthan Royals,13,0,4,0.4,Rajasthan Royals,field,
1473470,2025,2025-04-17,"Wankhede Stadium, Mumbai",Mumbai,1,Sunrisers Hyderabad,Mumbai Indians,162,5,120,20.0,Mumbai Indians,field,Mumbai Indians
1473470,2025,2025-04-17,"Wankhede Stadium, Mumbai",Mumbai,2,Mumbai Indians,Sunrisers Hyderabad,166,6,109,18.1,Mumbai Indians,field,Mumbai Indians
1473471,2025,2025-04-18,"M Chinnaswamy Stadium, Bengaluru",Bengaluru,1,Royal Challengers Bengaluru,Punjab Kings,95,9,84,14.0,Punjab Kings,field,Punjab Kings
1473471,2025,2025-04-18,"M Chinnaswamy Stadium, Bengaluru",Bengaluru,2,Punjab Kings,Royal Challengers Bengaluru,98,5,73,12.1,Punjab Kings,field,Punjab Kings
1473472,2025,2025-04-19,"Narendra Modi Stadium, Ahmedabad",Ahmedabad,1,Delhi Capitals,Gujarat Titans,203,8,120,20.0,Gujarat Titans,field,Gujarat Titans
1473472,2025,2025-04-19,"Narendra Modi Stadium, Ahmedabad",Ahmedabad,2,Gujarat Titans,Delhi Capitals,204,3,116,19.2,Gujarat Titans,field,Gujarat Titans
1473473,2025,2025-04-19,"Sawai Mansingh Stadium, Jaipur",Jaipur,1,Lucknow Super Giants,Rajasthan Royals,180,5,120,20.0,Lucknow Super Giants,bat,Lucknow Super Giants
1473473,2025,2025-04-19,"Sawai Mansingh Stadium, Jaipur",Jaipur,2,Rajasthan Royals,Lucknow Super Giants,178,5,120,20.0,Lucknow Super Giants,bat,Lucknow Super Giants
1473474,2025,2025-04-20,"Maharaja Yadavindra Singh International Cricket Stadium, Mullanpur",Mohali,1,Punjab Kings,Royal Challengers Bengaluru,157,6,120,20.0,Royal Challengers Bengaluru,field,Royal Challengers Bengaluru
1473474,2025,2025-04-20,"Maharaja Yadavindra Singh International Cricket Stadium, Mullanpur",Mohali,2,Royal Challengers Bengaluru,Punjab Kings,159,3,113,18.5,Royal Challengers Bengaluru,field,Royal Challengers Bengaluru
1473475,2025,2025-04-20,"Wankhede Stadium, Mumbai",Mumbai,1,Chennai Super Kings,Mumbai Indians,176,5,120,20.0,Mumbai Indians,field,Mumbai Indians
1473475,2025,2025-04-20,"Wankhede Stadium, Mumbai",Mumbai,2,Mumbai Indians,Chennai Super Kings,177,1,94,15.4,Mumbai Indians,field,Mumbai Indians
1473476,2025,2025-04-21,"Eden Gardens, Kolkata",Kolkata,1,Gujarat Titans,Kolkata Knight Riders,198,3,120,20.0,Kolkata Knight Riders,field,Gujarat Titans
1473476,2025,2025-04-21,"Eden Gardens, Kolkata",Kolkata,2,Kolkata Knight Riders,Gujarat Titans,159,8,120,20.0,Kolkata Knight Riders,field,Gujarat Titans
1473477,2025,2025-04-22,"Bharat Ratna Shri Atal Bihari Vajpayee Ekana Cricket Stadium, Lucknow",Lucknow,1,Lucknow Super Giants,Delhi Capitals,159,6,120,20.0,Delhi Capitals,field,Delhi Capitals
1473477,2025,2025-04-22,"Bharat Ratna Shri Atal Bihari Vajpayee Ekana Cricket Stadium, Lucknow",Lucknow,2,Delhi Capitals,Lucknow Super Giants,161,2,107,17.5,Delhi Capitals,field,Delhi Capitals
1473478,2025,2025-04-23,"Rajiv Gandhi International Stadium, Uppal, Hyderabad",Hyderabad,1,Sunrisers Hyderabad,Mumbai Indians,143,8,120,20.0,Mumbai Indians,field,Mumbai Indians
1473478,2025,2025-04-23,"Rajiv Gandhi International Stadium, Uppal, Hyderabad",Hyderabad,2,Mumbai Indians,Sunrisers Hyderabad,146,3,94,15.4,Mumbai Indians,field,Mumbai Indians
1473479,2025,2025-04-24,"M Chinnaswamy Stadium, Bengaluru",Bengaluru,1,Royal Challengers Bengaluru,Rajasthan Royals,205,5,120,20.0,Rajasthan Royals,field,Royal Challengers Bengaluru
1473479,2025,2025-04-24,"M Chinnaswamy Stadium, Bengaluru",Bengaluru,2,Rajasthan Royals,Royal Challengers Bengaluru,194,9,120,20.0,Rajasthan Royals,field,Royal Challengers Bengaluru
1473480,2025,2025-04-25,"MA Chidambaram Stadium, Chepauk, Chennai",Chennai,1,Chennai Super Kings,Sunrisers Hyderabad,154,10,119,19.5,Sunrisers Hyderabad,field,Sunrisers Hyderabad
1473480,2025,2025-04-25,"MA Chidambaram Stadium, Chepauk, Chennai",Chennai,2,Sunrisers Hyderabad,Chennai Super Kings,155,5,112,18.4,Sunrisers Hyderabad,field,Sunrisers Hyderabad
1473481,2025,2025-04-26,"Eden Gardens, Kolkata",Kolkata,1,Punjab Kings,Kolkata Knight Riders,201,4,120,20.0,Punjab Kings,bat,
1473481,2025,2025-04-26,"Eden Gardens, Kolkata",Kolkata,2,Kolkata Knight Riders,Punjab Kings,7,0,6,1.0,Punjab Kings,bat,
1473482,2025,2025-04-27,"Wankhede Stadium, Mumbai",Mumbai,1,Mumbai Indians,Lucknow Super Giants,215,7,120,20.0,Lucknow Super Giants,field,Mumbai Indians
1473482,2025,2025-04-27,"Wankhede Stadium, Mumbai",Mumbai,2,Lucknow Super Giants,Mumbai Indians,161,10,120,20.0,Lucknow Super Giants,field,Mumbai Indians
1473483,2025,2025-04-27,"Arun Jaitley Stadium, Delhi",Delhi,1,Delhi Capitals,Royal Challengers Bengaluru,162,8,120,20.0,Royal Challengers Bengaluru,field,Royal Challengers Bengaluru
1473483,2025,2025-04-27,"Arun Jaitley Stadium, Delhi",Delhi,2,Royal Challengers Bengaluru,Delhi Capitals,165,4,111,18.3,Royal Challengers Bengaluru,field,Royal Challengers Bengaluru
1473484,2025,2025-04-28,"Sawai Mansingh Stadium, Jaipur",Jaipur,1,Gujarat Titans,Rajasthan Royals,209,4,120,20.0,Rajasthan Royals,field,Rajasthan Royals
1473484,2025,2025-04-28,"Sawai Mansingh Stadium, Jaipur",Jaipur,2,Rajasthan Royals,Gujarat Titans,212,2,95,15.5,Rajasthan Royals,field,Rajasthan Royals
1473485,2025,2025-04-29,"Arun Jaitley Stadium, Delhi",Delhi,1,Kolkata Knight Riders,Delhi Capitals,204,9,120,20.0,Delhi Capitals,field,Kolkata Knight Riders
1473485,2025,2025-04-29,"Arun Jaitley Stadium, Delhi",Delhi,2,Delhi Capitals,Kolkata Knight Riders,190,9,120,20.0,Delhi Capitals,field,Kolkata Knight Riders
1473486,2025,2025-04-30,"MA Chidambaram Stadium, Chepauk, Chennai",Chennai,1,Chennai Super Kings,Punjab Kings,190,10,116,19.2,Punjab Kings,field,Punjab Kings
1473486,2025,2025-04-30,"MA Chidambaram Stadium, Chepauk, Chennai",Chennai,2,Punjab Kings,Chennai Super Kings,194,6,118,19.4,Punjab Kings,field,Punjab Kings
1473487,2025,2025-05-01,"Sawai Mansingh Stadium, Jaipur",Jaipur,1,Mumbai Indians,Rajasthan Royals,217,2,120,20.0,Rajasthan Royals,field,Mumbai Indians
1473487,2025,2025-05-01,"Sawai Mansingh Stadium, Jaipur",Jaipur,2,Rajasthan Royals,Mumbai Indians,117,10,97,16.1,Rajasthan Royals,field,Mumbai Indians
1473488,2025,2025-05-02,"Narendra Modi Stadium, Ahmedabad",Ahmedabad,1,Gujarat Titans,Sunrisers Hyderabad,224,6,120,20.0,Sunrisers Hyderabad,field,Gujarat Titans
1473488,2025,2025-05-02,"Narendra Modi Stadium, Ahmedabad",Ahmedabad,2,Sunrisers Hyderabad,Gujarat Titans,186,6,120,20.0,Sunrisers Hyderabad,field,Gujarat Titans
1473489,2025,2025-05-03,"M Chinnaswamy Stadium, Bengaluru",Bengaluru,1,Royal Challengers Bengaluru,Chennai Super Kings,213,5,120,20.0,Chennai Super Kings,field,Royal Challengers Bengaluru
1473489,2025,2025-05-03,"M Chinnaswamy Stadium, Bengaluru",Bengaluru,2,Chennai Super Kings,Royal Challengers Bengaluru,211,5,120,20.0,Chennai Super Kings,field,Royal Challengers Bengaluru
1473490,2025,2025-05-04,"Eden Gardens, Kolkata",Kolkata,1,Kolkata Knight Riders,Rajasthan Royals,206,4,120,20.0,Kolkata Knight Riders,bat,Kolkata Knight Riders
1473490,2025,2025-05-04,"Eden Gardens, Kolkata",Kolkata,2,Rajasthan Royals,Kolkata Knight Riders,205,8,120,20.0,Kolkata Knight Riders,bat,Kolkata Knight Riders
1473491,2025,2025-05-04,"Himachal Pradesh Cricket Association Stadium, Dharamsala",Dharamsala,1,Punjab Kings,Lucknow Super Giants,236,5,120,20.0,Lucknow Super Giants,field,Punjab Kings
1473491,2025,2025-05-04,"Himachal Pradesh Cricket Association Stadium, Dharamsala",Dharamsala,2,Lucknow Super Giants,Punjab Kings,199,7,120,20.0,Lucknow Super Giants,field,Punjab Kings
1473492,2025,2025-05-05,"Rajiv Gandhi International Stadium, Uppal, Hyderabad",Hyderabad,1,Delhi Capitals,Sunrisers Hyderabad,133,7,120,20.0,Sunrisers Hyderabad,field,
1473493,2025,2025-05-06,"Wankhede Stadium, Mumbai",Mumbai,1,Mumbai Indians,Gujarat Titans,155,8,120,20.0,Gujarat Titans,field,Gujarat Titans
1473493,2025,2025-05-06,"Wankhede Stadium, Mumbai",Mumbai,2,Gujarat Titans,Mumbai Indians,147,7,114,19.0,Gujarat Titans,field,Gujarat Titans
1473494,2025,2025-05-07,"Eden Gardens, Kolkata",Kolkata,1,Kolkata Knight Riders,Chennai Super Kings,179,6,120,20.0,Kolkata Knight Riders,bat,Chennai Super Kings
1473494,2025,2025-05-07,"Eden Gardens, Kolkata",Kolkata,2,Chennai Super Kings,Kolkata Knight Riders,183,8,118,19.4,Kolkata Knight Riders,bat,Chennai Super Kings
1473495,2025,2025-05-08,"Himachal Pradesh Cricket Association Stadium, Dharamsala",Dharamsala,1,Punjab Kings,Delhi Capitals,122,1,61,10.1,Punjab Kings,bat,
1473497,2025,2025-05-18,"Sawai Mansingh Stadium, Jaipur",Jaipur,1,Punjab Kings,Rajasthan Royals,219,5,120,20.0,Punjab Kings,bat,Punjab Kings
1473497,2025,2025-05-18,"Sawai Mansingh Stadium, Jaipur",Jaipur,2,Rajasthan Royals,Punjab Kings,209,7,120,20.0,Punjab Kings,bat,Punjab Kings
1473498,2025,2025-05-18,"Arun Jaitley Stadium, Delhi",Delhi,1,Delhi Capitals,Gujarat Titans,199,3,120,20.0,Gujarat Titans,field,Gujarat Titans
1473498,2025,2025-05-18,"Arun Jaitley Stadium, Delhi",Delhi,2,Gujarat Titans,Delhi Capitals,205,0,114,19.0,Gujarat Titans,field,Gujarat Titans
1473499,2025,2025-05-19,"Bharat Ratna Shri Atal Bihari Vajpayee Ekana Cricket Stadium, Lucknow",Lucknow,1,Lucknow Super Giants,Sunrisers Hyderabad,205,7,120,20.0,Sunrisers Hyderabad,field,Sunrisers Hyderabad
1473499,2025,2025-05-19,"Bharat Ratna Shri Atal Bihari Vajpayee Ekana Cricket Stadium, Lucknow",Lucknow,2,Sunrisers Hyderabad,Lucknow Super Giants,206,4,110,18.2,Sunrisers Hyderabad,field,Sunrisers Hyderabad
1473500,2025,2025-05-20,"Arun Jaitley Stadium, Delhi",Delhi,1,Chennai Super Kings,Rajasthan Royals,187,8,120,20.0,Rajasthan Royals,field,Rajasthan Royals
1473500,2025,2025-05-20,"Arun Jaitley Stadium, Delhi",Delhi,2,Rajasthan Royals,Chennai Super Kings,188,4,103,17.1,Rajasthan Royals,field,Rajasthan Royals
1473501,2025,2025-05-21,"Wankhede Stadium, Mumbai",Mumbai,1,Mumbai Indians,Delhi Capitals,180,5,120,20.0,Delhi Capitals,field,Mumbai Indians
1473501,2025,2025-05-21,"Wankhede Stadium, Mumbai",Mumbai,2,Delhi Capitals,Mumbai Indians,121,10,110,18.2,Delhi Capitals,field,Mumbai Indians
1473502,2025,2025-05-22,"Narendra Modi Stadium, Ahmedabad",Ahmedabad,1,Lucknow Super Giants,Gujarat Titans,235,2,120,20.0,Gujarat Titans,field,Lucknow Super Giants
1473502,2025,2025-05-22,"Narendra Modi Stadium, Ahmedabad",Ahmedabad,2,Gujarat Titans,Lucknow Super Giants,202,9,120,20.0,Gujarat Titans,field,Lucknow Super Giants
1473503,2025,2025-05-23,"Bharat Ratna Shri Atal Bihari Vajpayee Ekana Cricket Stadium, Lucknow",Lucknow,1,Sunrisers Hyderabad,Royal Challengers Bengaluru,231,6,120,20.0,Royal Challengers Bengaluru,field,Sunrisers Hyderabad
1473503,2025,2025-05-23,"Bharat Ratna Shri Atal Bihari Vajpayee Ekana Cricket Stadium, Lucknow",Lucknow,2,Royal Challengers Bengaluru,Sunrisers Hyderabad,189,10,119,19.5,Royal Challengers Bengaluru,field,Sunrisers Hyderabad
1473504,2025,2025-05-25,"Narendra Modi Stadium, Ahmedabad",Ahmedabad,1,Chennai Super Kings,Gujarat Titans,230,5,120,20.0,Chennai Super Kings,bat,Chennai Super Kings
1473504,2025,2025-05-25,"Narendra Modi Stadium, Ahmedabad",Ahmedabad,2,Gujarat Titans,Chennai Super Kings,147,10,111,18.3,Chennai Super Kings,bat,Chennai Super Kings
1473505,2025,2025-05-25,"Arun Jaitley Stadium, Delhi",Delhi,1,Sunrisers Hyderabad,Kolkata Knight Riders,278,3,120,20.0,Sunrisers Hyderabad,bat,Sunrisers Hyderabad
1473505,2025,2025-05-25,"Arun Jaitley Stadium, Delhi",Delhi,2,Kolkata Knight Riders,Sunrisers Hyderabad,168,10,112,18.4,Sunrisers Hyderabad,bat,Sunrisers Hyderabad
1473506,2025,2025-05-26,"Sawai Mansingh Stadium, Jaipur",Jaipur,1,Mumbai Indians,Punjab Kings,184,7,120,20.0,Punjab Kings,field,Punjab Kings
1473506,2025,2025-05-26,"Sawai Mansingh Stadium, Jaipur",Jaipur,2,Punjab Kings,Mumbai Indians,187,3,111,18.3,Punjab Kings,field,Punjab Kings
1473507,2025,2025-05-27,"Bharat Ratna Shri Atal Bihari Vajpayee Ekana Cricket Stadium, Lucknow",Lucknow,1,Lucknow Super Giants,Royal Challengers Bengaluru,227,3,120,20.0,Royal Challengers Bengaluru,field,Royal Challengers Bengaluru
1473507,2025,2025-05-27,"Bharat Ratna Shri Atal Bihari Vajpayee Ekana Cricket Stadium, Lucknow",Lucknow,2,Royal Challengers Bengaluru,Lucknow Super Giants,230,4,112,18.4,Royal Challengers Bengaluru,field,Royal Challengers Bengaluru
1473508,2025,2025-05-29,"Maharaja Yadavindra Singh International Cricket Stadium, Mullanpur",New Chandigarh,1,Punjab Kings,Royal Challengers Bengaluru,101,10,85,14.1,Royal Challengers Bengaluru,field,Royal Challengers Bengaluru
1473508,2025,2025-05-29,"Maharaja Yadavindra Singh International Cricket Stadium, Mullanpur",New Chandigarh,2,Royal Challengers Bengaluru,Punjab Kings,106,2,60,10.0,Royal Challengers Bengaluru,field,Royal Challengers Bengaluru
1473509,2025,2025-05-30,"Maharaja Yadavindra Singh International Cricket Stadium, New Chandigarh",New Chandigarh,1,Mumbai Indians,Gujarat Titans,228,5,120,20.0,Mumbai Indians,bat,Mumbai Indians
1473509,2025,2025-05-30,"Maharaja Yadavindra Singh International Cricket Stadium, New Chandigarh",New Chandigarh,2,Gujarat Titans,Mumbai Indians,208,6,120,20.0,Mumbai Indians,bat,Mumbai Indians
1473510,2025,2025-06-01,"Narendra Modi Stadium, Ahmedabad",Ahmedabad,1,Mumbai Indians,Punjab Kings,203,6,120,20.0,Punjab Kings,field,Punjab Kings
1473510,2025,2025-06-01,"Narendra Modi Stadium, Ahmedabad",Ahmedabad,2,Punjab Kings,Mumbai Indians,207,5,114,19.0,Punjab Kings,field,Punjab Kings
1473511,2025,2025-06-03,"Narendra Modi Stadium, Ahmedabad",Ahmedabad,1,Royal Challengers Bengaluru,Punjab Kings,190,9,120,20.0,Punjab Kings,field,Royal Challengers Bengaluru
1473511,2025,2025-06-03,"Narendra Modi Stadium, Ahmedabad",Ahmedabad,2,Punjab Kings,Royal Challengers Bengaluru,184,7,120,20.0,Punjab Kings,field,Royal Challengers Bengaluru
1485779,2025,2025-05-24,"Sawai Mansingh Stadium, Jaipur",Jaipur,1,Punjab Kings,Delhi Capitals,206,8,120,20.0,Delhi Capitals,field,Delhi Capitals
1485779,2025,2025-05-24,"Sawai Mansingh Stadium, Jaipur",Jaipur,2,Delhi Capitals,Punjab Kings,208,4,117,19.3,Delhi Capitals,field,Delhi Capitals
1527674,2026,2026-03-28,"M Chinnaswamy Stadium, Bengaluru",Bengaluru,1,Sunrisers Hyderabad,Royal Challengers Bengaluru,201,9,120,20.0,Royal Challengers Bengaluru,field,Royal Challengers Bengaluru
1527674,2026,2026-03-28,"M Chinnaswamy Stadium, Bengaluru",Bengaluru,2,Royal Challengers Bengaluru,Sunrisers Hyderabad,203,4,94,15.4,Royal Challengers Bengaluru,field,Royal Challengers Bengaluru
1527675,2026,2026-03-29,"Wankhede Stadium, Mumbai",Mumbai,1,Kolkata Knight Riders,Mumbai Indians,220,4,120,20.0,Mumbai Indians,field,Mumbai Indians
1527675,2026,2026-03-29,"Wankhede Stadium, Mumbai",Mumbai,2,Mumbai Indians,Kolkata Knight Riders,224,4,115,19.1,Mumbai Indians,field,Mumbai Indians
1527676,2026,2026-03-30,"Barsapara Cricket Stadium, Guwahati",Guwahati,1,Chennai Super Kings,Rajasthan Royals,127,10,118,19.4,Rajasthan Royals,field,Rajasthan Royals
1527676,2026,2026-03-30,"Barsapara Cricket Stadium, Guwahati",Guwahati,2,Rajasthan Royals,Chennai Super Kings,128,2,73,12.1,Rajasthan Royals,field,Rajasthan Royals
1527677,2026,2026-03-31,"Maharaja Yadavindra Singh International Cricket Stadium, New Chandigarh",New Chandigarh,1,Gujarat Titans,Punjab Kings,162,6,120,20.0,Punjab Kings,field,Punjab Kings
1527677,2026,2026-03-31,"Maharaja Yadavindra Singh International Cricket Stadium, New Chandigarh",New Chandigarh,2,Punjab Kings,Gujarat Titans,165,7,115,19.1,Punjab Kings,field,Punjab Kings
1527678,2026,2026-04-01,"Bharat Ratna Shri Atal Bihari Vajpayee Ekana Cricket Stadium, Lucknow",Lucknow,1,Lucknow Super Giants,Delhi Capitals,141,10,112,18.4,Delhi Capitals,field,Delhi Capitals
1527678,2026,2026-04-01,"Bharat Ratna Shri Atal Bihari Vajpayee Ekana Cricket Stadium, Lucknow",Lucknow,2,Delhi Capitals,Lucknow Super Giants,145,4,103,17.1,Delhi Capitals,field,Delhi Capitals
1527679,2026,2026-04-02,"Eden Gardens, Kolkata",Kolkata,1,Sunrisers Hyderabad,Kolkata Knight Riders,226,8,120,20.0,Kolkata Knight Riders,field,Sunrisers Hyderabad
1527679,2026,2026-04-02,"Eden Gardens, Kolkata",Kolkata,2,Kolkata Knight Riders,Sunrisers Hyderabad,161,10,96,16.0,Kolkata Knight Riders,field,Sunrisers Hyderabad
1527680,2026,2026-04-03,"MA Chidambaram Stadium, Chepauk, Chennai",Chennai,1,Chennai Super Kings,Punjab Kings,209,5,120,20.0,Punjab Kings,field,Punjab Kings
1527680,2026,2026-04-03,"MA Chidambaram Stadium, Chepauk, Chennai",Chennai,2,Punjab Kings,Chennai Super Kings,210,5,112,18.4,Punjab Kings,field,Punjab Kings
1527681,2026,2026-04-04,"Arun Jaitley Stadium, Delhi",Delhi,1,Mumbai Indians,Delhi Capitals,162,6,120,20.0,Delhi Capitals,field,Delhi Capitals
1527681,2026,2026-04-04,"Arun Jaitley Stadium, Delhi",Delhi,2,Delhi Capitals,Mumbai Indians,164,4,109,18.1,Delhi Capitals,field,Delhi Capitals
1527682,2026,2026-04-04,"Narendra Modi Stadium, Ahmedabad",Ahmedabad,1,Rajasthan Royals,Gujarat Titans,210,6,120,20.0,Rajasthan Royals,bat,Rajasthan Royals
1527682,2026,2026-04-04,"Narendra Modi Stadium, Ahmedabad",Ahmedabad,2,Gujarat Titans,Rajasthan Royals,204,8,120,20.0,Rajasthan Royals,bat,Rajasthan Royals
1527683,2026,2026-04-05,"Rajiv Gandhi International Stadium, Uppal, Hyderabad",Hyderabad,1,Sunrisers Hyderabad,Lucknow Super Giants,156,9,120,20.0,Lucknow Super Giants,field,Lucknow Super Giants
1527683,2026,2026-04-05,"Rajiv Gandhi International Stadium, Uppal, Hyderabad",Hyderabad,2,Lucknow Super Giants,Sunrisers Hyderabad,160,5,119,19.5,Lucknow Super Giants,field,Lucknow Super Giants
1527684,2026,2026-04-05,"M Chinnaswamy Stadium, Bengaluru",Bengaluru,1,Royal Challengers Bengaluru,Chennai Super Kings,250,3,120,20.0,Chennai Super Kings,field,Royal Challengers Bengaluru
1527684,2026,2026-04-05,"M Chinnaswamy Stadium, Bengaluru",Bengaluru,2,Chennai Super Kings,Royal Challengers Bengaluru,207,10,118,19.4,Chennai Super Kings,field,Royal Challengers Bengaluru
1527685,2026,2026-04-06,"Eden Gardens, Kolkata",Kolkata,1,Kolkata Knight Riders,Punjab Kings,25,2,22,3.4,Kolkata Knight Riders,bat,
1527686,2026,2026-04-07,"Barsapara Cricket Stadium, Guwahati",Guwahati,1,Rajasthan Royals,Mumbai Indians,150,3,66,11.0,Mumbai Indians,field,Rajasthan Royals
1527686,2026,2026-04-07,"Barsapara Cricket Stadium, Guwahati",Guwahati,2,Mumbai Indians,Rajasthan Royals,123,9,66,11.0,Mumbai Indians,field,Rajasthan Royals
1527687,2026,2026-04-08,"Arun Jaitley Stadium, Delhi",Delhi,1,Gujarat Titans,Delhi Capitals,210,4,120,20.0,Delhi Capitals,field,Gujarat Titans
1527687,2026,2026-04-08,"Arun Jaitley Stadium, Delhi",Delhi,2,Delhi Capitals,Gujarat Titans,209,8,120,20.0,Delhi Capitals,field,Gujarat Titans
1527688,2026,2026-04-09,"Eden Gardens, Kolkata",Kolkata,1,Kolkata Knight Riders,Lucknow Super Giants,181,4,120,20.0,Lucknow Super Giants,field,Lucknow Super Giants
1527688,2026,2026-04-09,"Eden Gardens, Kolkata",Kolkata,2,Lucknow Super Giants,Kolkata Knight Riders,182,7,120,20.0,Lucknow Super Giants,field,Lucknow Super Giants
1527689,2026,2026-04-10,"Barsapara Cricket Stadium, Guwahati",Guwahati,1,Royal Challengers Bengaluru,Rajasthan Royals,201,8,120,20.0,Rajasthan Royals,field,Rajasthan Royals
1527689,2026,2026-04-10,"Barsapara Cricket Stadium, Guwahati",Guwahati,2,Rajasthan Royals,Royal Challengers Bengaluru,202,4,108,18.0,Rajasthan Royals,field,Rajasthan Royals
1527690,2026,2026-04-11,"Maharaja Yadavindra Singh International Cricket Stadium, New Chandigarh",New Chandigarh,1,Sunrisers Hyderabad,Punjab Kings,219,6,120,20.0,Punjab Kings,field,Punjab Kings
1527690,2026,2026-04-11,"Maharaja Yadavindra Singh International Cricket Stadium, New Chandigarh",New Chandigarh,2,Punjab Kings,Sunrisers Hyderabad,223,4,113,18.5,Punjab Kings,field,Punjab Kings
1527691,2026,2026-04-11,"MA Chidambaram Stadium, Chepauk, Chennai",Chennai,1,Chennai Super Kings,Delhi Capitals,212,2,120,20.0,Delhi Capitals,field,Chennai Super Kings
1527691,2026,2026-04-11,"MA Chidambaram Stadium, Chepauk, Chennai",Chennai,2,Delhi Capitals,Chennai Super Kings,189,10,120,20.0,Delhi Capitals,field,Chennai Super Kings
1527692,2026,2026-04-12,"Bharat Ratna Shri Atal Bihari Vajpayee Ekana Cricket Stadium, Lucknow",Lucknow,1,Lucknow Super Giants,Gujarat Titans,164,8,120,20.0,Gujarat Titans,field,Gujarat Titans
1527692,2026,2026-04-12,"Bharat Ratna Shri Atal Bihari Vajpayee Ekana Cricket Stadium, Lucknow",Lucknow,2,Gujarat Titans,Lucknow Super Giants,165,3,112,18.4,Gujarat Titans,field,Gujarat Titans
1527693,2026,2026-04-12,"Wankhede Stadium, Mumbai",Mumbai,1,Royal Challengers Bengaluru,Mumbai Indians,240,4,120,20.0,Mumbai Indians,field,Royal Challengers Bengaluru
1527693,2026,2026-04-12,"Wankhede Stadium, Mumbai",Mumbai,2,Mumbai Indians,Royal Challengers Bengaluru,222,5,120,20.0,Mumbai Indians,field,Royal Challengers Bengaluru
1529264,2026,2026-04-13,"Rajiv Gandhi International Stadium, Uppal, Hyderabad",Hyderabad,1,Sunrisers Hyderabad,Rajasthan Royals,216,6,120,20.0,Rajasthan Royals,field,Sunrisers Hyderabad
1529264,2026,2026-04-13,"Rajiv Gandhi International Stadium, Uppal, Hyderabad",Hyderabad,2,Rajasthan Royals,Sunrisers Hyderabad,159,10,114,19.0,Rajasthan Royals,field,Sunrisers Hyderabad
1529265,2026,2026-04-14,"MA Chidambaram Stadium, Chepauk, Chennai",Chennai,1,Chennai Super Kings,Kolkata Knight Riders,192,5,120,20.0,Kolkata Knight Riders,field,Chennai Super Kings
1529265,2026,2026-04-14,"MA Chidambaram Stadium, Chepauk, Chennai",Chennai,2,Kolkata Knight Riders,Chennai Super Kings,160,7,120,20.0,Kolkata Knight Riders,field,Chennai Super Kings
1529266,2026,2026-04-15,"M Chinnaswamy Stadium, Bengaluru",Bengaluru,1,Lucknow Super Giants,Royal Challengers Bengaluru,146,10,120,20.0,Royal Challengers Bengaluru,field,Royal Challengers Bengaluru
1529266,2026,2026-04-15,"M Chinnaswamy Stadium, Bengaluru",Bengaluru,2,Royal Challengers Bengaluru,Lucknow Super Giants,149,5,91,15.1,Royal Challengers Bengaluru,field,Royal Challengers Bengaluru
1529267,2026,2026-04-16,"Wankhede Stadium, Mumbai",Mumbai,1,Mumbai Indians,Punjab Kings,195,6,120,20.0,Punjab Kings,field,Punjab Kings
1529267,2026,2026-04-16,"Wankhede Stadium, Mumbai",Mumbai,2,Punjab Kings,Mumbai Indians,198,3,99,16.3,Punjab Kings,field,Punjab Kings
1529268,2026,2026-04-17,"Narendra Modi Stadium, Ahmedabad",Ahmedabad,1,Kolkata Knight Riders,Gujarat Titans,180,10,120,20.0,Kolkata Knight Riders,bat,Gujarat Titans
1529268,2026,2026-04-17,"Narendra Modi Stadium, Ahmedabad",Ahmedabad,2,Gujarat Titans,Kolkata Knight Riders,181,5,118,19.4,Kolkata Knight Riders,bat,Gujarat Titans
1529269,2026,2026-04-18,"M Chinnaswamy Stadium, Bengaluru",Bengaluru,1,Royal Challengers Bengaluru,Delhi Capitals,175,8,120,20.0,Delhi Capitals,field,Delhi Capitals
1529269,2026,2026-04-18,"M Chinnaswamy Stadium, Bengaluru",Bengaluru,2,Delhi Capitals,Royal Challengers Bengaluru,179,4,119,19.5,Delhi Capitals,field,Delhi Capitals
1529270,2026,2026-04-18,"Rajiv Gandhi International Stadium, Uppal, Hyderabad",Hyderabad,1,Sunrisers Hyderabad,Chennai Super Kings,194,9,120,20.0,Chennai Super Kings,field,Sunrisers Hyderabad
1529270,2026,2026-04-18,"Rajiv Gandhi International Stadium, Uppal, Hyderabad",Hyderabad,2,Chennai Super Kings,Sunrisers Hyderabad,184,8,120,20.0,Chennai Super Kings,field,Sunrisers Hyderabad
1529271,2026,2026-04-19,"Eden Gardens, Kolkata",Kolkata,1,Rajasthan Royals,Kolkata Knight Riders,155,9,120,20.0,Rajasthan Royals,bat,Kolkata Knight Riders
1529271,2026,2026-04-19,"Eden Gardens, Kolkata",Kolkata,2,Kolkata Knight Riders,Rajasthan Royals,161,6,118,19.4,Rajasthan Royals,bat,Kolkata Knight Riders
1529272,2026,2026-04-19,"Maharaja Yadavindra Singh International Cricket Stadium, New Chandigarh",New Chandigarh,1,Punjab Kings,Lucknow Super Giants,254,7,120,20.0,Lucknow Super Giants,field,Punjab Kings
1529272,2026,2026-04-19,"Maharaja Yadavindra Singh International Cricket Stadium, New Chandigarh",New Chandigarh,2,Lucknow Super Giants,Punjab Kings,200,5,120,20.0,Lucknow Super Giants,field,Punjab Kings
1529273,2026,2026-04-20,"Narendra Modi Stadium, Ahmedabad",Ahmedabad,1,Mumbai Indians,Gujarat Titans,199,5,120,20.0,Gujarat Titans,field,Mumbai Indians
1529273,2026,2026-04-20,"Narendra Modi Stadium, Ahmedabad",Ahmedabad,2,Gujarat Titans,Mumbai Indians,100,10,95,15.5,Gujarat Titans,field,Mumbai Indians
1529274,2026,2026-04-21,"Rajiv Gandhi International Stadium, Uppal, Hyderabad",Hyderabad,1,Sunrisers Hyderabad,Delhi Capitals,242,2,120,20.0,Delhi Capitals,field,Sunrisers Hyderabad
1529274,2026,2026-04-21,"Rajiv Gandhi International Stadium, Uppal, Hyderabad",Hyderabad,2,Delhi Capitals,Sunrisers Hyderabad,195,9,120,20.0,Delhi Capitals,field,Sunrisers Hyderabad
1529275,2026,2026-04-22,"Bharat Ratna Shri Atal Bihari Vajpayee Ekana Cricket Stadium, Lucknow",Lucknow,1,Rajasthan Royals,Lucknow Super Giants,159,6,120,20.0,Lucknow Super Giants,field,Rajasthan Royals
1529275,2026,2026-04-22,"Bharat Ratna Shri Atal Bihari Vajpayee Ekana Cricket Stadium, Lucknow",Lucknow,2,Lucknow Super Giants,Rajasthan Royals,119,10,108,18.0,Lucknow Super Giants,field,Rajasthan Royals
1529276,2026,2026-04-23,"Wankhede Stadium, Mumbai",Mumbai,1,Chennai Super Kings,Mumbai Indians,207,6,120,20.0,Mumbai Indians,field,Chennai Super Kings
1529276,2026,2026-04-23,"Wankhede Stadium, Mumbai",Mumbai,2,Mumbai Indians,Chennai Super Kings,104,10,114,19.0,Mumbai Indians,field,Chennai Super Kings
1529277,2026,2026-04-24,"M Chinnaswamy Stadium, Bengaluru",Bengaluru,1,Gujarat Titans,Royal Challengers Bengaluru,205,3,120,20.0,Royal Challengers Bengaluru,field,Royal Challengers Bengaluru
1529277,2026,2026-04-24,"M Chinnaswamy Stadium, Bengaluru",Bengaluru,2,Royal Challengers Bengaluru,Gujarat Titans,206,5,113,18.5,Royal Challengers Bengaluru,field,Royal Challengers Bengaluru
1529278,2026,2026-04-25,"Arun Jaitley Stadium, Delhi",Delhi,1,Delhi Capitals,Punjab Kings,264,2,120,20.0,Delhi Capitals,bat,Punjab Kings
1529278,2026,2026-04-25,"Arun Jaitley Stadium, Delhi",Delhi,2,Punjab Kings,Delhi Capitals,265,4,113,18.5,Delhi Capitals,bat,Punjab Kings
1529279,2026,2026-04-25,"Sawai Mansingh Stadium, Jaipur",Jaipur,1,Rajasthan Royals,Sunrisers Hyderabad,228,6,120,20.0,Sunrisers Hyderabad,field,Sunrisers Hyderabad
1529279,2026,2026-04-25,"Sawai Mansingh Stadium, Jaipur",Jaipur,2,Sunrisers Hyderabad,Rajasthan Royals,229,5,111,18.3,Sunrisers Hyderabad,field,Sunrisers Hyderabad
1529280,2026,2026-04-26,"MA Chidambaram Stadium, Chepauk, Chennai",Chennai,1,Chennai Super Kings,Gujarat Titans,158,7,120,20.0,Gujarat Titans,field,Gujarat Titans
1529280,2026,2026-04-26,"MA Chidambaram Stadium, Chepauk, Chennai",Chennai,2,Gujarat Titans,Chennai Super Kings,162,2,100,16.4,Gujarat Titans,field,Gujarat Titans
1529281,2026,2026-04-26,"Bharat Ratna Shri Atal Bihari Vajpayee Ekana Cricket Stadium, Lucknow",Lucknow,1,Kolkata Knight Riders,Lucknow Super Giants,155,7,120,20.0,Lucknow Super Giants,field,
1529281,2026,2026-04-26,"Bharat Ratna Shri Atal Bihari Vajpayee Ekana Cricket Stadium, Lucknow",Lucknow,2,Lucknow Super Giants,Kolkata Knight Riders,155,8,120,20.0,Lucknow Super Giants,field,
1529281,2026,2026-04-26,"Bharat Ratna Shri Atal Bihari Vajpayee Ekana Cricket Stadium, Lucknow",Lucknow,3,Lucknow Super Giants,Kolkata Knight Riders,1,2,3,0.3,Lucknow Super Giants,field,
1529281,2026,2026-04-26,"Bharat Ratna Shri Atal Bihari Vajpayee Ekana Cricket Stadium, Lucknow",Lucknow,4,Kolkata Knight Riders,Lucknow Super Giants,4,0,1,0.1,Lucknow Super Giants,field,
1529282,2026,2026-04-27,"Arun Jaitley Stadium, Delhi",Delhi,1,Delhi Capitals,Royal Challengers Bengaluru,75,10,99,16.3,Royal Challengers Bengaluru,field,Royal Challengers Bengaluru
1529282,2026,2026-04-27,"Arun Jaitley Stadium, Delhi",Delhi,2,Royal Challengers Bengaluru,Delhi Capitals,77,1,39,6.3,Royal Challengers Bengaluru,field,Royal Challengers Bengaluru
1529283,2026,2026-04-28,"Maharaja Yadavindra Singh International Cricket Stadium, New Chandigarh",New Chandigarh,1,Punjab Kings,Rajasthan Royals,222,4,120,20.0,Rajasthan Royals,field,Rajasthan Royals
1529283,2026,2026-04-28,"Maharaja Yadavindra Singh International Cricket Stadium, New Chandigarh",New Chandigarh,2,Rajasthan Royals,Punjab Kings,228,4,116,19.2,Rajasthan Royals,field,Rajasthan Royals
1529284,2026,2026-04-29,"Wankhede Stadium, Mumbai",Mumbai,1,Mumbai Indians,Sunrisers Hyderabad,243,5,120,20.0,Mumbai Indians,bat,Sunrisers Hyderabad
1529284,2026,2026-04-29,"Wankhede Stadium, Mumbai",Mumbai,2,Sunrisers Hyderabad,Mumbai Indians,249,4,112,18.4,Mumbai Indians,bat,Sunrisers Hyderabad
1529285,2026,2026-04-30,"Narendra Modi Stadium, Ahmedabad",Ahmedabad,1,Royal Challengers Bengaluru,Gujarat Titans,155,10,116,19.2,Gujarat Titans,field,Gujarat Titans
1529285,2026,2026-04-30,"Narendra Modi Stadium, Ahmedabad",Ahmedabad,2,Gujarat Titans,Royal Challengers Bengaluru,158,6,95,15.5,Gujarat Titans,field,Gujarat Titans
1529286,2026,2026-05-01,"Sawai Mansingh Stadium, Jaipur",Jaipur,1,Rajasthan Royals,Delhi Capitals,225,6,120,20.0,Rajasthan Royals,bat,Delhi Capitals
1529286,2026,2026-05-01,"Sawai Mansingh Stadium, Jaipur",Jaipur,2,Delhi Capitals,Rajasthan Royals,226,3,115,19.1,Rajasthan Royals,bat,Delhi Capitals
1529287,2026,2026-05-02,"MA Chidambaram Stadium, Chepauk, Chennai",Chennai,1,Mumbai Indians,Chennai Super Kings,159,7,120,20.0,Mumbai Indians,bat,Chennai Super Kings
1529287,2026,2026-05-02,"MA Chidambaram Stadium, Chepauk, Chennai",Chennai,2,Chennai Super Kings,Mumbai Indians,160,2,109,18.1,Mumbai Indians,bat,Chennai Super Kings
1529288,2026,2026-05-03,"Rajiv Gandhi International Stadium, Uppal, Hyderabad",Hyderabad,1,Sunrisers Hyderabad,Kolkata Knight Riders,165,10,114,19.0,Sunrisers Hyderabad,bat,Kolkata Knight Riders
1529288,2026,2026-05-03,"Rajiv Gandhi International Stadium, Uppal, Hyderabad",Hyderabad,2,Kolkata Knight Riders,Sunrisers Hyderabad,169,3,110,18.2,Sunrisers Hyderabad,bat,Kolkata Knight Riders
1529289,2026,2026-05-03,"Narendra Modi Stadium, Ahmedabad",Ahmedabad,1,Punjab Kings,Gujarat Titans,163,9,120,20.0,Gujarat Titans,field,Gujarat Titans
1529289,2026,2026-05-03,"Narendra Modi Stadium, Ahmedabad",Ahmedabad,2,Gujarat Titans,Punjab Kings,167,6,119,19.5,Gujarat Titans,field,Gujarat Titans
1529290,2026,2026-05-04,"Wankhede Stadium, Mumbai",Mumbai,1,Lucknow Super Giants,Mumbai Indians,228,5,120,20.0,Mumbai Indians,field,Mumbai Indians
1529290,2026,2026-05-04,"Wankhede Stadium, Mumbai",Mumbai,2,Mumbai Indians,Lucknow Super Giants,229,4,112,18.4,Mumbai Indians,field,Mumbai Indians
1529291,2026,2026-05-05,"Arun Jaitley Stadium, Delhi",Delhi,1,Delhi Capitals,Chennai Super Kings,155,7,120,20.0,Delhi Capitals,bat,Chennai Super Kings
1529291,2026,2026-05-05,"Arun Jaitley Stadium, Delhi",Delhi,2,Chennai Super Kings,Delhi Capitals,159,2,105,17.3,Delhi Capitals,bat,Chennai Super Kings
1529292,2026,2026-05-06,"Rajiv Gandhi International Stadium, Uppal, Hyderabad",Hyderabad,1,Sunrisers Hyderabad,Punjab Kings,235,4,120,20.0,Punjab Kings,field,Sunrisers Hyderabad
1529292,2026,2026-05-06,"Rajiv Gandhi International Stadium, Uppal, Hyderabad",Hyderabad,2,Punjab Kings,Sunrisers Hyderabad,202,7,120,20.0,Punjab Kings,field,Sunrisers Hyderabad
1529293,2026,2026-05-07,"Bharat Ratna Shri Atal Bihari Vajpayee Ekana Cricket Stadium, Lucknow",Lucknow,1,Lucknow Super Giants,Royal Challengers Bengaluru,209,3,114,19.0,Royal Challengers Bengaluru,field,Lucknow Super Giants
1529293,2026,2026-05-07,"Bharat Ratna Shri Atal Bihari Vajpayee Ekana Cricket Stadium, Lucknow",Lucknow,2,Royal Challengers Bengaluru,Lucknow Super Giants,203,6,114,19.0,Royal Challengers Bengaluru,field,Lucknow Super Giants
1529294,2026,2026-05-08,"Arun Jaitley Stadium, Delhi",Delhi,1,Delhi Capitals,Kolkata Knight Riders,142,8,120,20.0,Kolkata Knight Riders,field,Kolkata Knight Riders
1529294,2026,2026-05-08,"Arun Jaitley Stadium, Delhi",Delhi,2,Kolkata Knight Riders,Delhi Capitals,147,2,86,14.2,Kolkata Knight Riders,field,Kolkata Knight Riders
1529295,2026,2026-05-09,"Sawai Mansingh Stadium, Jaipur",Jaipur,1,Gujarat Titans,Rajasthan Royals,229,4,120,20.0,Rajasthan Royals,field,Gujarat Titans
1529295,2026,2026-05-09,"Sawai Mansingh Stadium, Jaipur",Jaipur,2,Rajasthan Royals,Gujarat Titans,152,10,99,16.3,Rajasthan Royals,field,Gujarat Titans
1529296,2026,2026-05-10,"MA Chidambaram Stadium, Chepauk, Chennai",Chennai,1,Lucknow Super Giants,Chennai Super Kings,203,8,120,20.0,Chennai Super Kings,field,Chennai Super Kings
1529296,2026,2026-05-10,"MA Chidambaram Stadium, Chepauk, Chennai",Chennai,2,Chennai Super Kings,Lucknow Super Giants,208,5,116,19.2,Chennai Super Kings,field,Chennai Super Kings
1529297,2026,2026-05-10,"Shaheed Veer Narayan Singh International Stadium, Raipur",Raipur,1,Mumbai Indians,Royal Challengers Bengaluru,166,7,120,20.0,Royal Challengers Bengaluru,field,Royal Challengers Bengaluru
1529297,2026,2026-05-10,"Shaheed Veer Narayan Singh International Stadium, Raipur",Raipur,2,Royal Challengers Bengaluru,Mumbai Indians,167,8,120,20.0,Royal Challengers Bengaluru,field,Royal Challengers Bengaluru
1529298,2026,2026-05-11,"Himachal Pradesh Cricket Association Stadium, Dharamsala",Dharamsala,1,Punjab Kings,Delhi Capitals,210,5,120,20.0,Delhi Capitals,field,Delhi Capitals
1529298,2026,2026-05-11,"Himachal Pradesh Cricket Association Stadium, Dharamsala",Dharamsala,2,Delhi Capitals,Punjab Kings,216,7,114,19.0,Delhi Capitals,field,Delhi Capitals
1529299,2026,2026-05-12,"Narendra Modi Stadium, Ahmedabad",Ahmedabad,1,Gujarat Titans,Sunrisers Hyderabad,168,5,120,20.0,Sunrisers Hyderabad,field,Gujarat Titans
1529299,2026,2026-05-12,"Narendra Modi Stadium, Ahmedabad",Ahmedabad,2,Sunrisers Hyderabad,Gujarat Titans,86,10,89,14.5,Sunrisers Hyderabad,field,Gujarat Titans
1529300,2026,2026-05-13,"Shaheed Veer Narayan Singh International Stadium, Raipur",Raipur,1,Kolkata Knight Riders,Royal Challengers Bengaluru,192,4,120,20.0,Royal Challengers Bengaluru,field,Royal Challengers Bengaluru
1529300,2026,2026-05-13,"Shaheed Veer Narayan Singh International Stadium, Raipur",Raipur,2,Royal Challengers Bengaluru,Kolkata Knight Riders,194,4,115,19.1,Royal Challengers Bengaluru,field,Royal Challengers Bengaluru
1529301,2026,2026-05-14,"Himachal Pradesh Cricket Association Stadium, Dharamsala",Dharamsala,1,Punjab Kings,Mumbai Indians,200,8,120,20.0,Mumbai Indians,field,Mumbai Indians
1529301,2026,2026-05-14,"Himachal Pradesh Cricket Association Stadium, Dharamsala",Dharamsala,2,Mumbai Indians,Punjab Kings,205,4,119,19.5,Mumbai Indians,field,Mumbai Indians
1529302,2026,2026-05-15,"Bharat Ratna Shri Atal Bihari Vajpayee Ekana Cricket Stadium, Lucknow",Lucknow,1,Chennai Super Kings,Lucknow Super Giants,187,5,120,20.0,Lucknow Super Giants,field,Lucknow Super Giants
1529302,2026,2026-05-15,"Bharat Ratna Shri Atal Bihari Vajpayee Ekana Cricket Stadium, Lucknow",Lucknow,2,Lucknow Super Giants,Chennai Super Kings,188,3,100,16.4,Lucknow Super Giants,field,Lucknow Super Giants
1529303,2026,2026-05-16,"Eden Gardens, Kolkata",Kolkata,1,Kolkata Knight Riders,Gujarat Titans,247,2,120,20.0,Gujarat Titans,field,Kolkata Knight Riders
1529303,2026,2026-05-16,"Eden Gardens, Kolkata",Kolkata,2,Gujarat Titans,Kolkata Knight Riders,218,4,120,20.0,Gujarat Titans,field,Kolkata Knight Riders
1529304,2026,2026-05-17,"Himachal Pradesh Cricket Association Stadium, Dharamsala",Dharamsala,1,Royal Challengers Bengaluru,Punjab Kings,222,4,120,20.0,Punjab Kings,field,Royal Challengers Bengaluru
1529304,2026,2026-05-17,"Himachal Pradesh Cricket Association Stadium, Dharamsala",Dharamsala,2,Punjab Kings,Royal Challengers Bengaluru,199,8,120,20.0,Punjab Kings,field,Royal Challengers Bengaluru
1529305,2026,2026-05-17,"Arun Jaitley Stadium, Delhi",Delhi,1,Rajasthan Royals,Delhi Capitals,193,8,120,20.0,Delhi Capitals,field,Delhi Capitals
1529305,2026,2026-05-17,"Arun Jaitley Stadium, Delhi",Delhi,2,Delhi Capitals,Rajasthan Royals,197,5,116,19.2,Delhi Capitals,field,Delhi Capitals
1529306,2026,2026-05-18,"MA Chidambaram Stadium, Chepauk, Chennai",Chennai,1,Chennai Super Kings,Sunrisers Hyderabad,180,7,120,20.0,Chennai Super Kings,bat,Sunrisers Hyderabad
1529306,2026,2026-05-18,"MA Chidambaram Stadium, Chepauk, Chennai",Chennai,2,Sunrisers Hyderabad,Chennai Super Kings,181,5,114,19.0,Chennai Super Kings,bat,Sunrisers Hyderabad
1529307,2026,2026-05-19,"Sawai Mansingh Stadium, Jaipur",Jaipur,1,Lucknow Super Giants,Rajasthan Royals,220,5,120,20.0,Rajasthan Royals,field,Rajasthan Royals
1529307,2026,2026-05-19,"Sawai Mansingh Stadium, Jaipur",Jaipur,2,Rajasthan Royals,Lucknow Super Giants,225,3,115,19.1,Rajasthan Royals,field,Rajasthan Royals
1529308,2026,2026-05-20,"Eden Gardens, Kolkata",Kolkata,1,Mumbai Indians,Kolkata Knight Riders,147,8,120,20.0,Kolkata Knight Riders,field,Kolkata Knight Riders
1529308,2026,2026-05-20,"Eden Gardens, Kolkata",Kolkata,2,Kolkata Knight Riders,Mumbai Indians,148,6,113,18.5,Kolkata Knight Riders,field,Kolkata Knight Riders
1529309,2026,2026-05-21,"Narendra Modi Stadium, Ahmedabad",Ahmedabad,1,Gujarat Titans,Chennai Super Kings,229,4,120,20.0,Chennai Super Kings,field,Gujarat Titans
1529309,2026,2026-05-21,"Narendra Modi Stadium, Ahmedabad",Ahmedabad,2,Chennai Super Kings,Gujarat Titans,140,10,82,13.4,Chennai Super Kings,field,Gujarat Titans
1529310,2026,2026-05-22,"Rajiv Gandhi International Stadium, Uppal, Hyderabad",Hyderabad,1,Sunrisers Hyderabad,Royal Challengers Bengaluru,255,4,120,20.0,Sunrisers Hyderabad,bat,Sunrisers Hyderabad
1529310,2026,2026-05-22,"Rajiv Gandhi International Stadium, Uppal, Hyderabad",Hyderabad,2,Royal Challengers Bengaluru,Sunrisers Hyderabad,200,4,120,20.0,Sunrisers Hyderabad,bat,Sunrisers Hyderabad
1529311,2026,2026-05-23,"Bharat Ratna Shri Atal Bihari Vajpayee Ekana Cricket Stadium, Lucknow",Lucknow,1,Lucknow Super Giants,Punjab Kings,196,6,120,20.0,Punjab Kings,field,Punjab Kings
1529311,2026,2026-05-23,"Bharat Ratna Shri Atal Bihari Vajpayee Ekana Cricket Stadium, Lucknow",Lucknow,2,Punjab Kings,Lucknow Super Giants,200,3,108,18.0,Punjab Kings,field,Punjab Kings
1529312,2026,2026-05-24,"Wankhede Stadium, Mumbai",Mumbai,1,Rajasthan Royals,Mumbai Indians,205,8,120,20.0,Mumbai Indians,field,Rajasthan Royals
1529312,2026,2026-05-24,"Wankhede Stadium, Mumbai",Mumbai,2,Mumbai Indians,Rajasthan Royals,175,9,120,20.0,Mumbai Indians,field,Rajasthan Royals
1529313,2026,2026-05-24,"Eden Gardens, Kolkata",Kolkata,1,Delhi Capitals,Kolkata Knight Riders,203,5,120,20.0,Kolkata Knight Riders,field,Delhi Capitals
1529313,2026,2026-05-24,"Eden Gardens, Kolkata",Kolkata,2,Kolkata Knight Riders,Delhi Capitals,163,10,112,18.4,Kolkata Knight Riders,field,Delhi Capitals
1535462,2026,2026-05-26,"Himachal Pradesh Cricket Association Stadium, Dharamsala",Dharamsala,1,Royal Challengers Bengaluru,Gujarat Titans,254,5,120,20.0,Gujarat Titans,field,Royal Challengers Bengaluru
1535462,2026,2026-05-26,"Himachal Pradesh Cricket Association Stadium, Dharamsala",Dharamsala,2,Gujarat Titans,Royal Challengers Bengaluru,162,10,117,19.3,Gujarat Titans,field,Royal Challengers Bengaluru
1535463,2026,2026-05-27,"Maharaja Yadavindra Singh International Cricket Stadium, New Chandigarh",New Chandigarh,1,Rajasthan Royals,Sunrisers Hyderabad,243,8,120,20.0,Sunrisers Hyderabad,field,Rajasthan Royals
1535463,2026,2026-05-27,"Maharaja Yadavindra Singh International Cricket Stadium, New Chandigarh",New Chandigarh,2,Sunrisers Hyderabad,Rajasthan Royals,196,10,116,19.2,Sunrisers Hyderabad,field,Rajasthan Royals
1535464,2026,2026-05-29,"Maharaja Yadavindra Singh International Cricket Stadium, New Chandigarh",New Chandigarh,1,Rajasthan Royals,Gujarat Titans,214,6,120,20.0,Rajasthan Royals,bat,Gujarat Titans
1535464,2026,2026-05-29,"Maharaja Yadavindra Singh International Cricket Stadium, New Chandigarh",New Chandigarh,2,Gujarat Titans,Rajasthan Royals,219,3,112,18.4,Rajasthan Royals,bat,Gujarat Titans
1535465,2026,2026-05-31,"Narendra Modi Stadium, Ahmedabad",Ahmedabad,1,Gujarat Titans,Royal Challengers Bengaluru,155,8,120,20.0,Royal Challengers Bengaluru,field,Royal Challengers Bengaluru
1535465,2026,2026-05-31,"Narendra Modi Stadium, Ahmedabad",Ahmedabad,2,Royal Challengers Bengaluru,Gujarat Titans,161,5,108,18.0,Royal Challengers Bengaluru,field,Royal Challengers Bengaluru
335982,2007/08,2008-04-18,M Chinnaswamy Stadium,Bangalore,1,Kolkata Knight Riders,Royal Challengers Bangalore,222,3,120,20.0,Royal Challengers Bangalore,field,Kolkata Knight Riders
335982,2007/08,2008-04-18,M Chinnaswamy Stadium,Bangalore,2,Royal Challengers Bangalore,Kolkata Knight Riders,82,10,91,15.1,Royal Challengers Bangalore,field,Kolkata Knight Riders
335983,2007/08,2008-04-19,"Punjab Cricket Association Stadium, Mohali",Chandigarh,1,Chennai Super Kings,Kings XI Punjab,240,5,120,20.0,Chennai Super Kings,bat,Chennai Super Kings
335983,2007/08,2008-04-19,"Punjab Cricket Association Stadium, Mohali",Chandigarh,2,Kings XI Punjab,Chennai Super Kings,207,4,120,20.0,Chennai Super Kings,bat,Chennai Super Kings
335984,2007/08,2008-04-19,Feroz Shah Kotla,Delhi,1,Rajasthan Royals,Delhi Daredevils,129,8,120,20.0,Rajasthan Royals,bat,Delhi Daredevils
335984,2007/08,2008-04-19,Feroz Shah Kotla,Delhi,2,Delhi Daredevils,Rajasthan Royals,132,1,91,15.1,Rajasthan Royals,bat,Delhi Daredevils
335985,2007/08,2008-04-20,Wankhede Stadium,Mumbai,1,Mumbai Indians,Royal Challengers Bangalore,165,6,120,20.0,Mumbai Indians,bat,Royal Challengers Bangalore
335985,2007/08,2008-04-20,Wankhede Stadium,Mumbai,2,Royal Challengers Bangalore,Mumbai Indians,166,5,118,19.4,Mumbai Indians,bat,Royal Challengers Bangalore
335986,2007/08,2008-04-20,Eden Gardens,Kolkata,1,Deccan Chargers,Kolkata Knight Riders,110,10,112,18.4,Deccan Chargers,bat,Kolkata Knight Riders
335986,2007/08,2008-04-20,Eden Gardens,Kolkata,2,Kolkata Knight Riders,Deccan Chargers,112,5,114,19.0,Deccan Chargers,bat,Kolkata Knight Riders
335987,2007/08,2008-04-21,Sawai Mansingh Stadium,Jaipur,1,Kings XI Punjab,Rajasthan Royals,166,8,119,19.5,Kings XI Punjab,bat,Rajasthan Royals
335987,2007/08,2008-04-21,Sawai Mansingh Stadium,Jaipur,2,Rajasthan Royals,Kings XI Punjab,168,4,109,18.1,Kings XI Punjab,bat,Rajasthan Royals
335988,2007/08,2008-04-22,"Rajiv Gandhi International Stadium, Uppal",Hyderabad,1,Deccan Chargers,Delhi Daredevils,142,8,120,20.0,Deccan Chargers,bat,Delhi Daredevils
335988,2007/08,2008-04-22,"Rajiv Gandhi International Stadium, Uppal",Hyderabad,2,Delhi Daredevils,Deccan Chargers,143,1,78,13.0,Deccan Chargers,bat,Delhi Daredevils
335989,2007/08,2008-04-23,"MA Chidambaram Stadium, Chepauk",Chennai,1,Chennai Super Kings,Mumbai Indians,208,5,120,20.0,Mumbai Indians,field,Chennai Super Kings
335989,2007/08,2008-04-23,"MA Chidambaram Stadium, Chepauk",Chennai,2,Mumbai Indians,Chennai Super Kings,202,7,120,20.0,Mumbai Indians,field,Chennai Super Kings
335990,2007/08,2008-04-24,"Rajiv Gandhi International Stadium, Uppal",Hyderabad,1,Deccan Chargers,Rajasthan Royals,214,5,120,20.0,Rajasthan Royals,field,Rajasthan Royals
335990,2007/08,2008-04-24,"Rajiv Gandhi International Stadium, Uppal",Hyderabad,2,Rajasthan Royals,Deccan Chargers,217,7,119,19.5,Rajasthan Royals,field,Rajasthan Royals
335991,2007/08,2008-04-25,"Punjab Cricket Association Stadium, Mohali",Chandigarh,1,Kings XI Punjab,Mumbai Indians,182,10,120,20.0,Mumbai Indians,field,Kings XI Punjab
335991,2007/08,2008-04-25,"Punjab Cricket Association Stadium, Mohali",Chandigarh,2,Mumbai Indians,Kings XI Punjab,116,9,120,20.0,Mumbai Indians,field,Kings XI Punjab
335992,2007/08,2008-04-26,M Chinnaswamy Stadium,Bangalore,1,Royal Challengers Bangalore,Rajasthan Royals,135,8,120,20.0,Rajasthan Royals,field,Rajasthan Royals
335992,2007/08,2008-04-26,M Chinnaswamy Stadium,Bangalore,2,Rajasthan Royals,Royal Challengers Bangalore,138,3,103,17.1,Rajasthan Royals,field,Rajasthan Royals
335993,2007/08,2008-04-26,"MA Chidambaram Stadium, Chepauk",Chennai,1,Kolkata Knight Riders,Chennai Super Kings,147,9,120,20.0,Kolkata Knight Riders,bat,Chennai Super Kings
335993,2007/08,2008-04-26,"MA Chidambaram Stadium, Chepauk",Chennai,2,Chennai Super Kings,Kolkata Knight Riders,152,1,102,17.0,Kolkata Knight Riders,bat,Chennai Super Kings
335994,2007/08,2008-04-27,Dr DY Patil Sports Academy,Mumbai,1,Mumbai Indians,Deccan Chargers,154,7,120,20.0,Deccan Chargers,field,Deccan Chargers
335994,2007/08,2008-04-27,Dr DY Patil Sports Academy,Mumbai,2,Deccan Chargers,Mumbai Indians,155,0,73,12.1,Deccan Chargers,field,Deccan Chargers
335995,2007/08,2008-04-27,"Punjab Cricket Association Stadium, Mohali",Chandigarh,1,Delhi Daredevils,Kings XI Punjab,158,8,120,20.0,Delhi Daredevils,bat,Kings XI Punjab
335995,2007/08,2008-04-27,"Punjab Cricket Association Stadium, Mohali",Chandigarh,2,Kings XI Punjab,Delhi Daredevils,162,6,117,19.3,Delhi Daredevils,bat,Kings XI Punjab
335996,2007/08,2008-04-28,M Chinnaswamy Stadium,Bangalore,1,Chennai Super Kings,Royal Challengers Bangalore,178,5,120,20.0,Chennai Super Kings,bat,Chennai Super Kings
335996,2007/08,2008-04-28,M Chinnaswamy Stadium,Bangalore,2,Royal Challengers Bangalore,Chennai Super Kings,165,10,118,19.4,Chennai Super Kings,bat,Chennai Super Kings
335997,2007/08,2008-04-29,Eden Gardens,Kolkata,1,Kolkata Knight Riders,Mumbai Indians,137,8,120,20.0,Kolkata Knight Riders,bat,Mumbai Indians
335997,2007/08,2008-04-29,Eden Gardens,Kolkata,2,Mumbai Indians,Kolkata Knight Riders,138,3,112,18.4,Kolkata Knight Riders,bat,Mumbai Indians
335998,2007/08,2008-04-30,Feroz Shah Kotla,Delhi,1,Delhi Daredevils,Royal Challengers Bangalore,191,5,120,20.0,Royal Challengers Bangalore,field,Delhi Daredevils
335998,2007/08,2008-04-30,Feroz Shah Kotla,Delhi,2,Royal Challengers Bangalore,Delhi Daredevils,181,5,120,20.0,Royal Challengers Bangalore,field,Delhi Daredevils
335999,2007/08,2008-05-01,"Rajiv Gandhi International Stadium, Uppal",Hyderabad,1,Deccan Chargers,Kings XI Punjab,164,8,120,20.0,Kings XI Punjab,field,Kings XI Punjab
335999,2007/08,2008-05-01,"Rajiv Gandhi International Stadium, Uppal",Hyderabad,2,Kings XI Punjab,Deccan Chargers,167,3,113,18.5,Kings XI Punjab,field,Kings XI Punjab
336000,2007/08,2008-05-01,Sawai Mansingh Stadium,Jaipur,1,Rajasthan Royals,Kolkata Knight Riders,196,7,120,20.0,Rajasthan Royals,bat,Rajasthan Royals
336000,2007/08,2008-05-01,Sawai Mansingh Stadium,Jaipur,2,Kolkata Knight Riders,Rajasthan Royals,151,10,115,19.1,Rajasthan Royals,bat,Rajasthan Royals
336001,2007/08,2008-05-02,"MA Chidambaram Stadium, Chepauk",Chennai,1,Chennai Super Kings,Delhi Daredevils,169,6,120,20.0,Chennai Super Kings,bat,Delhi Daredevils
336001,2007/08,2008-05-02,"MA Chidambaram Stadium, Chepauk",Chennai,2,Delhi Daredevils,Chennai Super Kings,172,2,114,19.0,Chennai Super Kings,bat,Delhi Daredevils
336002,2007/08,2008-05-25,"Rajiv Gandhi International Stadium, Uppal",Hyderabad,1,Deccan Chargers,Royal Challengers Bangalore,165,10,120,20.0,Deccan Chargers,bat,Royal Challengers Bangalore
336002,2007/08,2008-05-25,"Rajiv Gandhi International Stadium, Uppal",Hyderabad,2,Royal Challengers Bangalore,Deccan Chargers,171,5,114,19.0,Deccan Chargers,bat,Royal Challengers Bangalore
336003,2007/08,2008-05-03,"Punjab Cricket Association Stadium, Mohali",Chandigarh,1,Kings XI Punjab,Kolkata Knight Riders,178,6,120,20.0,Kings XI Punjab,bat,Kings XI Punjab
336003,2007/08,2008-05-03,"Punjab Cricket Association Stadium, Mohali",Chandigarh,2,Kolkata Knight Riders,Kings XI Punjab,169,6,120,20.0,Kings XI Punjab,bat,Kings XI Punjab
336004,2007/08,2008-05-04,Dr DY Patil Sports Academy,Mumbai,1,Mumbai Indians,Delhi Daredevils,162,8,120,20.0,Delhi Daredevils,field,Mumbai Indians
336004,2007/08,2008-05-04,Dr DY Patil Sports Academy,Mumbai,2,Delhi Daredevils,Mumbai Indians,133,10,113,18.5,Delhi Daredevils,field,Mumbai Indians
336005,2007/08,2008-05-04,Sawai Mansingh Stadium,Jaipur,1,Chennai Super Kings,Rajasthan Royals,109,10,114,19.0,Chennai Super Kings,bat,Rajasthan Royals
336005,2007/08,2008-05-04,Sawai Mansingh Stadium,Jaipur,2,Rajasthan Royals,Chennai Super Kings,110,2,86,14.2,Chennai Super Kings,bat,Rajasthan Royals
336006,2007/08,2008-05-05,M Chinnaswamy Stadium,Bangalore,1,Royal Challengers Bangalore,Kings XI Punjab,126,10,116,19.2,Kings XI Punjab,field,Kings XI Punjab
336006,2007/08,2008-05-05,M Chinnaswamy Stadium,Bangalore,2,Kings XI Punjab,Royal Challengers Bangalore,127,4,110,18.2,Kings XI Punjab,field,Kings XI Punjab
336007,2007/08,2008-05-06,"MA Chidambaram Stadium, Chepauk",Chennai,1,Chennai Super Kings,Deccan Chargers,144,7,120,20.0,Deccan Chargers,field,Deccan Chargers
336007,2007/08,2008-05-06,"MA Chidambaram Stadium, Chepauk",Chennai,2,Deccan Chargers,Chennai Super Kings,148,3,108,18.0,Deccan Chargers,field,Deccan Chargers
336008,2007/08,2008-05-07,Dr DY Patil Sports Academy,Mumbai,1,Rajasthan Royals,Mumbai Indians,103,10,98,16.2,Mumbai Indians,field,Mumbai Indians
336008,2007/08,2008-05-07,Dr DY Patil Sports Academy,Mumbai,2,Mumbai Indians,Rajasthan Royals,104,3,91,15.1,Mumbai Indians,field,Mumbai Indians
336009,2007/08,2008-05-08,Feroz Shah Kotla,Delhi,1,Delhi Daredevils,Chennai Super Kings,187,5,120,20.0,Chennai Super Kings,field,Chennai Super Kings
336009,2007/08,2008-05-08,Feroz Shah Kotla,Delhi,2,Chennai Super Kings,Delhi Daredevils,188,6,120,20.0,Chennai Super Kings,field,Chennai Super Kings
336010,2007/08,2008-05-08,Eden Gardens,Kolkata,1,Kolkata Knight Riders,Royal Challengers Bangalore,129,7,96,16.0,Kolkata Knight Riders,bat,Kolkata Knight Riders
336010,2007/08,2008-05-08,Eden Gardens,Kolkata,2,Royal Challengers Bangalore,Kolkata Knight Riders,124,4,96,16.0,Kolkata Knight Riders,bat,Kolkata Knight Riders
336011,2007/08,2008-05-09,Sawai Mansingh Stadium,Jaipur,1,Deccan Chargers,Rajasthan Royals,140,8,120,20.0,Rajasthan Royals,field,Rajasthan Royals
336011,2007/08,2008-05-09,Sawai Mansingh Stadium,Jaipur,2,Rajasthan Royals,Deccan Chargers,141,2,96,16.0,Rajasthan Royals,field,Rajasthan Royals
336012,2007/08,2008-05-28,M Chinnaswamy Stadium,Bangalore,1,Royal Challengers Bangalore,Mumbai Indians,122,9,108,18.0,Mumbai Indians,field,Mumbai Indians
336012,2007/08,2008-05-28,M Chinnaswamy Stadium,Bangalore,2,Mumbai Indians,Royal Challengers Bangalore,126,1,96,16.0,Mumbai Indians,field,Mumbai Indians
336013,2007/08,2008-05-10,"MA Chidambaram Stadium, Chepauk",Chennai,1,Chennai Super Kings,Kings XI Punjab,181,4,120,20.0,Kings XI Punjab,field,Chennai Super Kings
336013,2007/08,2008-05-10,"MA Chidambaram Stadium, Chepauk",Chennai,2,Kings XI Punjab,Chennai Super Kings,163,9,120,20.0,Kings XI Punjab,field,Chennai Super Kings
336014,2007/08,2008-05-11,"Rajiv Gandhi International Stadium, Uppal",Hyderabad,1,Kolkata Knight Riders,Deccan Chargers,204,4,120,20.0,Kolkata Knight Riders,bat,Kolkata Knight Riders
336014,2007/08,2008-05-11,"Rajiv Gandhi International Stadium, Uppal",Hyderabad,2,Deccan Chargers,Kolkata Knight Riders,181,7,120,20.0,Kolkata Knight Riders,bat,Kolkata Knight Riders
336015,2007/08,2008-05-11,Sawai Mansingh Stadium,Jaipur,1,Delhi Daredevils,Rajasthan Royals,156,7,120,20.0,Rajasthan Royals,field,Rajasthan Royals
336015,2007/08,2008-05-11,Sawai Mansingh Stadium,Jaipur,2,Rajasthan Royals,Delhi Daredevils,159,7,114,19.0,Rajasthan Royals,field,Rajasthan Royals
336016,2007/08,2008-05-12,"Punjab Cricket Association Stadium, Mohali",Chandigarh,1,Royal Challengers Bangalore,Kings XI Punjab,143,8,120,20.0,Royal Challengers Bangalore,bat,Kings XI Punjab
336016,2007/08,2008-05-12,"Punjab Cricket Association Stadium, Mohali",Chandigarh,2,Kings XI Punjab,Royal Challengers Bangalore,144,1,94,15.4,Royal Challengers Bangalore,bat,Kings XI Punjab
336017,2007/08,2008-05-13,Eden Gardens,Kolkata,1,Kolkata Knight Riders,Delhi Daredevils,133,6,120,20.0,Kolkata Knight Riders,bat,Kolkata Knight Riders
336017,2007/08,2008-05-13,Eden Gardens,Kolkata,2,Delhi Daredevils,Kolkata Knight Riders,110,10,107,17.5,Kolkata Knight Riders,bat,Kolkata Knight Riders
336018,2007/08,2008-05-14,Wankhede Stadium,Mumbai,1,Chennai Super Kings,Mumbai Indians,156,6,120,20.0,Mumbai Indians,field,Mumbai Indians
336018,2007/08,2008-05-14,Wankhede Stadium,Mumbai,2,Mumbai Indians,Chennai Super Kings,158,1,83,13.5,Mumbai Indians,field,Mumbai Indians
336019,2007/08,2008-05-28,"Punjab Cricket Association Stadium, Mohali",Chandigarh,1,Kings XI Punjab,Rajasthan Royals,221,3,120,20.0,Rajasthan Royals,field,Kings XI Punjab
336019,2007/08,2008-05-28,"Punjab Cricket Association Stadium, Mohali",Chandigarh,2,Rajasthan Royals,Kings XI Punjab,180,7,120,20.0,Rajasthan Royals,field,Kings XI Punjab
336020,2007/08,2008-05-15,Feroz Shah Kotla,Delhi,1,Delhi Daredevils,Deccan Chargers,194,4,120,20.0,Deccan Chargers,field,Delhi Daredevils
336020,2007/08,2008-05-15,Feroz Shah Kotla,Delhi,2,Deccan Chargers,Delhi Daredevils,182,9,120,20.0,Deccan Chargers,field,Delhi Daredevils
336021,2007/08,2008-05-16,Wankhede Stadium,Mumbai,1,Kolkata Knight Riders,Mumbai Indians,67,10,92,15.2,Mumbai Indians,field,Mumbai Indians
336021,2007/08,2008-05-16,Wankhede Stadium,Mumbai,2,Mumbai Indians,Kolkata Knight Riders,68,2,33,5.3,Mumbai Indians,field,Mumbai Indians
336022,2007/08,2008-05-17,Feroz Shah Kotla,Delhi,1,Delhi Daredevils,Kings XI Punjab,118,4,66,11.0,Delhi Daredevils,bat,Kings XI Punjab
336022,2007/08,2008-05-17,Feroz Shah Kotla,Delhi,2,Kings XI Punjab,Delhi Daredevils,94,3,48,8.0,Delhi Daredevils,bat,Kings XI Punjab
336023,2007/08,2008-05-17,Sawai Mansingh Stadium,Jaipur,1,Rajasthan Royals,Royal Challengers Bangalore,197,1,120,20.0,Royal Challengers Bangalore,field,Rajasthan Royals
336023,2007/08,2008-05-17,Sawai Mansingh Stadium,Jaipur,2,Royal Challengers Bangalore,Rajasthan Royals,132,9,120,20.0,Royal Challengers Bangalore,field,Rajasthan Royals
336024,2007/08,2008-05-18,"Rajiv Gandhi International Stadium, Uppal",Hyderabad,1,Mumbai Indians,Deccan Chargers,178,7,120,20.0,Deccan Chargers,field,Mumbai Indians
336024,2007/08,2008-05-18,"Rajiv Gandhi International Stadium, Uppal",Hyderabad,2,Deccan Chargers,Mumbai Indians,153,7,120,20.0,Deccan Chargers,field,Mumbai Indians
336025,2007/08,2008-05-18,Eden Gardens,Kolkata,1,Kolkata Knight Riders,Chennai Super Kings,149,5,120,20.0,Kolkata Knight Riders,bat,Chennai Super Kings
336025,2007/08,2008-05-18,Eden Gardens,Kolkata,2,Chennai Super Kings,Kolkata Knight Riders,55,0,48,8.0,Kolkata Knight Riders,bat,Chennai Super Kings
336026,2007/08,2008-05-19,M Chinnaswamy Stadium,Bangalore,1,Royal Challengers Bangalore,Delhi Daredevils,154,7,120,20.0,Delhi Daredevils,field,Delhi Daredevils
336026,2007/08,2008-05-19,M Chinnaswamy Stadium,Bangalore,2,Delhi Daredevils,Royal Challengers Bangalore,158,5,110,18.2,Delhi Daredevils,field,Delhi Daredevils
336027,2007/08,2008-05-20,Eden Gardens,Kolkata,1,Kolkata Knight Riders,Rajasthan Royals,147,8,120,20.0,Rajasthan Royals,field,Rajasthan Royals
336027,2007/08,2008-05-20,Eden Gardens,Kolkata,2,Rajasthan Royals,Kolkata Knight Riders,150,4,99,16.3,Rajasthan Royals,field,Rajasthan Royals
336028,2007/08,2008-05-21,Wankhede Stadium,Mumbai,1,Kings XI Punjab,Mumbai Indians,189,4,120,20.0,Mumbai Indians,field,Kings XI Punjab
336028,2007/08,2008-05-21,Wankhede Stadium,Mumbai,2,Mumbai Indians,Kings XI Punjab,188,10,120,20.0,Mumbai Indians,field,Kings XI Punjab
336029,2007/08,2008-05-21,"MA Chidambaram Stadium, Chepauk",Chennai,1,Royal Challengers Bangalore,Chennai Super Kings,126,8,120,20.0,Royal Challengers Bangalore,bat,Royal Challengers Bangalore
336029,2007/08,2008-05-21,"MA Chidambaram Stadium, Chepauk",Chennai,2,Chennai Super Kings,Royal Challengers Bangalore,112,8,120,20.0,Royal Challengers Bangalore,bat,Royal Challengers Bangalore
336031,2007/08,2008-05-23,"Punjab Cricket Association Stadium, Mohali",Chandigarh,1,Deccan Chargers,Kings XI Punjab,175,4,120,20.0,Kings XI Punjab,field,Kings XI Punjab
336031,2007/08,2008-05-23,"Punjab Cricket Association Stadium, Mohali",Chandigarh,2,Kings XI Punjab,Deccan Chargers,178,4,117,19.3,Kings XI Punjab,field,Kings XI Punjab
336032,2007/08,2008-05-24,Feroz Shah Kotla,Delhi,1,Mumbai Indians,Delhi Daredevils,176,8,120,20.0,Delhi Daredevils,field,Delhi Daredevils
336032,2007/08,2008-05-24,Feroz Shah Kotla,Delhi,2,Delhi Daredevils,Mumbai Indians,179,5,119,19.5,Delhi Daredevils,field,Delhi Daredevils
336033,2007/08,2008-05-24,"MA Chidambaram Stadium, Chepauk",Chennai,1,Rajasthan Royals,Chennai Super Kings,211,5,120,20.0,Rajasthan Royals,bat,Rajasthan Royals
336033,2007/08,2008-05-24,"MA Chidambaram Stadium, Chepauk",Chennai,2,Chennai Super Kings,Rajasthan Royals,201,7,120,20.0,Rajasthan Royals,bat,Rajasthan Royals
336034,2007/08,2008-05-03,M Chinnaswamy Stadium,Bangalore,1,Royal Challengers Bangalore,Deccan Chargers,156,8,120,20.0,Deccan Chargers,field,Royal Challengers Bangalore
336034,2007/08,2008-05-03,M Chinnaswamy Stadium,Bangalore,2,Deccan Chargers,Royal Challengers Bangalore,153,6,120,20.0,Deccan Chargers,field,Royal Challengers Bangalore
336035,2007/08,2008-05-25,Eden Gardens,Kolkata,1,Kings XI Punjab,Kolkata Knight Riders,174,6,120,20.0,Kings XI Punjab,bat,Kolkata Knight Riders
336035,2007/08,2008-05-25,Eden Gardens,Kolkata,2,Kolkata Knight Riders,Kings XI Punjab,175,7,118,19.4,Kings XI Punjab,bat,Kolkata Knight Riders
336036,2007/08,2008-05-26,Sawai Mansingh Stadium,Jaipur,1,Mumbai Indians,Rajasthan Royals,145,7,120,20.0,Rajasthan Royals,field,Rajasthan Royals
336036,2007/08,2008-05-26,Sawai Mansingh Stadium,Jaipur,2,Rajasthan Royals,Mumbai Indians,146,5,120,20.0,Rajasthan Royals,field,Rajasthan Royals
336037,2007/08,2008-05-27,"Rajiv Gandhi International Stadium, Uppal",Hyderabad,1,Deccan Chargers,Chennai Super Kings,147,8,120,20.0,Deccan Chargers,bat,Chennai Super Kings
336037,2007/08,2008-05-27,"Rajiv Gandhi International Stadium, Uppal",Hyderabad,2,Chennai Super Kings,Deccan Chargers,148,3,116,19.2,Deccan Chargers,bat,Chennai Super Kings
336038,2007/08,2008-05-30,Wankhede Stadium,Mumbai,1,Rajasthan Royals,Delhi Daredevils,192,9,120,20.0,Delhi Daredevils,field,Rajasthan Royals
336038,2007/08,2008-05-30,Wankhede Stadium,Mumbai,2,Delhi Daredevils,Rajasthan Royals,87,10,97,16.1,Delhi Daredevils,field,Rajasthan Royals
336039,2007/08,2008-05-31,Wankhede Stadium,Mumbai,1,Kings XI Punjab,Chennai Super Kings,112,8,120,20.0,Kings XI Punjab,bat,Chennai Super Kings
336039,2007/08,2008-05-31,Wankhede Stadium,Mumbai,2,Chennai Super Kings,Kings XI Punjab,116,1,89,14.5,Kings XI Punjab,bat,Chennai Super Kings
336040,2007/08,2008-06-01,Dr DY Patil Sports Academy,Mumbai,1,Chennai Super Kings,Rajasthan Royals,163,5,120,20.0,Rajasthan Royals,field,Rajasthan Royals
336040,2007/08,2008-06-01,Dr DY Patil Sports Academy,Mumbai,2,Rajasthan Royals,Chennai Super Kings,164,7,120,20.0,Rajasthan Royals,field,Rajasthan Royals
392181,2009,2009-04-18,Newlands,Cape Town,1,Mumbai Indians,Chennai Super Kings,165,7,120,20.0,Chennai Super Kings,field,Mumbai Indians
392181,2009,2009-04-18,Newlands,Cape Town,2,Chennai Super Kings,Mumbai Indians,146,7,120,20.0,Chennai Super Kings,field,Mumbai Indians
392182,2009,2009-04-18,Newlands,Cape Town,1,Royal Challengers Bangalore,Rajasthan Royals,133,8,120,20.0,Royal Challengers Bangalore,bat,Royal Challengers Bangalore
392182,2009,2009-04-18,Newlands,Cape Town,2,Rajasthan Royals,Royal Challengers Bangalore,58,10,91,15.1,Royal Challengers Bangalore,bat,Royal Challengers Bangalore
392183,2009,2009-04-19,Newlands,Cape Town,1,Kings XI Punjab,Delhi Daredevils,104,7,72,12.0,Delhi Daredevils,field,Delhi Daredevils
392183,2009,2009-04-19,Newlands,Cape Town,2,Delhi Daredevils,Kings XI Punjab,58,0,29,4.5,Delhi Daredevils,field,Delhi Daredevils
392184,2009,2009-04-19,Newlands,Cape Town,1,Kolkata Knight Riders,Deccan Chargers,101,10,118,19.4,Kolkata Knight Riders,bat,Deccan Chargers
392184,2009,2009-04-19,Newlands,Cape Town,2,Deccan Chargers,Kolkata Knight Riders,104,2,79,13.1,Kolkata Knight Riders,bat,Deccan Chargers
392185,2009,2009-04-20,St George's Park,Port Elizabeth,1,Chennai Super Kings,Royal Challengers Bangalore,179,5,120,20.0,Chennai Super Kings,bat,Chennai Super Kings
392185,2009,2009-04-20,St George's Park,Port Elizabeth,2,Royal Challengers Bangalore,Chennai Super Kings,87,10,92,15.2,Chennai Super Kings,bat,Chennai Super Kings
392186,2009,2009-04-21,Kingsmead,Durban,1,Kings XI Punjab,Kolkata Knight Riders,158,6,120,20.0,Kolkata Knight Riders,field,Kolkata Knight Riders
392186,2009,2009-04-21,Kingsmead,Durban,2,Kolkata Knight Riders,Kings XI Punjab,79,1,56,9.2,Kolkata Knight Riders,field,Kolkata Knight Riders
392188,2009,2009-04-22,Newlands,Cape Town,1,Deccan Chargers,Royal Challengers Bangalore,184,6,120,20.0,Deccan Chargers,bat,Deccan Chargers
392188,2009,2009-04-22,Newlands,Cape Town,2,Royal Challengers Bangalore,Deccan Chargers,160,8,120,20.0,Deccan Chargers,bat,Deccan Chargers
392189,2009,2009-04-23,Kingsmead,Durban,1,Delhi Daredevils,Chennai Super Kings,189,5,120,20.0,Delhi Daredevils,bat,Delhi Daredevils
392189,2009,2009-04-23,Kingsmead,Durban,2,Chennai Super Kings,Delhi Daredevils,180,9,120,20.0,Delhi Daredevils,bat,Delhi Daredevils
392190,2009,2009-04-23,Newlands,Cape Town,1,Rajasthan Royals,Kolkata Knight Riders,150,6,120,20.0,Kolkata Knight Riders,field,
392190,2009,2009-04-23,Newlands,Cape Town,2,Kolkata Knight Riders,Rajasthan Royals,150,8,120,20.0,Kolkata Knight Riders,field,
392190,2009,2009-04-23,Newlands,Cape Town,3,Kolkata Knight Riders,Rajasthan Royals,15,1,6,1.0,Kolkata Knight Riders,field,
392190,2009,2009-04-23,Newlands,Cape Town,4,Rajasthan Royals,Kolkata Knight Riders,18,0,4,0.4,Kolkata Knight Riders,field,
392191,2009,2009-04-24,Kingsmead,Durban,1,Royal Challengers Bangalore,Kings XI Punjab,168,9,120,20.0,Royal Challengers Bangalore,bat,Kings XI Punjab
392191,2009,2009-04-24,Kingsmead,Durban,2,Kings XI Punjab,Royal Challengers Bangalore,173,3,114,19.0,Royal Challengers Bangalore,bat,Kings XI Punjab
392192,2009,2009-04-25,Kingsmead,Durban,1,Deccan Chargers,Mumbai Indians,168,9,120,20.0,Deccan Chargers,bat,Deccan Chargers
392192,2009,2009-04-25,Kingsmead,Durban,2,Mumbai Indians,Deccan Chargers,156,7,120,20.0,Deccan Chargers,bat,Deccan Chargers
392194,2009,2009-04-26,St George's Park,Port Elizabeth,1,Royal Challengers Bangalore,Delhi Daredevils,149,7,120,20.0,Royal Challengers Bangalore,bat,Delhi Daredevils
392194,2009,2009-04-26,St George's Park,Port Elizabeth,2,Delhi Daredevils,Royal Challengers Bangalore,150,4,116,19.2,Royal Challengers Bangalore,bat,Delhi Daredevils
392195,2009,2009-04-26,Newlands,Cape Town,1,Kings XI Punjab,Rajasthan Royals,139,6,120,20.0,Kings XI Punjab,bat,Kings XI Punjab
392195,2009,2009-04-26,Newlands,Cape Town,2,Rajasthan Royals,Kings XI Punjab,112,7,120,20.0,Kings XI Punjab,bat,Kings XI Punjab
392196,2009,2009-04-27,Kingsmead,Durban,1,Chennai Super Kings,Deccan Chargers,165,6,120,20.0,Deccan Chargers,field,Deccan Chargers
392196,2009,2009-04-27,Kingsmead,Durban,2,Deccan Chargers,Chennai Super Kings,169,4,117,19.3,Deccan Chargers,field,Deccan Chargers
392197,2009,2009-04-27,St George's Park,Port Elizabeth,1,Mumbai Indians,Kolkata Knight Riders,187,6,120,20.0,Mumbai Indians,bat,Mumbai Indians
392197,2009,2009-04-27,St George's Park,Port Elizabeth,2,Kolkata Knight Riders,Mumbai Indians,95,9,92,15.2,Mumbai Indians,bat,Mumbai Indians
392198,2009,2009-04-28,SuperSport Park,Centurion,1,Delhi Daredevils,Rajasthan Royals,143,7,120,20.0,Delhi Daredevils,bat,Rajasthan Royals
392198,2009,2009-04-28,SuperSport Park,Centurion,2,Rajasthan Royals,Delhi Daredevils,147,5,112,18.4,Delhi Daredevils,bat,Rajasthan Royals
392199,2009,2009-04-29,Kingsmead,Durban,1,Kolkata Knight Riders,Royal Challengers Bangalore,139,6,120,20.0,Kolkata Knight Riders,bat,Royal Challengers Bangalore
392199,2009,2009-04-29,Kingsmead,Durban,2,Royal Challengers Bangalore,Kolkata Knight Riders,143,5,119,19.5,Kolkata Knight Riders,bat,Royal Challengers Bangalore
392200,2009,2009-04-29,Kingsmead,Durban,1,Kings XI Punjab,Mumbai Indians,119,8,120,20.0,Kings XI Punjab,bat,Kings XI Punjab
392200,2009,2009-04-29,Kingsmead,Durban,2,Mumbai Indians,Kings XI Punjab,116,7,120,20.0,Kings XI Punjab,bat,Kings XI Punjab
392201,2009,2009-04-30,SuperSport Park,Centurion,1,Deccan Chargers,Delhi Daredevils,148,9,120,20.0,Delhi Daredevils,field,Delhi Daredevils
392201,2009,2009-04-30,SuperSport Park,Centurion,2,Delhi Daredevils,Deccan Chargers,150,4,112,18.4,Delhi Daredevils,field,Delhi Daredevils
392202,2009,2009-04-30,SuperSport Park,Centurion,1,Chennai Super Kings,Rajasthan Royals,164,5,120,20.0,Rajasthan Royals,field,Chennai Super Kings
392202,2009,2009-04-30,SuperSport Park,Centurion,2,Rajasthan Royals,Chennai Super Kings,126,9,117,19.3,Rajasthan Royals,field,Chennai Super Kings
392203,2009,2009-05-01,Buffalo Park,East London,1,Mumbai Indians,Kolkata Knight Riders,148,6,120,20.0,Mumbai Indians,bat,Mumbai Indians
392203,2009,2009-05-01,Buffalo Park,East London,2,Kolkata Knight Riders,Mumbai Indians,139,6,120,20.0,Mumbai Indians,bat,Mumbai Indians
392204,2009,2009-05-01,Kingsmead,Durban,1,Royal Challengers Bangalore,Kings XI Punjab,145,9,120,20.0,Royal Challengers Bangalore,bat,Royal Challengers Bangalore
392204,2009,2009-05-01,Kingsmead,Durban,2,Kings XI Punjab,Royal Challengers Bangalore,137,7,120,20.0,Royal Challengers Bangalore,bat,Royal Challengers Bangalore
392205,2009,2009-05-02,St George's Park,Port Elizabeth,1,Deccan Chargers,Rajasthan Royals,141,5,120,20.0,Deccan Chargers,bat,Rajasthan Royals
392205,2009,2009-05-02,St George's Park,Port Elizabeth,2,Rajasthan Royals,Deccan Chargers,142,7,118,19.4,Deccan Chargers,bat,Rajasthan Royals
392206,2009,2009-05-02,New Wanderers Stadium,Johannesburg,1,Chennai Super Kings,Delhi Daredevils,163,10,120,20.0,Delhi Daredevils,field,Chennai Super Kings
392206,2009,2009-05-02,New Wanderers Stadium,Johannesburg,2,Delhi Daredevils,Chennai Super Kings,145,8,120,20.0,Delhi Daredevils,field,Chennai Super Kings
392207,2009,2009-05-03,St George's Park,Port Elizabeth,1,Kolkata Knight Riders,Kings XI Punjab,153,3,120,20.0,Kolkata Knight Riders,bat,Kings XI Punjab
392207,2009,2009-05-03,St George's Park,Port Elizabeth,2,Kings XI Punjab,Kolkata Knight Riders,154,4,120,20.0,Kolkata Knight Riders,bat,Kings XI Punjab
392208,2009,2009-05-03,New Wanderers Stadium,Johannesburg,1,Mumbai Indians,Royal Challengers Bangalore,149,4,120,20.0,Mumbai Indians,bat,Royal Challengers Bangalore
392208,2009,2009-05-03,New Wanderers Stadium,Johannesburg,2,Royal Challengers Bangalore,Mumbai Indians,150,1,109,18.1,Mumbai Indians,bat,Royal Challengers Bangalore
392209,2009,2009-05-04,Buffalo Park,East London,1,Chennai Super Kings,Deccan Chargers,178,3,120,20.0,Chennai Super Kings,bat,Chennai Super Kings
392209,2009,2009-05-04,Buffalo Park,East London,2,Deccan Chargers,Chennai Super Kings,100,10,88,14.4,Chennai Super Kings,bat,Chennai Super Kings
392210,2009,2009-05-05,Kingsmead,Durban,1,Rajasthan Royals,Kings XI Punjab,211,4,120,20.0,Kings XI Punjab,field,Rajasthan Royals
392210,2009,2009-05-05,Kingsmead,Durban,2,Kings XI Punjab,Rajasthan Royals,133,8,120,20.0,Kings XI Punjab,field,Rajasthan Royals
392211,2009,2009-05-05,Kingsmead,Durban,1,Kolkata Knight Riders,Delhi Daredevils,154,3,120,20.0,Kolkata Knight Riders,bat,Delhi Daredevils
392211,2009,2009-05-05,Kingsmead,Durban,2,Delhi Daredevils,Kolkata Knight Riders,157,1,114,19.0,Kolkata Knight Riders,bat,Delhi Daredevils
392212,2009,2009-05-06,SuperSport Park,Centurion,1,Deccan Chargers,Mumbai Indians,145,6,120,20.0,Deccan Chargers,bat,Deccan Chargers
392212,2009,2009-05-06,SuperSport Park,Centurion,2,Mumbai Indians,Deccan Chargers,126,8,120,20.0,Deccan Chargers,bat,Deccan Chargers
392213,2009,2009-05-07,SuperSport Park,Centurion,1,Royal Challengers Bangalore,Rajasthan Royals,105,10,120,20.0,Rajasthan Royals,field,Rajasthan Royals
392213,2009,2009-05-07,SuperSport Park,Centurion,2,Rajasthan Royals,Royal Challengers Bangalore,107,3,90,15.0,Rajasthan Royals,field,Rajasthan Royals
392214,2009,2009-05-07,SuperSport Park,Centurion,1,Chennai Super Kings,Kings XI Punjab,185,3,108,18.0,Chennai Super Kings,bat,Chennai Super Kings
392214,2009,2009-05-07,SuperSport Park,Centurion,2,Kings XI Punjab,Chennai Super Kings,174,3,108,18.0,Chennai Super Kings,bat,Chennai Super Kings
392215,2009,2009-05-08,Buffalo Park,East London,1,Mumbai Indians,Delhi Daredevils,116,10,120,20.0,Mumbai Indians,bat,Delhi Daredevils
392215,2009,2009-05-08,Buffalo Park,East London,2,Delhi Daredevils,Mumbai Indians,118,3,113,18.5,Mumbai Indians,bat,Delhi Daredevils
392216,2009,2009-05-09,De Beers Diamond Oval,Kimberley,1,Deccan Chargers,Kings XI Punjab,168,5,120,20.0,Kings XI Punjab,field,Kings XI Punjab
392216,2009,2009-05-09,De Beers Diamond Oval,Kimberley,2,Kings XI Punjab,Deccan Chargers,169,7,119,19.5,Kings XI Punjab,field,Kings XI Punjab
392217,2009,2009-05-09,De Beers Diamond Oval,Kimberley,1,Rajasthan Royals,Chennai Super Kings,140,7,120,20.0,Rajasthan Royals,bat,Chennai Super Kings
392217,2009,2009-05-09,De Beers Diamond Oval,Kimberley,2,Chennai Super Kings,Rajasthan Royals,141,3,110,18.2,Rajasthan Royals,bat,Chennai Super Kings
392218,2009,2009-05-10,St George's Park,Port Elizabeth,1,Mumbai Indians,Royal Challengers Bangalore,157,2,120,20.0,Mumbai Indians,bat,Mumbai Indians
392218,2009,2009-05-10,St George's Park,Port Elizabeth,2,Royal Challengers Bangalore,Mumbai Indians,141,7,120,20.0,Mumbai Indians,bat,Mumbai Indians
392219,2009,2009-05-10,New Wanderers Stadium,Johannesburg,1,Kolkata Knight Riders,Delhi Daredevils,123,8,120,20.0,Delhi Daredevils,field,Delhi Daredevils
392219,2009,2009-05-10,New Wanderers Stadium,Johannesburg,2,Delhi Daredevils,Kolkata Knight Riders,125,3,103,17.1,Delhi Daredevils,field,Delhi Daredevils
392220,2009,2009-05-11,De Beers Diamond Oval,Kimberley,1,Deccan Chargers,Rajasthan Royals,166,7,120,20.0,Deccan Chargers,bat,Deccan Chargers
392220,2009,2009-05-11,De Beers Diamond Oval,Kimberley,2,Rajasthan Royals,Deccan Chargers,113,10,117,19.3,Deccan Chargers,bat,Deccan Chargers
392221,2009,2009-05-12,SuperSport Park,Centurion,1,Kolkata Knight Riders,Royal Challengers Bangalore,173,4,120,20.0,Royal Challengers Bangalore,field,Royal Challengers Bangalore
392221,2009,2009-05-12,SuperSport Park,Centurion,2,Royal Challengers Bangalore,Kolkata Knight Riders,176,4,116,19.2,Royal Challengers Bangalore,field,Royal Challengers Bangalore
392222,2009,2009-05-12,SuperSport Park,Centurion,1,Kings XI Punjab,Mumbai Indians,119,9,120,20.0,Kings XI Punjab,bat,Mumbai Indians
392222,2009,2009-05-12,SuperSport Park,Centurion,2,Mumbai Indians,Kings XI Punjab,122,2,98,16.2,Kings XI Punjab,bat,Mumbai Indians
392223,2009,2009-05-13,Kingsmead,Durban,1,Delhi Daredevils,Deccan Chargers,173,7,120,20.0,Deccan Chargers,field,Delhi Daredevils
392223,2009,2009-05-13,Kingsmead,Durban,2,Deccan Chargers,Delhi Daredevils,161,10,118,19.4,Deccan Chargers,field,Delhi Daredevils
392224,2009,2009-05-14,Kingsmead,Durban,1,Chennai Super Kings,Royal Challengers Bangalore,129,10,118,19.4,Chennai Super Kings,bat,Royal Challengers Bangalore
392224,2009,2009-05-14,Kingsmead,Durban,2,Royal Challengers Bangalore,Chennai Super Kings,132,8,118,19.4,Chennai Super Kings,bat,Royal Challengers Bangalore
392225,2009,2009-05-14,Kingsmead,Durban,1,Rajasthan Royals,Mumbai Indians,145,7,120,20.0,Rajasthan Royals,bat,Rajasthan Royals
392225,2009,2009-05-14,Kingsmead,Durban,2,Mumbai Indians,Rajasthan Royals,143,10,119,19.5,Rajasthan Royals,bat,Rajasthan Royals
392226,2009,2009-05-15,OUTsurance Oval,Bloemfontein,1,Delhi Daredevils,Kings XI Punjab,120,9,120,20.0,Kings XI Punjab,field,Kings XI Punjab
392226,2009,2009-05-15,OUTsurance Oval,Bloemfontein,2,Kings XI Punjab,Delhi Daredevils,123,4,115,19.1,Kings XI Punjab,field,Kings XI Punjab
392227,2009,2009-05-16,St George's Park,Port Elizabeth,1,Mumbai Indians,Chennai Super Kings,147,5,120,20.0,Mumbai Indians,bat,Chennai Super Kings
392227,2009,2009-05-16,St George's Park,Port Elizabeth,2,Chennai Super Kings,Mumbai Indians,151,3,115,19.1,Mumbai Indians,bat,Chennai Super Kings
392228,2009,2009-05-16,New Wanderers Stadium,Johannesburg,1,Kolkata Knight Riders,Deccan Chargers,160,5,120,20.0,Deccan Chargers,field,Deccan Chargers
392228,2009,2009-05-16,New Wanderers Stadium,Johannesburg,2,Deccan Chargers,Kolkata Knight Riders,166,4,120,20.0,Deccan Chargers,field,Deccan Chargers
392229,2009,2009-05-17,New Wanderers Stadium,Johannesburg,1,Kings XI Punjab,Deccan Chargers,134,7,120,20.0,Deccan Chargers,field,Kings XI Punjab
392229,2009,2009-05-17,New Wanderers Stadium,Johannesburg,2,Deccan Chargers,Kings XI Punjab,133,8,120,20.0,Deccan Chargers,field,Kings XI Punjab
392230,2009,2009-05-17,OUTsurance Oval,Bloemfontein,1,Delhi Daredevils,Rajasthan Royals,150,3,120,20.0,Delhi Daredevils,bat,Delhi Daredevils
392230,2009,2009-05-17,OUTsurance Oval,Bloemfontein,2,Rajasthan Royals,Delhi Daredevils,136,9,120,20.0,Delhi Daredevils,bat,Delhi Daredevils
392231,2009,2009-05-18,SuperSport Park,Centurion,1,Chennai Super Kings,Kolkata Knight Riders,188,3,120,20.0,Chennai Super Kings,bat,Kolkata Knight Riders
392231,2009,2009-05-18,SuperSport Park,Centurion,2,Kolkata Knight Riders,Chennai Super Kings,189,3,120,20.0,Chennai Super Kings,bat,Kolkata Knight Riders
392232,2009,2009-05-19,New Wanderers Stadium,Johannesburg,1,Delhi Daredevils,Royal Challengers Bangalore,134,7,120,20.0,Delhi Daredevils,bat,Royal Challengers Bangalore
392232,2009,2009-05-19,New Wanderers Stadium,Johannesburg,2,Royal Challengers Bangalore,Delhi Daredevils,135,3,114,19.0,Delhi Daredevils,bat,Royal Challengers Bangalore
392233,2009,2009-05-20,Kingsmead,Durban,1,Rajasthan Royals,Kolkata Knight Riders,101,9,120,20.0,Kolkata Knight Riders,field,Kolkata Knight Riders
392233,2009,2009-05-20,Kingsmead,Durban,2,Kolkata Knight Riders,Rajasthan Royals,102,6,117,19.3,Kolkata Knight Riders,field,Kolkata Knight Riders
392234,2009,2009-05-20,Kingsmead,Durban,1,Chennai Super Kings,Kings XI Punjab,116,9,120,20.0,Chennai Super Kings,bat,Chennai Super Kings
392234,2009,2009-05-20,Kingsmead,Durban,2,Kings XI Punjab,Chennai Super Kings,92,8,120,20.0,Chennai Super Kings,bat,Chennai Super Kings
392235,2009,2009-05-21,SuperSport Park,Centurion,1,Mumbai Indians,Delhi Daredevils,165,8,120,20.0,Delhi Daredevils,field,Delhi Daredevils
392235,2009,2009-05-21,SuperSport Park,Centurion,2,Delhi Daredevils,Mumbai Indians,166,6,105,17.3,Delhi Daredevils,field,Delhi Daredevils
392236,2009,2009-05-21,SuperSport Park,Centurion,1,Royal Challengers Bangalore,Deccan Chargers,170,4,120,20.0,Royal Challengers Bangalore,bat,Royal Challengers Bangalore
392236,2009,2009-05-21,SuperSport Park,Centurion,2,Deccan Chargers,Royal Challengers Bangalore,158,6,120,20.0,Royal Challengers Bangalore,bat,Royal Challengers Bangalore
392237,2009,2009-05-22,SuperSport Park,Centurion,1,Delhi Daredevils,Deccan Chargers,153,8,120,20.0,Deccan Chargers,field,Deccan Chargers
392237,2009,2009-05-22,SuperSport Park,Centurion,2,Deccan Chargers,Delhi Daredevils,154,4,106,17.4,Deccan Chargers,field,Deccan Chargers
392238,2009,2009-05-23,New Wanderers Stadium,Johannesburg,1,Chennai Super Kings,Royal Challengers Bangalore,146,5,120,20.0,Royal Challengers Bangalore,field,Royal Challengers Bangalore
392238,2009,2009-05-23,New Wanderers Stadium,Johannesburg,2,Royal Challengers Bangalore,Chennai Super Kings,149,4,113,18.5,Royal Challengers Bangalore,field,Royal Challengers Bangalore
392239,2009,2009-05-24,New Wanderers Stadium,Johannesburg,1,Deccan Chargers,Royal Challengers Bangalore,143,6,120,20.0,Royal Challengers Bangalore,field,Deccan Chargers
392239,2009,2009-05-24,New Wanderers Stadium,Johannesburg,2,Royal Challengers Bangalore,Deccan Chargers,137,9,120,20.0,Royal Challengers Bangalore,field,Deccan Chargers
419106,2009/10,2010-03-12,Dr DY Patil Sports Academy,Mumbai,1,Kolkata Knight Riders,Deccan Chargers,161,4,120,20.0,Deccan Chargers,field,Kolkata Knight Riders
419106,2009/10,2010-03-12,Dr DY Patil Sports Academy,Mumbai,2,Deccan Chargers,Kolkata Knight Riders,150,7,120,20.0,Deccan Chargers,field,Kolkata Knight Riders
419107,2009/10,2010-03-13,Brabourne Stadium,Mumbai,1,Mumbai Indians,Rajasthan Royals,212,6,120,20.0,Mumbai Indians,bat,Mumbai Indians
419107,2009/10,2010-03-13,Brabourne Stadium,Mumbai,2,Rajasthan Royals,Mumbai Indians,208,7,120,20.0,Mumbai Indians,bat,Mumbai Indians
419108,2009/10,2010-03-13,"Punjab Cricket Association Stadium, Mohali",Chandigarh,1,Kings XI Punjab,Delhi Daredevils,142,9,120,20.0,Delhi Daredevils,field,Delhi Daredevils
419108,2009/10,2010-03-13,"Punjab Cricket Association Stadium, Mohali",Chandigarh,2,Delhi Daredevils,Kings XI Punjab,146,5,119,19.5,Delhi Daredevils,field,Delhi Daredevils
419109,2009/10,2010-03-14,Eden Gardens,Kolkata,1,Royal Challengers Bangalore,Kolkata Knight Riders,135,7,120,20.0,Kolkata Knight Riders,field,Kolkata Knight Riders
419109,2009/10,2010-03-14,Eden Gardens,Kolkata,2,Kolkata Knight Riders,Royal Challengers Bangalore,136,3,116,19.2,Kolkata Knight Riders,field,Kolkata Knight Riders
419110,2009/10,2010-03-14,"MA Chidambaram Stadium, Chepauk",Chennai,1,Deccan Chargers,Chennai Super Kings,190,4,120,20.0,Deccan Chargers,bat,Deccan Chargers
419110,2009/10,2010-03-14,"MA Chidambaram Stadium, Chepauk",Chennai,2,Chennai Super Kings,Deccan Chargers,159,9,120,20.0,Deccan Chargers,bat,Deccan Chargers
419111,2009/10,2010-03-15,"Sardar Patel Stadium, Motera",Ahmedabad,1,Rajasthan Royals,Delhi Daredevils,141,6,120,20.0,Delhi Daredevils,field,Delhi Daredevils
419111,2009/10,2010-03-15,"Sardar Patel Stadium, Motera",Ahmedabad,2,Delhi Daredevils,Rajasthan Royals,142,4,103,17.1,Delhi Daredevils,field,Delhi Daredevils
419112,2009/10,2010-03-16,M Chinnaswamy Stadium,Bangalore,1,Kings XI Punjab,Royal Challengers Bangalore,203,3,120,20.0,Kings XI Punjab,bat,Royal Challengers Bangalore
419112,2009/10,2010-03-16,M Chinnaswamy Stadium,Bangalore,2,Royal Challengers Bangalore,Kings XI Punjab,204,2,113,18.5,Kings XI Punjab,bat,Royal Challengers Bangalore
419113,2009/10,2010-03-16,Eden Gardens,Kolkata,1,Chennai Super Kings,Kolkata Knight Riders,164,3,120,20.0,Chennai Super Kings,bat,Chennai Super Kings
419113,2009/10,2010-03-16,Eden Gardens,Kolkata,2,Kolkata Knight Riders,Chennai Super Kings,109,10,116,19.2,Chennai Super Kings,bat,Chennai Super Kings
419114,2009/10,2010-03-17,Feroz Shah Kotla,Delhi,1,Mumbai Indians,Delhi Daredevils,218,7,120,20.0,Delhi Daredevils,field,Mumbai Indians
419114,2009/10,2010-03-17,Feroz Shah Kotla,Delhi,2,Delhi Daredevils,Mumbai Indians,120,9,99,16.3,Delhi Daredevils,field,Mumbai Indians
419115,2009/10,2010-03-18,M Chinnaswamy Stadium,Bangalore,1,Rajasthan Royals,Royal Challengers Bangalore,92,10,119,19.5,Royal Challengers Bangalore,field,Royal Challengers Bangalore
419115,2009/10,2010-03-18,M Chinnaswamy Stadium,Bangalore,2,Royal Challengers Bangalore,Rajasthan Royals,93,0,64,10.4,Royal Challengers Bangalore,field,Royal Challengers Bangalore
419116,2009/10,2010-03-19,Feroz Shah Kotla,Delhi,1,Delhi Daredevils,Chennai Super Kings,185,6,120,20.0,Delhi Daredevils,bat,Chennai Super Kings
419116,2009/10,2010-03-19,Feroz Shah Kotla,Delhi,2,Chennai Super Kings,Delhi Daredevils,190,5,115,19.1,Delhi Daredevils,bat,Chennai Super Kings
419117,2009/10,2010-03-19,Barabati Stadium,Cuttack,1,Deccan Chargers,Kings XI Punjab,170,7,120,20.0,Kings XI Punjab,field,Deccan Chargers
419117,2009/10,2010-03-19,Barabati Stadium,Cuttack,2,Kings XI Punjab,Deccan Chargers,164,8,120,20.0,Kings XI Punjab,field,Deccan Chargers
419118,2009/10,2010-03-20,"Sardar Patel Stadium, Motera",Ahmedabad,1,Rajasthan Royals,Kolkata Knight Riders,168,7,120,20.0,Rajasthan Royals,bat,Rajasthan Royals
419118,2009/10,2010-03-20,"Sardar Patel Stadium, Motera",Ahmedabad,2,Kolkata Knight Riders,Rajasthan Royals,134,5,120,20.0,Rajasthan Royals,bat,Rajasthan Royals
419119,2009/10,2010-03-20,Brabourne Stadium,Mumbai,1,Mumbai Indians,Royal Challengers Bangalore,151,9,120,20.0,Mumbai Indians,bat,Royal Challengers Bangalore
419119,2009/10,2010-03-20,Brabourne Stadium,Mumbai,2,Royal Challengers Bangalore,Mumbai Indians,155,3,115,19.1,Mumbai Indians,bat,Royal Challengers Bangalore
419120,2009/10,2010-03-21,Barabati Stadium,Cuttack,1,Deccan Chargers,Delhi Daredevils,171,6,120,20.0,Deccan Chargers,bat,Deccan Chargers
419120,2009/10,2010-03-21,Barabati Stadium,Cuttack,2,Delhi Daredevils,Deccan Chargers,161,9,120,20.0,Deccan Chargers,bat,Deccan Chargers
419121,2009/10,2010-03-21,"MA Chidambaram Stadium, Chepauk",Chennai,1,Kings XI Punjab,Chennai Super Kings,136,8,120,20.0,Chennai Super Kings,field,
419121,2009/10,2010-03-21,"MA Chidambaram Stadium, Chepauk",Chennai,2,Chennai Super Kings,Kings XI Punjab,136,7,120,20.0,Chennai Super Kings,field,
419121,2009/10,2010-03-21,"MA Chidambaram Stadium, Chepauk",Chennai,3,Chennai Super Kings,Kings XI Punjab,9,2,5,0.5,Chennai Super Kings,field,
419121,2009/10,2010-03-21,"MA Chidambaram Stadium, Chepauk",Chennai,4,Kings XI Punjab,Chennai Super Kings,10,1,4,0.4,Chennai Super Kings,field,
419122,2009/10,2010-03-22,Brabourne Stadium,Mumbai,1,Kolkata Knight Riders,Mumbai Indians,155,3,120,20.0,Kolkata Knight Riders,bat,Mumbai Indians
419122,2009/10,2010-03-22,Brabourne Stadium,Mumbai,2,Mumbai Indians,Kolkata Knight Riders,156,3,111,18.3,Kolkata Knight Riders,bat,Mumbai Indians
419123,2009/10,2010-03-23,M Chinnaswamy Stadium,Bangalore,1,Royal Challengers Bangalore,Chennai Super Kings,171,5,120,20.0,Chennai Super Kings,field,Royal Challengers Bangalore
419123,2009/10,2010-03-23,M Chinnaswamy Stadium,Bangalore,2,Chennai Super Kings,Royal Challengers Bangalore,135,7,120,20.0,Chennai Super Kings,field,Royal Challengers Bangalore
419124,2009/10,2010-03-24,"Punjab Cricket Association Stadium, Mohali",Chandigarh,1,Rajasthan Royals,Kings XI Punjab,183,5,120,20.0,Kings XI Punjab,field,Rajasthan Royals
419124,2009/10,2010-03-24,"Punjab Cricket Association Stadium, Mohali",Chandigarh,2,Kings XI Punjab,Rajasthan Royals,152,10,115,19.1,Kings XI Punjab,field,Rajasthan Royals
419125,2009/10,2010-03-25,"Brabourne Stadium, Mumbai",Mumbai,1,Chennai Super Kings,Mumbai Indians,180,2,120,20.0,Mumbai Indians,field,Mumbai Indians
419125,2009/10,2010-03-25,"Brabourne Stadium, Mumbai",Mumbai,2,Mumbai Indians,Chennai Super Kings,181,5,114,19.0,Mumbai Indians,field,Mumbai Indians
419126,2009/10,2010-03-26,"Sardar Patel Stadium, Motera",Ahmedabad,1,Deccan Chargers,Rajasthan Royals,148,9,120,20.0,Deccan Chargers,bat,Rajasthan Royals
419126,2009/10,2010-03-26,"Sardar Patel Stadium, Motera",Ahmedabad,2,Rajasthan Royals,Deccan Chargers,151,2,94,15.4,Deccan Chargers,bat,Rajasthan Royals
419127,2009/10,2010-03-27,"Punjab Cricket Association Stadium, Mohali",Chandigarh,1,Kolkata Knight Riders,Kings XI Punjab,183,5,120,20.0,Kolkata Knight Riders,bat,Kolkata Knight Riders
419127,2009/10,2010-03-27,"Punjab Cricket Association Stadium, Mohali",Chandigarh,2,Kings XI Punjab,Kolkata Knight Riders,144,6,120,20.0,Kolkata Knight Riders,bat,Kolkata Knight Riders
419128,2009/10,2010-03-25,M Chinnaswamy Stadium,Bangalore,1,Delhi Daredevils,Royal Challengers Bangalore,183,4,120,20.0,Royal Challengers Bangalore,field,Delhi Daredevils
419128,2009/10,2010-03-25,M Chinnaswamy Stadium,Bangalore,2,Royal Challengers Bangalore,Delhi Daredevils,166,9,120,20.0,Royal Challengers Bangalore,field,Delhi Daredevils
419129,2009/10,2010-03-28,"Sardar Patel Stadium, Motera",Ahmedabad,1,Rajasthan Royals,Chennai Super Kings,177,8,120,20.0,Rajasthan Royals,bat,Rajasthan Royals
419129,2009/10,2010-03-28,"Sardar Patel Stadium, Motera",Ahmedabad,2,Chennai Super Kings,Rajasthan Royals,160,6,120,20.0,Rajasthan Royals,bat,Rajasthan Royals
419130,2009/10,2010-03-28,Dr DY Patil Sports Academy,Mumbai,1,Mumbai Indians,Deccan Chargers,172,7,120,20.0,Deccan Chargers,field,Mumbai Indians
419130,2009/10,2010-03-28,Dr DY Patil Sports Academy,Mumbai,2,Deccan Chargers,Mumbai Indians,131,10,106,17.4,Deccan Chargers,field,Mumbai Indians
419131,2009/10,2010-03-29,Feroz Shah Kotla,Delhi,1,Delhi Daredevils,Kolkata Knight Riders,177,4,120,20.0,Delhi Daredevils,bat,Delhi Daredevils
419131,2009/10,2010-03-29,Feroz Shah Kotla,Delhi,2,Kolkata Knight Riders,Delhi Daredevils,137,9,120,20.0,Delhi Daredevils,bat,Delhi Daredevils
419132,2009/10,2010-03-30,Brabourne Stadium,Mumbai,1,Kings XI Punjab,Mumbai Indians,163,10,120,20.0,Mumbai Indians,field,Mumbai Indians
419132,2009/10,2010-03-30,Brabourne Stadium,Mumbai,2,Mumbai Indians,Kings XI Punjab,164,6,117,19.3,Mumbai Indians,field,Mumbai Indians
419133,2009/10,2010-03-31,"MA Chidambaram Stadium, Chepauk",Chennai,1,Royal Challengers Bangalore,Chennai Super Kings,161,4,120,20.0,Royal Challengers Bangalore,bat,Chennai Super Kings
419133,2009/10,2010-03-31,"MA Chidambaram Stadium, Chepauk",Chennai,2,Chennai Super Kings,Royal Challengers Bangalore,162,5,113,18.5,Royal Challengers Bangalore,bat,Chennai Super Kings
419134,2009/10,2010-03-31,Feroz Shah Kotla,Delhi,1,Delhi Daredevils,Rajasthan Royals,188,6,120,20.0,Delhi Daredevils,bat,Delhi Daredevils
419134,2009/10,2010-03-31,Feroz Shah Kotla,Delhi,2,Rajasthan Royals,Delhi Daredevils,121,10,106,17.4,Delhi Daredevils,bat,Delhi Daredevils
419135,2009/10,2010-04-01,Eden Gardens,Kolkata,1,Kolkata Knight Riders,Deccan Chargers,181,6,120,20.0,Kolkata Knight Riders,bat,Kolkata Knight Riders
419135,2009/10,2010-04-01,Eden Gardens,Kolkata,2,Deccan Chargers,Kolkata Knight Riders,157,5,120,20.0,Kolkata Knight Riders,bat,Kolkata Knight Riders
419136,2009/10,2010-04-02,"Punjab Cricket Association Stadium, Mohali",Chandigarh,1,Kings XI Punjab,Royal Challengers Bangalore,181,5,120,20.0,Kings XI Punjab,bat,Royal Challengers Bangalore
419136,2009/10,2010-04-02,"Punjab Cricket Association Stadium, Mohali",Chandigarh,2,Royal Challengers Bangalore,Kings XI Punjab,184,4,115,19.1,Kings XI Punjab,bat,Royal Challengers Bangalore
419137,2009/10,2010-04-03,"MA Chidambaram Stadium, Chepauk",Chennai,1,Chennai Super Kings,Rajasthan Royals,246,5,120,20.0,Chennai Super Kings,bat,Chennai Super Kings
419137,2009/10,2010-04-03,"MA Chidambaram Stadium, Chepauk",Chennai,2,Rajasthan Royals,Chennai Super Kings,223,5,120,20.0,Chennai Super Kings,bat,Chennai Super Kings
419138,2009/10,2010-04-03,Brabourne Stadium,Mumbai,1,Mumbai Indians,Deccan Chargers,178,5,120,20.0,Mumbai Indians,bat,Mumbai Indians
419138,2009/10,2010-04-03,Brabourne Stadium,Mumbai,2,Deccan Chargers,Mumbai Indians,115,10,110,18.2,Mumbai Indians,bat,Mumbai Indians
419139,2009/10,2010-04-04,Eden Gardens,Kolkata,1,Kolkata Knight Riders,Kings XI Punjab,200,3,120,20.0,Kolkata Knight Riders,bat,Kings XI Punjab
419139,2009/10,2010-04-04,Eden Gardens,Kolkata,2,Kings XI Punjab,Kolkata Knight Riders,204,2,110,18.2,Kolkata Knight Riders,bat,Kings XI Punjab
419140,2009/10,2010-04-04,Feroz Shah Kotla,Delhi,1,Delhi Daredevils,Royal Challengers Bangalore,184,5,120,20.0,Delhi Daredevils,bat,Delhi Daredevils
419140,2009/10,2010-04-04,Feroz Shah Kotla,Delhi,2,Royal Challengers Bangalore,Delhi Daredevils,147,9,120,20.0,Delhi Daredevils,bat,Delhi Daredevils
419141,2009/10,2010-04-05,"Vidarbha Cricket Association Stadium, Jamtha",Nagpur,1,Rajasthan Royals,Deccan Chargers,159,10,119,19.5,Rajasthan Royals,bat,Rajasthan Royals
419141,2009/10,2010-04-05,"Vidarbha Cricket Association Stadium, Jamtha",Nagpur,2,Deccan Chargers,Rajasthan Royals,157,10,119,19.5,Rajasthan Royals,bat,Rajasthan Royals
419142,2009/10,2010-04-06,"MA Chidambaram Stadium, Chepauk",Chennai,1,Chennai Super Kings,Mumbai Indians,165,4,120,20.0,Chennai Super Kings,bat,Chennai Super Kings
419142,2009/10,2010-04-06,"MA Chidambaram Stadium, Chepauk",Chennai,2,Mumbai Indians,Chennai Super Kings,141,9,120,20.0,Chennai Super Kings,bat,Chennai Super Kings
419143,2009/10,2010-04-07,Sawai Mansingh Stadium,Jaipur,1,Kings XI Punjab,Rajasthan Royals,153,6,120,20.0,Kings XI Punjab,bat,Rajasthan Royals
419143,2009/10,2010-04-07,Sawai Mansingh Stadium,Jaipur,2,Rajasthan Royals,Kings XI Punjab,157,1,90,15.0,Kings XI Punjab,bat,Rajasthan Royals
419144,2009/10,2010-04-07,Eden Gardens,Kolkata,1,Kolkata Knight Riders,Delhi Daredevils,181,3,120,20.0,Kolkata Knight Riders,bat,Kolkata Knight Riders
419144,2009/10,2010-04-07,Eden Gardens,Kolkata,2,Delhi Daredevils,Kolkata Knight Riders,167,8,120,20.0,Kolkata Knight Riders,bat,Kolkata Knight Riders
419145,2009/10,2010-04-08,M Chinnaswamy Stadium,Bangalore,1,Royal Challengers Bangalore,Deccan Chargers,184,6,120,20.0,Deccan Chargers,field,Deccan Chargers
419145,2009/10,2010-04-08,M Chinnaswamy Stadium,Bangalore,2,Deccan Chargers,Royal Challengers Bangalore,186,3,116,19.2,Deccan Chargers,field,Deccan Chargers
419146,2009/10,2010-04-09,"Punjab Cricket Association Stadium, Mohali",Chandigarh,1,Mumbai Indians,Kings XI Punjab,154,9,120,20.0,Mumbai Indians,bat,Kings XI Punjab
419146,2009/10,2010-04-09,"Punjab Cricket Association Stadium, Mohali",Chandigarh,2,Kings XI Punjab,Mumbai Indians,158,4,116,19.2,Mumbai Indians,bat,Kings XI Punjab
419147,2009/10,2010-04-10,"Vidarbha Cricket Association Stadium, Jamtha",Nagpur,1,Chennai Super Kings,Deccan Chargers,138,8,120,20.0,Chennai Super Kings,bat,Deccan Chargers
419147,2009/10,2010-04-10,"Vidarbha Cricket Association Stadium, Jamtha",Nagpur,2,Deccan Chargers,Chennai Super Kings,139,4,115,19.1,Chennai Super Kings,bat,Deccan Chargers
419148,2009/10,2010-04-10,M Chinnaswamy Stadium,Bangalore,1,Kolkata Knight Riders,Royal Challengers Bangalore,160,9,120,20.0,Royal Challengers Bangalore,field,Royal Challengers Bangalore
419148,2009/10,2010-04-10,M Chinnaswamy Stadium,Bangalore,2,Royal Challengers Bangalore,Kolkata Knight Riders,162,3,103,17.1,Royal Challengers Bangalore,field,Royal Challengers Bangalore
419149,2009/10,2010-04-11,Feroz Shah Kotla,Delhi,1,Delhi Daredevils,Kings XI Punjab,111,10,118,19.4,Delhi Daredevils,bat,Kings XI Punjab
419149,2009/10,2010-04-11,Feroz Shah Kotla,Delhi,2,Kings XI Punjab,Delhi Daredevils,112,3,112,18.4,Delhi Daredevils,bat,Kings XI Punjab
419150,2009/10,2010-04-11,Sawai Mansingh Stadium,Jaipur,1,Mumbai Indians,Rajasthan Royals,174,5,120,20.0,Rajasthan Royals,field,Mumbai Indians
419150,2009/10,2010-04-11,Sawai Mansingh Stadium,Jaipur,2,Rajasthan Royals,Mumbai Indians,137,8,120,20.0,Rajasthan Royals,field,Mumbai Indians
419151,2009/10,2010-04-12,"Vidarbha Cricket Association Stadium, Jamtha",Nagpur,1,Deccan Chargers,Royal Challengers Bangalore,151,6,120,20.0,Royal Challengers Bangalore,field,Deccan Chargers
419151,2009/10,2010-04-12,"Vidarbha Cricket Association Stadium, Jamtha",Nagpur,2,Royal Challengers Bangalore,Deccan Chargers,138,10,118,19.4,Royal Challengers Bangalore,field,Deccan Chargers
419152,2009/10,2010-04-13,Brabourne Stadium,Mumbai,1,Mumbai Indians,Delhi Daredevils,183,4,120,20.0,Mumbai Indians,bat,Mumbai Indians
419152,2009/10,2010-04-13,Brabourne Stadium,Mumbai,2,Delhi Daredevils,Mumbai Indians,144,7,120,20.0,Mumbai Indians,bat,Mumbai Indians
419153,2009/10,2010-04-13,"MA Chidambaram Stadium, Chepauk",Chennai,1,Kolkata Knight Riders,Chennai Super Kings,139,8,120,20.0,Kolkata Knight Riders,bat,Chennai Super Kings
419153,2009/10,2010-04-13,"MA Chidambaram Stadium, Chepauk",Chennai,2,Chennai Super Kings,Kolkata Knight Riders,143,1,81,13.3,Kolkata Knight Riders,bat,Chennai Super Kings
419154,2009/10,2010-04-14,Sawai Mansingh Stadium,Jaipur,1,Rajasthan Royals,Royal Challengers Bangalore,130,6,120,20.0,Rajasthan Royals,bat,Royal Challengers Bangalore
419154,2009/10,2010-04-14,Sawai Mansingh Stadium,Jaipur,2,Royal Challengers Bangalore,Rajasthan Royals,132,5,94,15.4,Rajasthan Royals,bat,Royal Challengers Bangalore
419155,2009/10,2010-04-15,"MA Chidambaram Stadium, Chepauk",Chennai,1,Chennai Super Kings,Delhi Daredevils,112,9,121,20.1,Chennai Super Kings,bat,Delhi Daredevils
419155,2009/10,2010-04-15,"MA Chidambaram Stadium, Chepauk",Chennai,2,Delhi Daredevils,Chennai Super Kings,113,4,112,18.4,Chennai Super Kings,bat,Delhi Daredevils
419156,2009/10,2010-04-16,Himachal Pradesh Cricket Association Stadium,Dharamsala,1,Kings XI Punjab,Deccan Chargers,174,3,120,20.0,Deccan Chargers,field,Deccan Chargers
419156,2009/10,2010-04-16,Himachal Pradesh Cricket Association Stadium,Dharamsala,2,Deccan Chargers,Kings XI Punjab,178,5,115,19.1,Deccan Chargers,field,Deccan Chargers
419157,2009/10,2010-04-17,M Chinnaswamy Stadium,Bangalore,1,Mumbai Indians,Royal Challengers Bangalore,191,4,120,20.0,Royal Challengers Bangalore,field,Mumbai Indians
419157,2009/10,2010-04-17,M Chinnaswamy Stadium,Bangalore,2,Royal Challengers Bangalore,Mumbai Indians,134,9,120,20.0,Royal Challengers Bangalore,field,Mumbai Indians
419158,2009/10,2010-04-17,Eden Gardens,Kolkata,1,Rajasthan Royals,Kolkata Knight Riders,132,9,120,20.0,Rajasthan Royals,bat,Kolkata Knight Riders
419158,2009/10,2010-04-17,Eden Gardens,Kolkata,2,Kolkata Knight Riders,Rajasthan Royals,133,2,97,16.1,Rajasthan Royals,bat,Kolkata Knight Riders
419159,2009/10,2010-04-18,Himachal Pradesh Cricket Association Stadium,Dharamsala,1,Kings XI Punjab,Chennai Super Kings,192,3,120,20.0,Chennai Super Kings,field,Chennai Super Kings
419159,2009/10,2010-04-18,Himachal Pradesh Cricket Association Stadium,Dharamsala,2,Chennai Super Kings,Kings XI Punjab,195,4,118,19.4,Chennai Super Kings,field,Chennai Super Kings
419160,2009/10,2010-04-18,Feroz Shah Kotla,Delhi,1,Deccan Chargers,Delhi Daredevils,145,7,120,20.0,Deccan Chargers,bat,Deccan Chargers
419160,2009/10,2010-04-18,Feroz Shah Kotla,Delhi,2,Delhi Daredevils,Deccan Chargers,134,7,120,20.0,Deccan Chargers,bat,Deccan Chargers
419161,2009/10,2010-04-19,Eden Gardens,Kolkata,1,Mumbai Indians,Kolkata Knight Riders,133,8,120,20.0,Mumbai Indians,bat,Kolkata Knight Riders
419161,2009/10,2010-04-19,Eden Gardens,Kolkata,2,Kolkata Knight Riders,Mumbai Indians,135,1,105,17.3,Mumbai Indians,bat,Kolkata Knight Riders
419162,2009/10,2010-04-21,Dr DY Patil Sports Academy,Mumbai,1,Mumbai Indians,Royal Challengers Bangalore,184,5,120,20.0,Mumbai Indians,bat,Mumbai Indians
419162,2009/10,2010-04-21,Dr DY Patil Sports Academy,Mumbai,2,Royal Challengers Bangalore,Mumbai Indians,149,9,120,20.0,Mumbai Indians,bat,Mumbai Indians
419163,2009/10,2010-04-22,Dr DY Patil Sports Academy,Mumbai,1,Chennai Super Kings,Deccan Chargers,142,7,120,20.0,Chennai Super Kings,bat,Chennai Super Kings
419163,2009/10,2010-04-22,Dr DY Patil Sports Academy,Mumbai,2,Deccan Chargers,Chennai Super Kings,104,10,116,19.2,Chennai Super Kings,bat,Chennai Super Kings
419164,2009/10,2010-04-24,Dr DY Patil Sports Academy,Mumbai,1,Deccan Chargers,Royal Challengers Bangalore,82,10,111,18.3,Deccan Chargers,bat,Royal Challengers Bangalore
419164,2009/10,2010-04-24,Dr DY Patil Sports Academy,Mumbai,2,Royal Challengers Bangalore,Deccan Chargers,86,1,83,13.5,Deccan Chargers,bat,Royal Challengers Bangalore
419165,2009/10,2010-04-25,Dr DY Patil Sports Academy,Mumbai,1,Chennai Super Kings,Mumbai Indians,168,5,120,20.0,Chennai Super Kings,bat,Chennai Super Kings
419165,2009/10,2010-04-25,Dr DY Patil Sports Academy,Mumbai,2,Mumbai Indians,Chennai Super Kings,146,9,120,20.0,Chennai Super Kings,bat,Chennai Super Kings
501198,2011,2011-04-08,"MA Chidambaram Stadium, Chepauk",Chennai,1,Chennai Super Kings,Kolkata Knight Riders,153,4,120,20.0,Chennai Super Kings,bat,Chennai Super Kings
501198,2011,2011-04-08,"MA Chidambaram Stadium, Chepauk",Chennai,2,Kolkata Knight Riders,Chennai Super Kings,151,7,120,20.0,Chennai Super Kings,bat,Chennai Super Kings
501199,2011,2011-04-09,"Rajiv Gandhi International Stadium, Uppal",Hyderabad,1,Deccan Chargers,Rajasthan Royals,137,8,120,20.0,Rajasthan Royals,field,Rajasthan Royals
501199,2011,2011-04-09,"Rajiv Gandhi International Stadium, Uppal",Hyderabad,2,Rajasthan Royals,Deccan Chargers,141,2,113,18.5,Rajasthan Royals,field,Rajasthan Royals
501200,2011,2011-04-09,Nehru Stadium,Kochi,1,Kochi Tuskers Kerala,Royal Challengers Bangalore,161,5,120,20.0,Kochi Tuskers Kerala,bat,Royal Challengers Bangalore
501200,2011,2011-04-09,Nehru Stadium,Kochi,2,Royal Challengers Bangalore,Kochi Tuskers Kerala,162,4,112,18.4,Kochi Tuskers Kerala,bat,Royal Challengers Bangalore
501201,2011,2011-04-10,Feroz Shah Kotla,Delhi,1,Delhi Daredevils,Mumbai Indians,95,10,106,17.4,Delhi Daredevils,bat,Mumbai Indians
501201,2011,2011-04-10,Feroz Shah Kotla,Delhi,2,Mumbai Indians,Delhi Daredevils,99,2,101,16.5,Delhi Daredevils,bat,Mumbai Indians
501202,2011,2011-04-10,Dr DY Patil Sports Academy,Mumbai,1,Kings XI Punjab,Pune Warriors,112,8,119,19.5,Kings XI Punjab,bat,Pune Warriors
501202,2011,2011-04-10,Dr DY Patil Sports Academy,Mumbai,2,Pune Warriors,Kings XI Punjab,113,3,79,13.1,Kings XI Punjab,bat,Pune Warriors
501203,2011,2011-04-11,Eden Gardens,Kolkata,1,Kolkata Knight Riders,Deccan Chargers,163,4,120,20.0,Kolkata Knight Riders,bat,Kolkata Knight Riders
501203,2011,2011-04-11,Eden Gardens,Kolkata,2,Deccan Chargers,Kolkata Knight Riders,154,8,120,20.0,Kolkata Knight Riders,bat,Kolkata Knight Riders
501204,2011,2011-04-12,Sawai Mansingh Stadium,Jaipur,1,Delhi Daredevils,Rajasthan Royals,151,6,120,20.0,Delhi Daredevils,bat,Rajasthan Royals
501204,2011,2011-04-12,Sawai Mansingh Stadium,Jaipur,2,Rajasthan Royals,Delhi Daredevils,152,4,111,18.3,Delhi Daredevils,bat,Rajasthan Royals
501205,2011,2011-04-12,M Chinnaswamy Stadium,Bangalore,1,Royal Challengers Bangalore,Mumbai Indians,140,4,120,20.0,Mumbai Indians,field,Mumbai Indians
501205,2011,2011-04-12,M Chinnaswamy Stadium,Bangalore,2,Mumbai Indians,Royal Challengers Bangalore,143,1,111,18.3,Mumbai Indians,field,Mumbai Indians
501206,2011,2011-04-13,"Punjab Cricket Association Stadium, Mohali",Chandigarh,1,Chennai Super Kings,Kings XI Punjab,188,4,120,20.0,Kings XI Punjab,field,Kings XI Punjab
501206,2011,2011-04-13,"Punjab Cricket Association Stadium, Mohali",Chandigarh,2,Kings XI Punjab,Chennai Super Kings,193,4,115,19.1,Kings XI Punjab,field,Kings XI Punjab
501207,2011,2011-04-13,Dr DY Patil Sports Academy,Mumbai,1,Kochi Tuskers Kerala,Pune Warriors,148,8,120,20.0,Kochi Tuskers Kerala,bat,Pune Warriors
501207,2011,2011-04-13,Dr DY Patil Sports Academy,Mumbai,2,Pune Warriors,Kochi Tuskers Kerala,151,6,113,18.5,Kochi Tuskers Kerala,bat,Pune Warriors
501208,2011,2011-04-14,"Rajiv Gandhi International Stadium, Uppal",Hyderabad,1,Deccan Chargers,Royal Challengers Bangalore,175,5,120,20.0,Royal Challengers Bangalore,field,Deccan Chargers
501208,2011,2011-04-14,"Rajiv Gandhi International Stadium, Uppal",Hyderabad,2,Royal Challengers Bangalore,Deccan Chargers,142,9,120,20.0,Royal Challengers Bangalore,field,Deccan Chargers
501209,2011,2011-04-15,Sawai Mansingh Stadium,Jaipur,1,Rajasthan Royals,Kolkata Knight Riders,159,4,120,20.0,Kolkata Knight Riders,field,Kolkata Knight Riders
501209,2011,2011-04-15,Sawai Mansingh Stadium,Jaipur,2,Kolkata Knight Riders,Rajasthan Royals,160,1,111,18.3,Kolkata Knight Riders,field,Kolkata Knight Riders
501210,2011,2011-04-15,Wankhede Stadium,Mumbai,1,Mumbai Indians,Kochi Tuskers Kerala,182,2,120,20.0,Kochi Tuskers Kerala,field,Kochi Tuskers Kerala
501210,2011,2011-04-15,Wankhede Stadium,Mumbai,2,Kochi Tuskers Kerala,Mumbai Indians,184,2,114,19.0,Kochi Tuskers Kerala,field,Kochi Tuskers Kerala
501211,2011,2011-04-16,"MA Chidambaram Stadium, Chepauk",Chennai,1,Chennai Super Kings,Royal Challengers Bangalore,183,5,120,20.0,Chennai Super Kings,bat,Chennai Super Kings
501211,2011,2011-04-16,"MA Chidambaram Stadium, Chepauk",Chennai,2,Royal Challengers Bangalore,Chennai Super Kings,162,7,120,20.0,Chennai Super Kings,bat,Chennai Super Kings
501212,2011,2011-04-16,"Rajiv Gandhi International Stadium, Uppal",Hyderabad,1,Deccan Chargers,Kings XI Punjab,165,8,120,20.0,Kings XI Punjab,field,Kings XI Punjab
501212,2011,2011-04-16,"Rajiv Gandhi International Stadium, Uppal",Hyderabad,2,Kings XI Punjab,Deccan Chargers,166,2,106,17.4,Kings XI Punjab,field,Kings XI Punjab
501213,2011,2011-04-17,Dr DY Patil Sports Academy,Mumbai,1,Pune Warriors,Delhi Daredevils,187,5,120,20.0,Delhi Daredevils,field,Delhi Daredevils
501213,2011,2011-04-17,Dr DY Patil Sports Academy,Mumbai,2,Delhi Daredevils,Pune Warriors,190,7,116,19.2,Delhi Daredevils,field,Delhi Daredevils
501214,2011,2011-04-17,Eden Gardens,Kolkata,1,Rajasthan Royals,Kolkata Knight Riders,81,10,92,15.2,Kolkata Knight Riders,field,Kolkata Knight Riders
501214,2011,2011-04-17,Eden Gardens,Kolkata,2,Kolkata Knight Riders,Rajasthan Royals,85,2,83,13.5,Kolkata Knight Riders,field,Kolkata Knight Riders
501215,2011,2011-04-18,Nehru Stadium,Kochi,1,Chennai Super Kings,Kochi Tuskers Kerala,131,4,102,17.0,Kochi Tuskers Kerala,field,Kochi Tuskers Kerala
501215,2011,2011-04-18,Nehru Stadium,Kochi,2,Kochi Tuskers Kerala,Chennai Super Kings,135,3,90,15.0,Kochi Tuskers Kerala,field,Kochi Tuskers Kerala
501216,2011,2011-04-19,Feroz Shah Kotla,Delhi,1,Deccan Chargers,Delhi Daredevils,168,4,120,20.0,Deccan Chargers,bat,Deccan Chargers
501216,2011,2011-04-19,Feroz Shah Kotla,Delhi,2,Delhi Daredevils,Deccan Chargers,152,7,120,20.0,Deccan Chargers,bat,Deccan Chargers
501218,2011,2011-04-20,Wankhede Stadium,Mumbai,1,Pune Warriors,Mumbai Indians,118,10,104,17.2,Pune Warriors,bat,Mumbai Indians
501218,2011,2011-04-20,Wankhede Stadium,Mumbai,2,Mumbai Indians,Pune Warriors,124,3,120,20.0,Pune Warriors,bat,Mumbai Indians
501219,2011,2011-04-20,Eden Gardens,Kolkata,1,Kochi Tuskers Kerala,Kolkata Knight Riders,132,7,120,20.0,Kolkata Knight Riders,field,Kochi Tuskers Kerala
501219,2011,2011-04-20,Eden Gardens,Kolkata,2,Kolkata Knight Riders,Kochi Tuskers Kerala,126,9,120,20.0,Kolkata Knight Riders,field,Kochi Tuskers Kerala
501220,2011,2011-04-21,"Punjab Cricket Association Stadium, Mohali",Chandigarh,1,Kings XI Punjab,Rajasthan Royals,195,7,120,20.0,Rajasthan Royals,field,Kings XI Punjab
501220,2011,2011-04-21,"Punjab Cricket Association Stadium, Mohali",Chandigarh,2,Rajasthan Royals,Kings XI Punjab,147,7,120,20.0,Rajasthan Royals,field,Kings XI Punjab
501221,2011,2011-04-22,Wankhede Stadium,Mumbai,1,Mumbai Indians,Chennai Super Kings,164,4,120,20.0,Chennai Super Kings,field,Mumbai Indians
501221,2011,2011-04-22,Wankhede Stadium,Mumbai,2,Chennai Super Kings,Mumbai Indians,156,9,120,20.0,Chennai Super Kings,field,Mumbai Indians
501222,2011,2011-04-22,Eden Gardens,Kolkata,1,Kolkata Knight Riders,Royal Challengers Bangalore,171,5,120,20.0,Royal Challengers Bangalore,field,Royal Challengers Bangalore
501222,2011,2011-04-22,Eden Gardens,Kolkata,2,Royal Challengers Bangalore,Kolkata Knight Riders,175,1,109,18.1,Royal Challengers Bangalore,field,Royal Challengers Bangalore
501223,2011,2011-04-23,Feroz Shah Kotla,Delhi,1,Delhi Daredevils,Kings XI Punjab,231,4,120,20.0,Kings XI Punjab,field,Delhi Daredevils
501223,2011,2011-04-23,Feroz Shah Kotla,Delhi,2,Kings XI Punjab,Delhi Daredevils,202,6,120,20.0,Kings XI Punjab,field,Delhi Daredevils
501224,2011,2011-04-24,"Rajiv Gandhi International Stadium, Uppal",Hyderabad,1,Mumbai Indians,Deccan Chargers,172,4,120,20.0,Deccan Chargers,field,Mumbai Indians
501224,2011,2011-04-24,"Rajiv Gandhi International Stadium, Uppal",Hyderabad,2,Deccan Chargers,Mumbai Indians,135,8,120,20.0,Deccan Chargers,field,Mumbai Indians
501225,2011,2011-04-24,Sawai Mansingh Stadium,Jaipur,1,Kochi Tuskers Kerala,Rajasthan Royals,109,10,120,20.0,Rajasthan Royals,field,Rajasthan Royals
501225,2011,2011-04-24,Sawai Mansingh Stadium,Jaipur,2,Rajasthan Royals,Kochi Tuskers Kerala,111,2,85,14.1,Rajasthan Royals,field,Rajasthan Royals
501226,2011,2011-04-25,"MA Chidambaram Stadium, Chepauk",Chennai,1,Chennai Super Kings,Pune Warriors,142,6,120,20.0,Pune Warriors,field,Chennai Super Kings
501226,2011,2011-04-25,"MA Chidambaram Stadium, Chepauk",Chennai,2,Pune Warriors,Chennai Super Kings,117,9,120,20.0,Pune Warriors,field,Chennai Super Kings
501227,2011,2011-04-26,Feroz Shah Kotla,Delhi,1,Delhi Daredevils,Royal Challengers Bangalore,160,6,120,20.0,Royal Challengers Bangalore,field,Royal Challengers Bangalore
501227,2011,2011-04-26,Feroz Shah Kotla,Delhi,2,Royal Challengers Bangalore,Delhi Daredevils,161,7,117,19.3,Royal Challengers Bangalore,field,Royal Challengers Bangalore
501228,2011,2011-04-27,Dr DY Patil Sports Academy,Mumbai,1,Pune Warriors,Chennai Super Kings,141,6,120,20.0,Pune Warriors,bat,Chennai Super Kings
501228,2011,2011-04-27,Dr DY Patil Sports Academy,Mumbai,2,Chennai Super Kings,Pune Warriors,145,2,117,19.3,Pune Warriors,bat,Chennai Super Kings
501229,2011,2011-04-27,Nehru Stadium,Kochi,1,Deccan Chargers,Kochi Tuskers Kerala,129,7,120,20.0,Kochi Tuskers Kerala,field,Deccan Chargers
501229,2011,2011-04-27,Nehru Stadium,Kochi,2,Kochi Tuskers Kerala,Deccan Chargers,74,10,99,16.3,Kochi Tuskers Kerala,field,Deccan Chargers
501230,2011,2011-04-28,Feroz Shah Kotla,Delhi,1,Kolkata Knight Riders,Delhi Daredevils,148,7,120,20.0,Delhi Daredevils,field,Kolkata Knight Riders
501230,2011,2011-04-28,Feroz Shah Kotla,Delhi,2,Delhi Daredevils,Kolkata Knight Riders,131,9,120,20.0,Delhi Daredevils,field,Kolkata Knight Riders
501231,2011,2011-04-29,Sawai Mansingh Stadium,Jaipur,1,Mumbai Indians,Rajasthan Royals,94,8,120,20.0,Rajasthan Royals,field,Rajasthan Royals
501231,2011,2011-04-29,Sawai Mansingh Stadium,Jaipur,2,Rajasthan Royals,Mumbai Indians,95,3,109,18.1,Rajasthan Royals,field,Rajasthan Royals
501232,2011,2011-04-29,M Chinnaswamy Stadium,Bangalore,1,Royal Challengers Bangalore,Pune Warriors,181,5,120,20.0,Pune Warriors,field,Royal Challengers Bangalore
501232,2011,2011-04-29,M Chinnaswamy Stadium,Bangalore,2,Pune Warriors,Royal Challengers Bangalore,155,5,120,20.0,Pune Warriors,field,Royal Challengers Bangalore
501233,2011,2011-04-30,Nehru Stadium,Kochi,1,Delhi Daredevils,Kochi Tuskers Kerala,157,7,120,20.0,Delhi Daredevils,bat,Delhi Daredevils
501233,2011,2011-04-30,Nehru Stadium,Kochi,2,Kochi Tuskers Kerala,Delhi Daredevils,119,10,113,18.5,Delhi Daredevils,bat,Delhi Daredevils
501234,2011,2011-04-30,Eden Gardens,Kolkata,1,Kings XI Punjab,Kolkata Knight Riders,119,6,120,20.0,Kolkata Knight Riders,field,Kolkata Knight Riders
501234,2011,2011-04-30,Eden Gardens,Kolkata,2,Kolkata Knight Riders,Kings XI Punjab,120,2,104,17.2,Kolkata Knight Riders,field,Kolkata Knight Riders
501235,2011,2011-05-01,Sawai Mansingh Stadium,Jaipur,1,Pune Warriors,Rajasthan Royals,143,7,120,20.0,Rajasthan Royals,field,Rajasthan Royals
501235,2011,2011-05-01,Sawai Mansingh Stadium,Jaipur,2,Rajasthan Royals,Pune Warriors,144,4,117,19.3,Rajasthan Royals,field,Rajasthan Royals
501236,2011,2011-05-01,"MA Chidambaram Stadium, Chepauk",Chennai,1,Chennai Super Kings,Deccan Chargers,165,5,120,20.0,Chennai Super Kings,bat,Chennai Super Kings
501236,2011,2011-05-01,"MA Chidambaram Stadium, Chepauk",Chennai,2,Deccan Chargers,Chennai Super Kings,146,8,120,20.0,Chennai Super Kings,bat,Chennai Super Kings
501237,2011,2011-05-02,Wankhede Stadium,Mumbai,1,Mumbai Indians,Kings XI Punjab,159,5,120,20.0,Kings XI Punjab,field,Mumbai Indians
501237,2011,2011-05-02,Wankhede Stadium,Mumbai,2,Kings XI Punjab,Mumbai Indians,136,8,120,20.0,Kings XI Punjab,field,Mumbai Indians
501238,2011,2011-05-02,Feroz Shah Kotla,Delhi,1,Delhi Daredevils,Kochi Tuskers Kerala,140,6,120,20.0,Kochi Tuskers Kerala,field,Kochi Tuskers Kerala
501238,2011,2011-05-02,Feroz Shah Kotla,Delhi,2,Kochi Tuskers Kerala,Delhi Daredevils,141,3,90,15.0,Kochi Tuskers Kerala,field,Kochi Tuskers Kerala
501239,2011,2011-05-03,"Rajiv Gandhi International Stadium, Uppal",Hyderabad,1,Kolkata Knight Riders,Deccan Chargers,169,4,120,20.0,Deccan Chargers,field,Kolkata Knight Riders
501239,2011,2011-05-03,"Rajiv Gandhi International Stadium, Uppal",Hyderabad,2,Deccan Chargers,Kolkata Knight Riders,149,6,120,20.0,Deccan Chargers,field,Kolkata Knight Riders
501240,2011,2011-05-04,"MA Chidambaram Stadium, Chepauk",Chennai,1,Rajasthan Royals,Chennai Super Kings,147,6,120,20.0,Rajasthan Royals,bat,Chennai Super Kings
501240,2011,2011-05-04,"MA Chidambaram Stadium, Chepauk",Chennai,2,Chennai Super Kings,Rajasthan Royals,149,2,112,18.4,Rajasthan Royals,bat,Chennai Super Kings
501241,2011,2011-05-04,Dr DY Patil Sports Academy,Mumbai,1,Mumbai Indians,Pune Warriors,160,7,120,20.0,Pune Warriors,field,Mumbai Indians
501241,2011,2011-05-04,Dr DY Patil Sports Academy,Mumbai,2,Pune Warriors,Mumbai Indians,139,7,120,20.0,Pune Warriors,field,Mumbai Indians
501242,2011,2011-05-05,Nehru Stadium,Kochi,1,Kochi Tuskers Kerala,Kolkata Knight Riders,156,5,120,20.0,Kolkata Knight Riders,field,Kochi Tuskers Kerala
501242,2011,2011-05-05,Nehru Stadium,Kochi,2,Kolkata Knight Riders,Kochi Tuskers Kerala,139,7,120,20.0,Kolkata Knight Riders,field,Kochi Tuskers Kerala
501243,2011,2011-05-05,"Rajiv Gandhi International Stadium, Uppal",Hyderabad,1,Deccan Chargers,Delhi Daredevils,175,5,120,20.0,Delhi Daredevils,field,Delhi Daredevils
501243,2011,2011-05-05,"Rajiv Gandhi International Stadium, Uppal",Hyderabad,2,Delhi Daredevils,Deccan Chargers,179,6,114,19.0,Delhi Daredevils,field,Delhi Daredevils
501244,2011,2011-05-06,M Chinnaswamy Stadium,Bangalore,1,Royal Challengers Bangalore,Kings XI Punjab,205,6,120,20.0,Kings XI Punjab,field,Royal Challengers Bangalore
501244,2011,2011-05-06,M Chinnaswamy Stadium,Bangalore,2,Kings XI Punjab,Royal Challengers Bangalore,120,9,120,20.0,Kings XI Punjab,field,Royal Challengers Bangalore
501245,2011,2011-05-07,Eden Gardens,Kolkata,1,Chennai Super Kings,Kolkata Knight Riders,114,4,120,20.0,Chennai Super Kings,bat,Kolkata Knight Riders
501245,2011,2011-05-07,Eden Gardens,Kolkata,2,Kolkata Knight Riders,Chennai Super Kings,61,2,60,10.0,Chennai Super Kings,bat,Kolkata Knight Riders
501246,2011,2011-05-07,Wankhede Stadium,Mumbai,1,Mumbai Indians,Delhi Daredevils,178,4,120,20.0,Delhi Daredevils,field,Mumbai Indians
501246,2011,2011-05-07,Wankhede Stadium,Mumbai,2,Delhi Daredevils,Mumbai Indians,146,10,119,19.5,Delhi Daredevils,field,Mumbai Indians
501247,2011,2011-05-08,M Chinnaswamy Stadium,Bangalore,1,Kochi Tuskers Kerala,Royal Challengers Bangalore,125,9,120,20.0,Kochi Tuskers Kerala,bat,Royal Challengers Bangalore
501247,2011,2011-05-08,M Chinnaswamy Stadium,Bangalore,2,Royal Challengers Bangalore,Kochi Tuskers Kerala,128,1,79,13.1,Kochi Tuskers Kerala,bat,Royal Challengers Bangalore
501248,2011,2011-05-08,"Punjab Cricket Association Stadium, Mohali",Chandigarh,1,Kings XI Punjab,Pune Warriors,119,8,120,20.0,Kings XI Punjab,bat,Pune Warriors
501248,2011,2011-05-08,"Punjab Cricket Association Stadium, Mohali",Chandigarh,2,Pune Warriors,Kings XI Punjab,120,5,103,17.1,Kings XI Punjab,bat,Pune Warriors
501249,2011,2011-05-09,Sawai Mansingh Stadium,Jaipur,1,Chennai Super Kings,Rajasthan Royals,196,3,120,20.0,Rajasthan Royals,field,Chennai Super Kings
501249,2011,2011-05-09,Sawai Mansingh Stadium,Jaipur,2,Rajasthan Royals,Chennai Super Kings,133,10,117,19.3,Rajasthan Royals,field,Chennai Super Kings
501250,2011,2011-05-10,"Rajiv Gandhi International Stadium, Uppal",Hyderabad,1,Deccan Chargers,Pune Warriors,136,8,120,20.0,Deccan Chargers,bat,Pune Warriors
501250,2011,2011-05-10,"Rajiv Gandhi International Stadium, Uppal",Hyderabad,2,Pune Warriors,Deccan Chargers,137,4,110,18.2,Deccan Chargers,bat,Pune Warriors
501251,2011,2011-05-10,"Punjab Cricket Association Stadium, Mohali",Chandigarh,1,Kings XI Punjab,Mumbai Indians,163,8,120,20.0,Mumbai Indians,field,Kings XI Punjab
501251,2011,2011-05-10,"Punjab Cricket Association Stadium, Mohali",Chandigarh,2,Mumbai Indians,Kings XI Punjab,87,10,77,12.5,Mumbai Indians,field,Kings XI Punjab
501252,2011,2011-05-11,Sawai Mansingh Stadium,Jaipur,1,Rajasthan Royals,Royal Challengers Bangalore,146,6,120,20.0,Royal Challengers Bangalore,field,Royal Challengers Bangalore
501252,2011,2011-05-11,Sawai Mansingh Stadium,Jaipur,2,Royal Challengers Bangalore,Rajasthan Royals,151,1,102,17.0,Royal Challengers Bangalore,field,Royal Challengers Bangalore
501253,2011,2011-05-12,"MA Chidambaram Stadium, Chepauk",Chennai,1,Chennai Super Kings,Delhi Daredevils,176,4,120,20.0,Chennai Super Kings,bat,Chennai Super Kings
501253,2011,2011-05-12,"MA Chidambaram Stadium, Chepauk",Chennai,2,Delhi Daredevils,Chennai Super Kings,158,6,120,20.0,Chennai Super Kings,bat,Chennai Super Kings
501254,2011,2011-05-13,Holkar Cricket Stadium,Indore,1,Kochi Tuskers Kerala,Kings XI Punjab,178,7,120,20.0,Kings XI Punjab,field,Kings XI Punjab
501254,2011,2011-05-13,Holkar Cricket Stadium,Indore,2,Kings XI Punjab,Kochi Tuskers Kerala,181,4,113,18.5,Kings XI Punjab,field,Kings XI Punjab
501255,2011,2011-05-14,M Chinnaswamy Stadium,Bangalore,1,Kolkata Knight Riders,Royal Challengers Bangalore,89,4,78,13.0,Royal Challengers Bangalore,field,Royal Challengers Bangalore
501255,2011,2011-05-14,M Chinnaswamy Stadium,Bangalore,2,Royal Challengers Bangalore,Kolkata Knight Riders,105,6,74,12.2,Royal Challengers Bangalore,field,Royal Challengers Bangalore
501256,2011,2011-05-14,Wankhede Stadium,Mumbai,1,Deccan Chargers,Mumbai Indians,135,6,120,20.0,Deccan Chargers,bat,Deccan Chargers
501256,2011,2011-05-14,Wankhede Stadium,Mumbai,2,Mumbai Indians,Deccan Chargers,125,8,120,20.0,Deccan Chargers,bat,Deccan Chargers
501257,2011,2011-05-15,Himachal Pradesh Cricket Association Stadium,Dharamsala,1,Kings XI Punjab,Delhi Daredevils,170,6,120,20.0,Delhi Daredevils,field,Kings XI Punjab
501257,2011,2011-05-15,Himachal Pradesh Cricket Association Stadium,Dharamsala,2,Delhi Daredevils,Kings XI Punjab,141,8,120,20.0,Delhi Daredevils,field,Kings XI Punjab
501258,2011,2011-05-15,Holkar Cricket Stadium,Indore,1,Rajasthan Royals,Kochi Tuskers Kerala,97,10,111,18.3,Kochi Tuskers Kerala,field,Kochi Tuskers Kerala
501258,2011,2011-05-15,Holkar Cricket Stadium,Indore,2,Kochi Tuskers Kerala,Rajasthan Royals,98,2,44,7.2,Kochi Tuskers Kerala,field,Kochi Tuskers Kerala
501259,2011,2011-05-16,Dr DY Patil Sports Academy,Mumbai,1,Pune Warriors,Deccan Chargers,136,9,120,20.0,Deccan Chargers,field,Deccan Chargers
501259,2011,2011-05-16,Dr DY Patil Sports Academy,Mumbai,2,Deccan Chargers,Pune Warriors,138,4,116,19.2,Deccan Chargers,field,Deccan Chargers
501260,2011,2011-05-17,Himachal Pradesh Cricket Association Stadium,Dharamsala,1,Kings XI Punjab,Royal Challengers Bangalore,232,2,120,20.0,Kings XI Punjab,bat,Kings XI Punjab
501260,2011,2011-05-17,Himachal Pradesh Cricket Association Stadium,Dharamsala,2,Royal Challengers Bangalore,Kings XI Punjab,121,10,102,17.0,Kings XI Punjab,bat,Kings XI Punjab
501261,2011,2011-05-18,"MA Chidambaram Stadium, Chepauk",Chennai,1,Chennai Super Kings,Kochi Tuskers Kerala,152,5,120,20.0,Chennai Super Kings,bat,Chennai Super Kings
501261,2011,2011-05-18,"MA Chidambaram Stadium, Chepauk",Chennai,2,Kochi Tuskers Kerala,Chennai Super Kings,141,5,120,20.0,Chennai Super Kings,bat,Chennai Super Kings
501262,2011,2011-05-19,Dr DY Patil Sports Academy,Mumbai,1,Pune Warriors,Kolkata Knight Riders,118,7,120,20.0,Kolkata Knight Riders,field,Kolkata Knight Riders
501262,2011,2011-05-19,Dr DY Patil Sports Academy,Mumbai,2,Kolkata Knight Riders,Pune Warriors,119,3,100,16.4,Kolkata Knight Riders,field,Kolkata Knight Riders
501263,2011,2011-05-20,Wankhede Stadium,Mumbai,1,Mumbai Indians,Rajasthan Royals,133,5,120,20.0,Mumbai Indians,bat,Rajasthan Royals
501263,2011,2011-05-20,Wankhede Stadium,Mumbai,2,Rajasthan Royals,Mumbai Indians,134,0,79,13.1,Mumbai Indians,bat,Rajasthan Royals
501264,2011,2011-05-21,Himachal Pradesh Cricket Association Stadium,Dharamsala,1,Deccan Chargers,Kings XI Punjab,198,2,120,20.0,Kings XI Punjab,field,Deccan Chargers
501264,2011,2011-05-21,Himachal Pradesh Cricket Association Stadium,Dharamsala,2,Kings XI Punjab,Deccan Chargers,116,10,114,19.0,Kings XI Punjab,field,Deccan Chargers
501265,2011,2011-05-21,Feroz Shah Kotla,Delhi,1,Delhi Daredevils,Pune Warriors,56,3,61,10.1,Delhi Daredevils,bat,
501266,2011,2011-05-22,M Chinnaswamy Stadium,Bangalore,1,Chennai Super Kings,Royal Challengers Bangalore,128,8,120,20.0,Royal Challengers Bangalore,field,Royal Challengers Bangalore
501266,2011,2011-05-22,M Chinnaswamy Stadium,Bangalore,2,Royal Challengers Bangalore,Chennai Super Kings,129,2,108,18.0,Royal Challengers Bangalore,field,Royal Challengers Bangalore
501267,2011,2011-05-22,Eden Gardens,Kolkata,1,Kolkata Knight Riders,Mumbai Indians,175,7,120,20.0,Mumbai Indians,field,Mumbai Indians
501267,2011,2011-05-22,Eden Gardens,Kolkata,2,Mumbai Indians,Kolkata Knight Riders,178,5,120,20.0,Mumbai Indians,field,Mumbai Indians
501268,2011,2011-05-24,Wankhede Stadium,Mumbai,1,Royal Challengers Bangalore,Chennai Super Kings,175,4,120,20.0,Chennai Super Kings,field,Chennai Super Kings
501268,2011,2011-05-24,Wankhede Stadium,Mumbai,2,Chennai Super Kings,Royal Challengers Bangalore,177,4,118,19.4,Chennai Super Kings,field,Chennai Super Kings
501269,2011,2011-05-25,Wankhede Stadium,Mumbai,1,Kolkata Knight Riders,Mumbai Indians,147,7,120,20.0,Mumbai Indians,field,Mumbai Indians
501269,2011,2011-05-25,Wankhede Stadium,Mumbai,2,Mumbai Indians,Kolkata Knight Riders,148,6,116,19.2,Mumbai Indians,field,Mumbai Indians
501270,2011,2011-05-27,"MA Chidambaram Stadium, Chepauk",Chennai,1,Royal Challengers Bangalore,Mumbai Indians,185,4,120,20.0,Mumbai Indians,field,Royal Challengers Bangalore
501270,2011,2011-05-27,"MA Chidambaram Stadium, Chepauk",Chennai,2,Mumbai Indians,Royal Challengers Bangalore,142,8,120,20.0,Mumbai Indians,field,Royal Challengers Bangalore
501271,2011,2011-05-28,"MA Chidambaram Stadium, Chepauk",Chennai,1,Chennai Super Kings,Royal Challengers Bangalore,205,5,120,20.0,Chennai Super Kings,bat,Chennai Super Kings
501271,2011,2011-05-28,"MA Chidambaram Stadium, Chepauk",Chennai,2,Royal Challengers Bangalore,Chennai Super Kings,147,8,120,20.0,Chennai Super Kings,bat,Chennai Super Kings
548306,2012,2012-04-04,"MA Chidambaram Stadium, Chepauk",Chennai,1,Chennai Super Kings,Mumbai Indians,112,10,119,19.5,Mumbai Indians,field,Mumbai Indians
548306,2012,2012-04-04,"MA Chidambaram Stadium, Chepauk",Chennai,2,Mumbai Indians,Chennai Super Kings,115,2,101,16.5,Mumbai Indians,field,Mumbai Indians
548307,2012,2012-04-05,Eden Gardens,Kolkata,1,Kolkata Knight Riders,Delhi Daredevils,97,9,72,12.0,Delhi Daredevils,field,Delhi Daredevils
548307,2012,2012-04-05,Eden Gardens,Kolkata,2,Delhi Daredevils,Kolkata Knight Riders,100,2,67,11.1,Delhi Daredevils,field,Delhi Daredevils
548308,2012,2012-04-06,Wankhede Stadium,Mumbai,1,Pune Warriors,Mumbai Indians,129,9,120,20.0,Mumbai Indians,field,Pune Warriors
548308,2012,2012-04-06,Wankhede Stadium,Mumbai,2,Mumbai Indians,Pune Warriors,101,9,120,20.0,Mumbai Indians,field,Pune Warriors
548309,2012,2012-04-06,Sawai Mansingh Stadium,Jaipur,1,Rajasthan Royals,Kings XI Punjab,191,4,120,20.0,Kings XI Punjab,field,Rajasthan Royals
548309,2012,2012-04-06,Sawai Mansingh Stadium,Jaipur,2,Kings XI Punjab,Rajasthan Royals,160,9,120,20.0,Kings XI Punjab,field,Rajasthan Royals
548310,2012,2012-04-07,M Chinnaswamy Stadium,Bangalore,1,Royal Challengers Bangalore,Delhi Daredevils,157,8,120,20.0,Delhi Daredevils,field,Royal Challengers Bangalore
548310,2012,2012-04-07,M Chinnaswamy Stadium,Bangalore,2,Delhi Daredevils,Royal Challengers Bangalore,137,7,120,20.0,Delhi Daredevils,field,Royal Challengers Bangalore
548311,2012,2012-04-07,Dr. Y.S. Rajasekhara Reddy ACA-VDCA Cricket Stadium,Visakhapatnam,1,Chennai Super Kings,Deccan Chargers,193,6,120,20.0,Deccan Chargers,field,Chennai Super Kings
548311,2012,2012-04-07,Dr. Y.S. Rajasekhara Reddy ACA-VDCA Cricket Stadium,Visakhapatnam,2,Deccan Chargers,Chennai Super Kings,119,10,103,17.1,Deccan Chargers,field,Chennai Super Kings
548312,2012,2012-04-08,Sawai Mansingh Stadium,Jaipur,1,Rajasthan Royals,Kolkata Knight Riders,164,5,120,20.0,Kolkata Knight Riders,field,Rajasthan Royals
548312,2012,2012-04-08,Sawai Mansingh Stadium,Jaipur,2,Kolkata Knight Riders,Rajasthan Royals,142,10,120,20.0,Kolkata Knight Riders,field,Rajasthan Royals
548313,2012,2012-04-08,Subrata Roy Sahara Stadium,Pune,1,Pune Warriors,Kings XI Punjab,166,6,120,20.0,Pune Warriors,bat,Pune Warriors
548313,2012,2012-04-08,Subrata Roy Sahara Stadium,Pune,2,Kings XI Punjab,Pune Warriors,144,8,120,20.0,Pune Warriors,bat,Pune Warriors
548314,2012,2012-04-09,Dr. Y.S. Rajasekhara Reddy ACA-VDCA Cricket Stadium,Visakhapatnam,1,Deccan Chargers,Mumbai Indians,138,9,120,20.0,Deccan Chargers,bat,Mumbai Indians
548314,2012,2012-04-09,Dr. Y.S. Rajasekhara Reddy ACA-VDCA Cricket Stadium,Visakhapatnam,2,Mumbai Indians,Deccan Chargers,142,5,120,20.0,Deccan Chargers,bat,Mumbai Indians
548315,2012,2012-04-10,M Chinnaswamy Stadium,Bangalore,1,Kolkata Knight Riders,Royal Challengers Bangalore,165,8,120,20.0,Royal Challengers Bangalore,field,Kolkata Knight Riders
548315,2012,2012-04-10,M Chinnaswamy Stadium,Bangalore,2,Royal Challengers Bangalore,Kolkata Knight Riders,123,9,120,20.0,Royal Challengers Bangalore,field,Kolkata Knight Riders
548316,2012,2012-04-10,Feroz Shah Kotla,Delhi,1,Chennai Super Kings,Delhi Daredevils,110,8,120,20.0,Delhi Daredevils,field,Delhi Daredevils
548316,2012,2012-04-10,Feroz Shah Kotla,Delhi,2,Delhi Daredevils,Chennai Super Kings,111,2,80,13.2,Delhi Daredevils,field,Delhi Daredevils
548317,2012,2012-04-11,Wankhede Stadium,Mumbai,1,Mumbai Indians,Rajasthan Royals,197,6,120,20.0,Rajasthan Royals,field,Mumbai Indians
548317,2012,2012-04-11,Wankhede Stadium,Mumbai,2,Rajasthan Royals,Mumbai Indians,170,10,118,19.4,Rajasthan Royals,field,Mumbai Indians
548318,2012,2012-04-12,"MA Chidambaram Stadium, Chepauk",Chennai,1,Royal Challengers Bangalore,Chennai Super Kings,205,8,120,20.0,Royal Challengers Bangalore,bat,Chennai Super Kings
548318,2012,2012-04-12,"MA Chidambaram Stadium, Chepauk",Chennai,2,Chennai Super Kings,Royal Challengers Bangalore,208,5,120,20.0,Royal Challengers Bangalore,bat,Chennai Super Kings
548319,2012,2012-04-12,"Punjab Cricket Association Stadium, Mohali",Chandigarh,1,Pune Warriors,Kings XI Punjab,115,10,114,19.0,Kings XI Punjab,field,Kings XI Punjab
548319,2012,2012-04-12,"Punjab Cricket Association Stadium, Mohali",Chandigarh,2,Kings XI Punjab,Pune Warriors,116,3,106,17.4,Kings XI Punjab,field,Kings XI Punjab
548320,2012,2012-04-13,Eden Gardens,Kolkata,1,Rajasthan Royals,Kolkata Knight Riders,131,5,120,20.0,Rajasthan Royals,bat,Kolkata Knight Riders
548320,2012,2012-04-13,Eden Gardens,Kolkata,2,Kolkata Knight Riders,Rajasthan Royals,137,5,116,19.2,Rajasthan Royals,bat,Kolkata Knight Riders
548321,2012,2012-04-19,Feroz Shah Kotla,Delhi,1,Deccan Chargers,Delhi Daredevils,157,8,120,20.0,Deccan Chargers,bat,Delhi Daredevils
548321,2012,2012-04-19,Feroz Shah Kotla,Delhi,2,Delhi Daredevils,Deccan Chargers,162,5,115,19.1,Deccan Chargers,bat,Delhi Daredevils
548322,2012,2012-04-14,Subrata Roy Sahara Stadium,Pune,1,Chennai Super Kings,Pune Warriors,155,5,120,20.0,Chennai Super Kings,bat,Pune Warriors
548322,2012,2012-04-14,Subrata Roy Sahara Stadium,Pune,2,Pune Warriors,Chennai Super Kings,156,3,116,19.2,Chennai Super Kings,bat,Pune Warriors
548323,2012,2012-04-15,Eden Gardens,Kolkata,1,Kings XI Punjab,Kolkata Knight Riders,134,9,120,20.0,Kolkata Knight Riders,field,Kings XI Punjab
548323,2012,2012-04-15,Eden Gardens,Kolkata,2,Kolkata Knight Riders,Kings XI Punjab,132,7,120,20.0,Kolkata Knight Riders,field,Kings XI Punjab
548324,2012,2012-04-15,M Chinnaswamy Stadium,Bangalore,1,Rajasthan Royals,Royal Challengers Bangalore,195,2,120,20.0,Rajasthan Royals,bat,Rajasthan Royals
548324,2012,2012-04-15,M Chinnaswamy Stadium,Bangalore,2,Royal Challengers Bangalore,Rajasthan Royals,136,10,119,19.5,Rajasthan Royals,bat,Rajasthan Royals
548325,2012,2012-04-16,Wankhede Stadium,Mumbai,1,Mumbai Indians,Delhi Daredevils,92,10,116,19.2,Delhi Daredevils,field,Delhi Daredevils
548325,2012,2012-04-16,Wankhede Stadium,Mumbai,2,Delhi Daredevils,Mumbai Indians,93,3,89,14.5,Delhi Daredevils,field,Delhi Daredevils
548326,2012,2012-04-17,Sawai Mansingh Stadium,Jaipur,1,Deccan Chargers,Rajasthan Royals,196,2,120,20.0,Deccan Chargers,bat,Rajasthan Royals
548326,2012,2012-04-17,Sawai Mansingh Stadium,Jaipur,2,Rajasthan Royals,Deccan Chargers,197,5,118,19.4,Deccan Chargers,bat,Rajasthan Royals
548327,2012,2012-04-17,M Chinnaswamy Stadium,Bangalore,1,Pune Warriors,Royal Challengers Bangalore,182,6,120,20.0,Pune Warriors,bat,Royal Challengers Bangalore
548327,2012,2012-04-17,M Chinnaswamy Stadium,Bangalore,2,Royal Challengers Bangalore,Pune Warriors,186,4,120,20.0,Pune Warriors,bat,Royal Challengers Bangalore
548328,2012,2012-04-18,"Punjab Cricket Association Stadium, Mohali",Chandigarh,1,Kings XI Punjab,Kolkata Knight Riders,124,7,120,20.0,Kings XI Punjab,bat,Kolkata Knight Riders
548328,2012,2012-04-18,"Punjab Cricket Association Stadium, Mohali",Chandigarh,2,Kolkata Knight Riders,Kings XI Punjab,127,2,99,16.3,Kings XI Punjab,bat,Kolkata Knight Riders
548329,2012,2012-05-10,"Rajiv Gandhi International Stadium, Uppal",Hyderabad,1,Deccan Chargers,Delhi Daredevils,187,4,120,20.0,Deccan Chargers,bat,Delhi Daredevils
548329,2012,2012-05-10,"Rajiv Gandhi International Stadium, Uppal",Hyderabad,2,Delhi Daredevils,Deccan Chargers,193,1,100,16.4,Deccan Chargers,bat,Delhi Daredevils
548330,2012,2012-04-19,"MA Chidambaram Stadium, Chepauk",Chennai,1,Chennai Super Kings,Pune Warriors,164,5,120,20.0,Pune Warriors,field,Chennai Super Kings
548330,2012,2012-04-19,"MA Chidambaram Stadium, Chepauk",Chennai,2,Pune Warriors,Chennai Super Kings,151,7,120,20.0,Pune Warriors,field,Chennai Super Kings
548331,2012,2012-04-20,"Punjab Cricket Association Stadium, Mohali",Chandigarh,1,Kings XI Punjab,Royal Challengers Bangalore,163,6,120,20.0,Royal Challengers Bangalore,field,Royal Challengers Bangalore
548331,2012,2012-04-20,"Punjab Cricket Association Stadium, Mohali",Chandigarh,2,Royal Challengers Bangalore,Kings XI Punjab,166,5,117,19.3,Royal Challengers Bangalore,field,Royal Challengers Bangalore
548332,2012,2012-04-21,"MA Chidambaram Stadium, Chepauk",Chennai,1,Rajasthan Royals,Chennai Super Kings,146,4,120,20.0,Rajasthan Royals,bat,Chennai Super Kings
548332,2012,2012-04-21,"MA Chidambaram Stadium, Chepauk",Chennai,2,Chennai Super Kings,Rajasthan Royals,147,3,120,20.0,Rajasthan Royals,bat,Chennai Super Kings
548333,2012,2012-04-21,Feroz Shah Kotla,Delhi,1,Pune Warriors,Delhi Daredevils,192,3,120,20.0,Delhi Daredevils,field,Pune Warriors
548333,2012,2012-04-21,Feroz Shah Kotla,Delhi,2,Delhi Daredevils,Pune Warriors,172,7,120,20.0,Delhi Daredevils,field,Pune Warriors
548334,2012,2012-04-22,Wankhede Stadium,Mumbai,1,Mumbai Indians,Kings XI Punjab,163,6,120,20.0,Mumbai Indians,bat,Kings XI Punjab
548334,2012,2012-04-22,Wankhede Stadium,Mumbai,2,Kings XI Punjab,Mumbai Indians,164,4,117,19.3,Mumbai Indians,bat,Kings XI Punjab
548335,2012,2012-04-22,Barabati Stadium,Cuttack,1,Deccan Chargers,Kolkata Knight Riders,126,7,120,20.0,Kolkata Knight Riders,field,Kolkata Knight Riders
548335,2012,2012-04-22,Barabati Stadium,Cuttack,2,Kolkata Knight Riders,Deccan Chargers,127,5,114,19.0,Kolkata Knight Riders,field,Kolkata Knight Riders
548336,2012,2012-04-23,Sawai Mansingh Stadium,Jaipur,1,Royal Challengers Bangalore,Rajasthan Royals,189,3,120,20.0,Rajasthan Royals,field,Royal Challengers Bangalore
548336,2012,2012-04-23,Sawai Mansingh Stadium,Jaipur,2,Rajasthan Royals,Royal Challengers Bangalore,143,7,120,20.0,Rajasthan Royals,field,Royal Challengers Bangalore
548337,2012,2012-04-24,Subrata Roy Sahara Stadium,Pune,1,Pune Warriors,Delhi Daredevils,146,2,120,20.0,Pune Warriors,bat,Delhi Daredevils
548337,2012,2012-04-24,Subrata Roy Sahara Stadium,Pune,2,Delhi Daredevils,Pune Warriors,148,2,96,16.0,Pune Warriors,bat,Delhi Daredevils
548339,2012,2012-04-25,"Punjab Cricket Association Stadium, Mohali",Chandigarh,1,Kings XI Punjab,Mumbai Indians,168,3,120,20.0,Kings XI Punjab,bat,Mumbai Indians
548339,2012,2012-04-25,"Punjab Cricket Association Stadium, Mohali",Chandigarh,2,Mumbai Indians,Kings XI Punjab,171,6,119,19.5,Kings XI Punjab,bat,Mumbai Indians
548341,2012,2012-04-26,Subrata Roy Sahara Stadium,Pune,1,Deccan Chargers,Pune Warriors,177,4,120,20.0,Deccan Chargers,bat,Deccan Chargers
548341,2012,2012-04-26,Subrata Roy Sahara Stadium,Pune,2,Pune Warriors,Deccan Chargers,159,7,120,20.0,Deccan Chargers,bat,Deccan Chargers
548342,2012,2012-04-27,Feroz Shah Kotla,Delhi,1,Delhi Daredevils,Mumbai Indians,207,5,120,20.0,Mumbai Indians,field,Delhi Daredevils
548342,2012,2012-04-27,Feroz Shah Kotla,Delhi,2,Mumbai Indians,Delhi Daredevils,170,9,120,20.0,Mumbai Indians,field,Delhi Daredevils
548343,2012,2012-04-28,"MA Chidambaram Stadium, Chepauk",Chennai,1,Kings XI Punjab,Chennai Super Kings,156,8,120,20.0,Kings XI Punjab,bat,Kings XI Punjab
548343,2012,2012-04-28,"MA Chidambaram Stadium, Chepauk",Chennai,2,Chennai Super Kings,Kings XI Punjab,149,8,120,20.0,Kings XI Punjab,bat,Kings XI Punjab
548344,2012,2012-04-28,Eden Gardens,Kolkata,1,Kolkata Knight Riders,Royal Challengers Bangalore,190,4,120,20.0,Kolkata Knight Riders,bat,Kolkata Knight Riders
548344,2012,2012-04-28,Eden Gardens,Kolkata,2,Royal Challengers Bangalore,Kolkata Knight Riders,143,6,120,20.0,Kolkata Knight Riders,bat,Kolkata Knight Riders
548345,2012,2012-04-29,Feroz Shah Kotla,Delhi,1,Delhi Daredevils,Rajasthan Royals,152,6,120,20.0,Delhi Daredevils,bat,Delhi Daredevils
548345,2012,2012-04-29,Feroz Shah Kotla,Delhi,2,Rajasthan Royals,Delhi Daredevils,151,3,120,20.0,Delhi Daredevils,bat,Delhi Daredevils
548346,2012,2012-04-29,Wankhede Stadium,Mumbai,1,Deccan Chargers,Mumbai Indians,100,10,112,18.4,Mumbai Indians,field,Mumbai Indians
548346,2012,2012-04-29,Wankhede Stadium,Mumbai,2,Mumbai Indians,Deccan Chargers,101,5,109,18.1,Mumbai Indians,field,Mumbai Indians
548347,2012,2012-04-30,"MA Chidambaram Stadium, Chepauk",Chennai,1,Chennai Super Kings,Kolkata Knight Riders,139,5,120,20.0,Chennai Super Kings,bat,Kolkata Knight Riders
548347,2012,2012-04-30,"MA Chidambaram Stadium, Chepauk",Chennai,2,Kolkata Knight Riders,Chennai Super Kings,140,5,118,19.4,Chennai Super Kings,bat,Kolkata Knight Riders
548348,2012,2012-05-01,Barabati Stadium,Cuttack,1,Deccan Chargers,Pune Warriors,186,4,120,20.0,Deccan Chargers,bat,Deccan Chargers
548348,2012,2012-05-01,Barabati Stadium,Cuttack,2,Pune Warriors,Deccan Chargers,173,5,120,20.0,Deccan Chargers,bat,Deccan Chargers
548349,2012,2012-05-01,Sawai Mansingh Stadium,Jaipur,1,Rajasthan Royals,Delhi Daredevils,141,6,120,20.0,Rajasthan Royals,bat,Delhi Daredevils
548349,2012,2012-05-01,Sawai Mansingh Stadium,Jaipur,2,Delhi Daredevils,Rajasthan Royals,144,4,92,15.2,Rajasthan Royals,bat,Delhi Daredevils
548350,2012,2012-05-02,M Chinnaswamy Stadium,Bangalore,1,Royal Challengers Bangalore,Kings XI Punjab,158,5,120,20.0,Kings XI Punjab,field,Kings XI Punjab
548350,2012,2012-05-02,M Chinnaswamy Stadium,Bangalore,2,Kings XI Punjab,Royal Challengers Bangalore,163,6,119,19.5,Kings XI Punjab,field,Kings XI Punjab
548351,2012,2012-05-03,Subrata Roy Sahara Stadium,Pune,1,Mumbai Indians,Pune Warriors,120,9,120,20.0,Mumbai Indians,bat,Mumbai Indians
548351,2012,2012-05-03,Subrata Roy Sahara Stadium,Pune,2,Pune Warriors,Mumbai Indians,119,6,120,20.0,Mumbai Indians,bat,Mumbai Indians
548352,2012,2012-05-04,"MA Chidambaram Stadium, Chepauk",Chennai,1,Chennai Super Kings,Deccan Chargers,160,6,120,20.0,Chennai Super Kings,bat,Chennai Super Kings
548352,2012,2012-05-04,"MA Chidambaram Stadium, Chepauk",Chennai,2,Deccan Chargers,Chennai Super Kings,150,5,120,20.0,Chennai Super Kings,bat,Chennai Super Kings
548353,2012,2012-05-05,Eden Gardens,Kolkata,1,Kolkata Knight Riders,Pune Warriors,150,5,120,20.0,Kolkata Knight Riders,bat,Kolkata Knight Riders
548353,2012,2012-05-05,Eden Gardens,Kolkata,2,Pune Warriors,Kolkata Knight Riders,143,8,120,20.0,Kolkata Knight Riders,bat,Kolkata Knight Riders
548354,2012,2012-05-05,"Punjab Cricket Association Stadium, Mohali",Chandigarh,1,Rajasthan Royals,Kings XI Punjab,177,6,120,20.0,Rajasthan Royals,bat,Rajasthan Royals
548354,2012,2012-05-05,"Punjab Cricket Association Stadium, Mohali",Chandigarh,2,Kings XI Punjab,Rajasthan Royals,134,8,120,20.0,Rajasthan Royals,bat,Rajasthan Royals
548355,2012,2012-05-06,Wankhede Stadium,Mumbai,1,Chennai Super Kings,Mumbai Indians,173,8,120,20.0,Mumbai Indians,field,Mumbai Indians
548355,2012,2012-05-06,Wankhede Stadium,Mumbai,2,Mumbai Indians,Chennai Super Kings,174,8,120,20.0,Mumbai Indians,field,Mumbai Indians
548356,2012,2012-05-06,M Chinnaswamy Stadium,Bangalore,1,Deccan Chargers,Royal Challengers Bangalore,181,2,120,20.0,Royal Challengers Bangalore,field,Royal Challengers Bangalore
548356,2012,2012-05-06,M Chinnaswamy Stadium,Bangalore,2,Royal Challengers Bangalore,Deccan Chargers,185,5,113,18.5,Royal Challengers Bangalore,field,Royal Challengers Bangalore
548357,2012,2012-05-07,Feroz Shah Kotla,Delhi,1,Delhi Daredevils,Kolkata Knight Riders,153,9,120,20.0,Delhi Daredevils,bat,Kolkata Knight Riders
548357,2012,2012-05-07,Feroz Shah Kotla,Delhi,2,Kolkata Knight Riders,Delhi Daredevils,154,4,112,18.4,Delhi Daredevils,bat,Kolkata Knight Riders
548358,2012,2012-05-08,Subrata Roy Sahara Stadium,Pune,1,Pune Warriors,Rajasthan Royals,125,6,120,20.0,Pune Warriors,bat,Rajasthan Royals
548358,2012,2012-05-08,Subrata Roy Sahara Stadium,Pune,2,Rajasthan Royals,Pune Warriors,126,3,98,16.2,Pune Warriors,bat,Rajasthan Royals
548359,2012,2012-05-08,"Rajiv Gandhi International Stadium, Uppal",Hyderabad,1,Kings XI Punjab,Deccan Chargers,170,5,120,20.0,Deccan Chargers,field,Kings XI Punjab
548359,2012,2012-05-08,"Rajiv Gandhi International Stadium, Uppal",Hyderabad,2,Deccan Chargers,Kings XI Punjab,145,8,120,20.0,Deccan Chargers,field,Kings XI Punjab
548360,2012,2012-05-09,Wankhede Stadium,Mumbai,1,Mumbai Indians,Royal Challengers Bangalore,141,6,120,20.0,Royal Challengers Bangalore,field,Royal Challengers Bangalore
548360,2012,2012-05-09,Wankhede Stadium,Mumbai,2,Royal Challengers Bangalore,Mumbai Indians,142,1,108,18.0,Royal Challengers Bangalore,field,Royal Challengers Bangalore
548361,2012,2012-05-10,Sawai Mansingh Stadium,Jaipur,1,Rajasthan Royals,Chennai Super Kings,126,6,120,20.0,Chennai Super Kings,field,Chennai Super Kings
548361,2012,2012-05-10,Sawai Mansingh Stadium,Jaipur,2,Chennai Super Kings,Rajasthan Royals,127,6,109,18.1,Chennai Super Kings,field,Chennai Super Kings
548362,2012,2012-05-11,Subrata Roy Sahara Stadium,Pune,1,Royal Challengers Bangalore,Pune Warriors,173,3,120,20.0,Pune Warriors,field,Royal Challengers Bangalore
548362,2012,2012-05-11,Subrata Roy Sahara Stadium,Pune,2,Pune Warriors,Royal Challengers Bangalore,138,9,120,20.0,Pune Warriors,field,Royal Challengers Bangalore
548363,2012,2012-05-12,Eden Gardens,Kolkata,1,Mumbai Indians,Kolkata Knight Riders,182,1,120,20.0,Mumbai Indians,bat,Mumbai Indians
548363,2012,2012-05-12,Eden Gardens,Kolkata,2,Kolkata Knight Riders,Mumbai Indians,155,4,120,20.0,Mumbai Indians,bat,Mumbai Indians
548364,2012,2012-05-12,"MA Chidambaram Stadium, Chepauk",Chennai,1,Delhi Daredevils,Chennai Super Kings,114,5,120,20.0,Chennai Super Kings,field,Chennai Super Kings
548364,2012,2012-05-12,"MA Chidambaram Stadium, Chepauk",Chennai,2,Chennai Super Kings,Delhi Daredevils,115,1,92,15.2,Chennai Super Kings,field,Chennai Super Kings
548365,2012,2012-05-13,Sawai Mansingh Stadium,Jaipur,1,Rajasthan Royals,Pune Warriors,170,4,120,20.0,Rajasthan Royals,bat,Rajasthan Royals
548365,2012,2012-05-13,Sawai Mansingh Stadium,Jaipur,2,Pune Warriors,Rajasthan Royals,125,9,120,20.0,Rajasthan Royals,bat,Rajasthan Royals
548366,2012,2012-05-13,"Punjab Cricket Association Stadium, Mohali",Chandigarh,1,Deccan Chargers,Kings XI Punjab,190,4,120,20.0,Deccan Chargers,bat,Kings XI Punjab
548366,2012,2012-05-13,"Punjab Cricket Association Stadium, Mohali",Chandigarh,2,Kings XI Punjab,Deccan Chargers,194,6,120,20.0,Deccan Chargers,bat,Kings XI Punjab
548367,2012,2012-05-14,M Chinnaswamy Stadium,Bangalore,1,Royal Challengers Bangalore,Mumbai Indians,171,6,120,20.0,Mumbai Indians,field,Mumbai Indians
548367,2012,2012-05-14,M Chinnaswamy Stadium,Bangalore,2,Mumbai Indians,Royal Challengers Bangalore,173,5,118,19.4,Mumbai Indians,field,Mumbai Indians
548368,2012,2012-05-14,Eden Gardens,Kolkata,1,Kolkata Knight Riders,Chennai Super Kings,158,6,120,20.0,Chennai Super Kings,field,Chennai Super Kings
548368,2012,2012-05-14,Eden Gardens,Kolkata,2,Chennai Super Kings,Kolkata Knight Riders,160,5,120,20.0,Chennai Super Kings,field,Chennai Super Kings
548369,2012,2012-05-15,Feroz Shah Kotla,Delhi,1,Kings XI Punjab,Delhi Daredevils,136,8,120,20.0,Kings XI Punjab,bat,Delhi Daredevils
548369,2012,2012-05-15,Feroz Shah Kotla,Delhi,2,Delhi Daredevils,Kings XI Punjab,140,5,114,19.0,Kings XI Punjab,bat,Delhi Daredevils
548370,2012,2012-05-16,Wankhede Stadium,Mumbai,1,Kolkata Knight Riders,Mumbai Indians,140,7,120,20.0,Mumbai Indians,field,Kolkata Knight Riders
548370,2012,2012-05-16,Wankhede Stadium,Mumbai,2,Mumbai Indians,Kolkata Knight Riders,108,10,115,19.1,Mumbai Indians,field,Kolkata Knight Riders
548371,2012,2012-05-17,Himachal Pradesh Cricket Association Stadium,Dharamsala,1,Chennai Super Kings,Kings XI Punjab,120,7,120,20.0,Kings XI Punjab,field,Kings XI Punjab
548371,2012,2012-05-17,Himachal Pradesh Cricket Association Stadium,Dharamsala,2,Kings XI Punjab,Chennai Super Kings,123,4,99,16.3,Kings XI Punjab,field,Kings XI Punjab
548372,2012,2012-05-17,Feroz Shah Kotla,Delhi,1,Royal Challengers Bangalore,Delhi Daredevils,215,1,120,20.0,Delhi Daredevils,field,Royal Challengers Bangalore
548372,2012,2012-05-17,Feroz Shah Kotla,Delhi,2,Delhi Daredevils,Royal Challengers Bangalore,194,9,120,20.0,Delhi Daredevils,field,Royal Challengers Bangalore
548373,2012,2012-05-18,"Rajiv Gandhi International Stadium, Uppal",Hyderabad,1,Rajasthan Royals,Deccan Chargers,126,8,120,20.0,Rajasthan Royals,bat,Deccan Chargers
548373,2012,2012-05-18,"Rajiv Gandhi International Stadium, Uppal",Hyderabad,2,Deccan Chargers,Rajasthan Royals,128,5,112,18.4,Rajasthan Royals,bat,Deccan Chargers
548374,2012,2012-05-19,Himachal Pradesh Cricket Association Stadium,Dharamsala,1,Kings XI Punjab,Delhi Daredevils,141,8,120,20.0,Delhi Daredevils,field,Delhi Daredevils
548374,2012,2012-05-19,Himachal Pradesh Cricket Association Stadium,Dharamsala,2,Delhi Daredevils,Kings XI Punjab,145,4,110,18.2,Delhi Daredevils,field,Delhi Daredevils
548375,2012,2012-05-19,Subrata Roy Sahara Stadium,Pune,1,Kolkata Knight Riders,Pune Warriors,136,4,120,20.0,Kolkata Knight Riders,bat,Kolkata Knight Riders
548375,2012,2012-05-19,Subrata Roy Sahara Stadium,Pune,2,Pune Warriors,Kolkata Knight Riders,102,8,120,20.0,Kolkata Knight Riders,bat,Kolkata Knight Riders
548376,2012,2012-05-20,"Rajiv Gandhi International Stadium, Uppal",Hyderabad,1,Deccan Chargers,Royal Challengers Bangalore,132,7,120,20.0,Royal Challengers Bangalore,field,Deccan Chargers
548376,2012,2012-05-20,"Rajiv Gandhi International Stadium, Uppal",Hyderabad,2,Royal Challengers Bangalore,Deccan Chargers,123,9,120,20.0,Royal Challengers Bangalore,field,Deccan Chargers
548377,2012,2012-05-20,Sawai Mansingh Stadium,Jaipur,1,Rajasthan Royals,Mumbai Indians,162,6,120,20.0,Rajasthan Royals,bat,Mumbai Indians
548377,2012,2012-05-20,Sawai Mansingh Stadium,Jaipur,2,Mumbai Indians,Rajasthan Royals,163,0,108,18.0,Rajasthan Royals,bat,Mumbai Indians
548378,2012,2012-05-22,Subrata Roy Sahara Stadium,Pune,1,Kolkata Knight Riders,Delhi Daredevils,162,4,120,20.0,Kolkata Knight Riders,bat,Kolkata Knight Riders
548378,2012,2012-05-22,Subrata Roy Sahara Stadium,Pune,2,Delhi Daredevils,Kolkata Knight Riders,144,8,120,20.0,Kolkata Knight Riders,bat,Kolkata Knight Riders
548379,2012,2012-05-23,M Chinnaswamy Stadium,Bangalore,1,Chennai Super Kings,Mumbai Indians,187,5,120,20.0,Mumbai Indians,field,Chennai Super Kings
548379,2012,2012-05-23,M Chinnaswamy Stadium,Bangalore,2,Mumbai Indians,Chennai Super Kings,149,9,120,20.0,Mumbai Indians,field,Chennai Super Kings
548380,2012,2012-05-25,"MA Chidambaram Stadium, Chepauk",Chennai,1,Chennai Super Kings,Delhi Daredevils,222,5,120,20.0,Delhi Daredevils,field,Chennai Super Kings
548380,2012,2012-05-25,"MA Chidambaram Stadium, Chepauk",Chennai,2,Delhi Daredevils,Chennai Super Kings,136,10,101,16.5,Delhi Daredevils,field,Chennai Super Kings
548381,2012,2012-05-27,"MA Chidambaram Stadium, Chepauk",Chennai,1,Chennai Super Kings,Kolkata Knight Riders,190,3,120,20.0,Chennai Super Kings,bat,Kolkata Knight Riders
548381,2012,2012-05-27,"MA Chidambaram Stadium, Chepauk",Chennai,2,Kolkata Knight Riders,Chennai Super Kings,192,5,118,19.4,Chennai Super Kings,bat,Kolkata Knight Riders
597998,2013,2013-04-03,Eden Gardens,Kolkata,1,Delhi Daredevils,Kolkata Knight Riders,128,10,120,20.0,Kolkata Knight Riders,field,Kolkata Knight Riders
597998,2013,2013-04-03,Eden Gardens,Kolkata,2,Kolkata Knight Riders,Delhi Daredevils,129,4,112,18.4,Kolkata Knight Riders,field,Kolkata Knight Riders
597999,2013,2013-04-04,M Chinnaswamy Stadium,Bangalore,1,Royal Challengers Bangalore,Mumbai Indians,156,5,120,20.0,Mumbai Indians,field,Royal Challengers Bangalore
597999,2013,2013-04-04,M Chinnaswamy Stadium,Bangalore,2,Mumbai Indians,Royal Challengers Bangalore,154,5,120,20.0,Mumbai Indians,field,Royal Challengers Bangalore
598000,2013,2013-04-05,"Rajiv Gandhi International Stadium, Uppal",Hyderabad,1,Sunrisers Hyderabad,Pune Warriors,126,6,120,20.0,Pune Warriors,field,Sunrisers Hyderabad
598000,2013,2013-04-05,"Rajiv Gandhi International Stadium, Uppal",Hyderabad,2,Pune Warriors,Sunrisers Hyderabad,104,10,113,18.5,Pune Warriors,field,Sunrisers Hyderabad
598001,2013,2013-04-06,Feroz Shah Kotla,Delhi,1,Rajasthan Royals,Delhi Daredevils,165,7,120,20.0,Rajasthan Royals,bat,Rajasthan Royals
598001,2013,2013-04-06,Feroz Shah Kotla,Delhi,2,Delhi Daredevils,Rajasthan Royals,160,6,120,20.0,Rajasthan Royals,bat,Rajasthan Royals
598002,2013,2013-04-06,"MA Chidambaram Stadium, Chepauk",Chennai,1,Mumbai Indians,Chennai Super Kings,148,6,120,20.0,Mumbai Indians,bat,Mumbai Indians
598002,2013,2013-04-06,"MA Chidambaram Stadium, Chepauk",Chennai,2,Chennai Super Kings,Mumbai Indians,139,9,120,20.0,Mumbai Indians,bat,Mumbai Indians
598003,2013,2013-04-07,Subrata Roy Sahara Stadium,Pune,1,Pune Warriors,Kings XI Punjab,99,9,120,20.0,Pune Warriors,bat,Kings XI Punjab
598003,2013,2013-04-07,Subrata Roy Sahara Stadium,Pune,2,Kings XI Punjab,Pune Warriors,100,2,74,12.2,Pune Warriors,bat,Kings XI Punjab
598004,2013,2013-04-07,"Rajiv Gandhi International Stadium, Uppal",Hyderabad,1,Royal Challengers Bangalore,Sunrisers Hyderabad,130,8,120,20.0,Royal Challengers Bangalore,bat,
598004,2013,2013-04-07,"Rajiv Gandhi International Stadium, Uppal",Hyderabad,2,Sunrisers Hyderabad,Royal Challengers Bangalore,130,7,120,20.0,Royal Challengers Bangalore,bat,
598004,2013,2013-04-07,"Rajiv Gandhi International Stadium, Uppal",Hyderabad,3,Sunrisers Hyderabad,Royal Challengers Bangalore,20,0,6,1.0,Royal Challengers Bangalore,bat,
598004,2013,2013-04-07,"Rajiv Gandhi International Stadium, Uppal",Hyderabad,4,Royal Challengers Bangalore,Sunrisers Hyderabad,15,0,6,1.0,Royal Challengers Bangalore,bat,
598005,2013,2013-04-08,Sawai Mansingh Stadium,Jaipur,1,Rajasthan Royals,Kolkata Knight Riders,144,6,120,20.0,Kolkata Knight Riders,field,Rajasthan Royals
598005,2013,2013-04-08,Sawai Mansingh Stadium,Jaipur,2,Kolkata Knight Riders,Rajasthan Royals,125,10,114,19.0,Kolkata Knight Riders,field,Rajasthan Royals
598006,2013,2013-04-09,Wankhede Stadium,Mumbai,1,Mumbai Indians,Delhi Daredevils,209,5,120,20.0,Mumbai Indians,bat,Mumbai Indians
598006,2013,2013-04-09,Wankhede Stadium,Mumbai,2,Delhi Daredevils,Mumbai Indians,165,9,120,20.0,Mumbai Indians,bat,Mumbai Indians
598007,2013,2013-04-10,"Punjab Cricket Association Stadium, Mohali",Chandigarh,1,Kings XI Punjab,Chennai Super Kings,138,10,119,19.5,Chennai Super Kings,field,Chennai Super Kings
598007,2013,2013-04-10,"Punjab Cricket Association Stadium, Mohali",Chandigarh,2,Chennai Super Kings,Kings XI Punjab,139,0,104,17.2,Chennai Super Kings,field,Chennai Super Kings
598008,2013,2013-04-11,M Chinnaswamy Stadium,Bangalore,1,Kolkata Knight Riders,Royal Challengers Bangalore,154,8,120,20.0,Royal Challengers Bangalore,field,Royal Challengers Bangalore
598008,2013,2013-04-11,M Chinnaswamy Stadium,Bangalore,2,Royal Challengers Bangalore,Kolkata Knight Riders,158,2,105,17.3,Royal Challengers Bangalore,field,Royal Challengers Bangalore
598009,2013,2013-04-11,Subrata Roy Sahara Stadium,Pune,1,Rajasthan Royals,Pune Warriors,145,5,120,20.0,Rajasthan Royals,bat,Pune Warriors
598009,2013,2013-04-11,Subrata Roy Sahara Stadium,Pune,2,Pune Warriors,Rajasthan Royals,148,3,112,18.4,Rajasthan Royals,bat,Pune Warriors
598010,2013,2013-04-12,Feroz Shah Kotla,Delhi,1,Delhi Daredevils,Sunrisers Hyderabad,114,8,120,20.0,Delhi Daredevils,bat,Sunrisers Hyderabad
598010,2013,2013-04-12,Feroz Shah Kotla,Delhi,2,Sunrisers Hyderabad,Delhi Daredevils,115,7,116,19.2,Delhi Daredevils,bat,Sunrisers Hyderabad
598011,2013,2013-04-13,Wankhede Stadium,Mumbai,1,Mumbai Indians,Pune Warriors,183,3,120,20.0,Mumbai Indians,bat,Mumbai Indians
598011,2013,2013-04-13,Wankhede Stadium,Mumbai,2,Pune Warriors,Mumbai Indians,142,8,120,20.0,Mumbai Indians,bat,Mumbai Indians
598012,2013,2013-04-13,"MA Chidambaram Stadium, Chepauk",Chennai,1,Royal Challengers Bangalore,Chennai Super Kings,165,6,120,20.0,Chennai Super Kings,field,Chennai Super Kings
598012,2013,2013-04-13,"MA Chidambaram Stadium, Chepauk",Chennai,2,Chennai Super Kings,Royal Challengers Bangalore,166,6,119,19.5,Chennai Super Kings,field,Chennai Super Kings
598013,2013,2013-04-14,Eden Gardens,Kolkata,1,Kolkata Knight Riders,Sunrisers Hyderabad,180,4,120,20.0,Kolkata Knight Riders,bat,Kolkata Knight Riders
598013,2013,2013-04-14,Eden Gardens,Kolkata,2,Sunrisers Hyderabad,Kolkata Knight Riders,132,7,120,20.0,Kolkata Knight Riders,bat,Kolkata Knight Riders
598014,2013,2013-04-14,Sawai Mansingh Stadium,Jaipur,1,Kings XI Punjab,Rajasthan Royals,124,10,113,18.5,Rajasthan Royals,field,Rajasthan Royals
598014,2013,2013-04-14,Sawai Mansingh Stadium,Jaipur,2,Rajasthan Royals,Kings XI Punjab,126,4,116,19.2,Rajasthan Royals,field,Rajasthan Royals
598015,2013,2013-04-15,"MA Chidambaram Stadium, Chepauk",Chennai,1,Pune Warriors,Chennai Super Kings,159,5,120,20.0,Pune Warriors,bat,Pune Warriors
598015,2013,2013-04-15,"MA Chidambaram Stadium, Chepauk",Chennai,2,Chennai Super Kings,Pune Warriors,135,8,120,20.0,Pune Warriors,bat,Pune Warriors
598016,2013,2013-04-16,"Punjab Cricket Association Stadium, Mohali",Chandigarh,1,Kings XI Punjab,Kolkata Knight Riders,157,9,120,20.0,Kolkata Knight Riders,field,Kings XI Punjab
598016,2013,2013-04-16,"Punjab Cricket Association Stadium, Mohali",Chandigarh,2,Kolkata Knight Riders,Kings XI Punjab,153,9,120,20.0,Kolkata Knight Riders,field,Kings XI Punjab
598017,2013,2013-04-16,M Chinnaswamy Stadium,Bangalore,1,Delhi Daredevils,Royal Challengers Bangalore,152,5,120,20.0,Royal Challengers Bangalore,field,
598017,2013,2013-04-16,M Chinnaswamy Stadium,Bangalore,2,Royal Challengers Bangalore,Delhi Daredevils,152,7,120,20.0,Royal Challengers Bangalore,field,
598017,2013,2013-04-16,M Chinnaswamy Stadium,Bangalore,3,Royal Challengers Bangalore,Delhi Daredevils,15,0,6,1.0,Royal Challengers Bangalore,field,
598017,2013,2013-04-16,M Chinnaswamy Stadium,Bangalore,4,Delhi Daredevils,Royal Challengers Bangalore,11,2,6,1.0,Royal Challengers Bangalore,field,
598018,2013,2013-04-17,Maharashtra Cricket Association Stadium,Pune,1,Sunrisers Hyderabad,Pune Warriors,119,8,120,20.0,Pune Warriors,field,Sunrisers Hyderabad
598018,2013,2013-04-17,Maharashtra Cricket Association Stadium,Pune,2,Pune Warriors,Sunrisers Hyderabad,108,10,114,19.0,Pune Warriors,field,Sunrisers Hyderabad
598019,2013,2013-04-17,Sawai Mansingh Stadium,Jaipur,1,Rajasthan Royals,Mumbai Indians,179,3,120,20.0,Rajasthan Royals,bat,Rajasthan Royals
598019,2013,2013-04-17,Sawai Mansingh Stadium,Jaipur,2,Mumbai Indians,Rajasthan Royals,92,10,110,18.2,Rajasthan Royals,bat,Rajasthan Royals
598020,2013,2013-04-18,Feroz Shah Kotla,Delhi,1,Chennai Super Kings,Delhi Daredevils,169,4,120,20.0,Chennai Super Kings,bat,Chennai Super Kings
598020,2013,2013-04-18,Feroz Shah Kotla,Delhi,2,Delhi Daredevils,Chennai Super Kings,83,10,105,17.3,Chennai Super Kings,bat,Chennai Super Kings
598021,2013,2013-04-19,"Rajiv Gandhi International Stadium, Uppal",Hyderabad,1,Kings XI Punjab,Sunrisers Hyderabad,123,9,120,20.0,Kings XI Punjab,bat,Sunrisers Hyderabad
598021,2013,2013-04-19,"Rajiv Gandhi International Stadium, Uppal",Hyderabad,2,Sunrisers Hyderabad,Kings XI Punjab,127,5,113,18.5,Kings XI Punjab,bat,Sunrisers Hyderabad
598022,2013,2013-04-20,Eden Gardens,Kolkata,1,Kolkata Knight Riders,Chennai Super Kings,119,9,120,20.0,Kolkata Knight Riders,bat,Chennai Super Kings
598022,2013,2013-04-20,Eden Gardens,Kolkata,2,Chennai Super Kings,Kolkata Knight Riders,124,6,115,19.1,Kolkata Knight Riders,bat,Chennai Super Kings
598023,2013,2013-04-20,M Chinnaswamy Stadium,Bangalore,1,Rajasthan Royals,Royal Challengers Bangalore,117,10,118,19.4,Royal Challengers Bangalore,field,Royal Challengers Bangalore
598023,2013,2013-04-20,M Chinnaswamy Stadium,Bangalore,2,Royal Challengers Bangalore,Rajasthan Royals,123,3,107,17.5,Royal Challengers Bangalore,field,Royal Challengers Bangalore
598024,2013,2013-04-21,Feroz Shah Kotla,Delhi,1,Mumbai Indians,Delhi Daredevils,161,4,120,20.0,Mumbai Indians,bat,Delhi Daredevils
598024,2013,2013-04-21,Feroz Shah Kotla,Delhi,2,Delhi Daredevils,Mumbai Indians,165,1,102,17.0,Mumbai Indians,bat,Delhi Daredevils
598025,2013,2013-04-21,"Punjab Cricket Association Stadium, Mohali",Chandigarh,1,Pune Warriors,Kings XI Punjab,185,4,120,20.0,Kings XI Punjab,field,Kings XI Punjab
598025,2013,2013-04-21,"Punjab Cricket Association Stadium, Mohali",Chandigarh,2,Kings XI Punjab,Pune Warriors,186,3,119,19.5,Kings XI Punjab,field,Kings XI Punjab
598026,2013,2013-04-22,"MA Chidambaram Stadium, Chepauk",Chennai,1,Rajasthan Royals,Chennai Super Kings,185,4,120,20.0,Rajasthan Royals,bat,Chennai Super Kings
598026,2013,2013-04-22,"MA Chidambaram Stadium, Chepauk",Chennai,2,Chennai Super Kings,Rajasthan Royals,186,5,119,19.5,Rajasthan Royals,bat,Chennai Super Kings
598027,2013,2013-04-23,M Chinnaswamy Stadium,Bangalore,1,Royal Challengers Bangalore,Pune Warriors,263,5,120,20.0,Pune Warriors,field,Royal Challengers Bangalore
598027,2013,2013-04-23,M Chinnaswamy Stadium,Bangalore,2,Pune Warriors,Royal Challengers Bangalore,133,9,120,20.0,Pune Warriors,field,Royal Challengers Bangalore
598028,2013,2013-05-16,Himachal Pradesh Cricket Association Stadium,Dharamsala,1,Kings XI Punjab,Delhi Daredevils,171,4,120,20.0,Delhi Daredevils,field,Kings XI Punjab
598028,2013,2013-05-16,Himachal Pradesh Cricket Association Stadium,Dharamsala,2,Delhi Daredevils,Kings XI Punjab,164,7,120,20.0,Delhi Daredevils,field,Kings XI Punjab
598029,2013,2013-04-24,Eden Gardens,Kolkata,1,Kolkata Knight Riders,Mumbai Indians,159,6,120,20.0,Kolkata Knight Riders,bat,Mumbai Indians
598029,2013,2013-04-24,Eden Gardens,Kolkata,2,Mumbai Indians,Kolkata Knight Riders,162,5,119,19.5,Kolkata Knight Riders,bat,Mumbai Indians
598030,2013,2013-04-25,"MA Chidambaram Stadium, Chepauk",Chennai,1,Sunrisers Hyderabad,Chennai Super Kings,159,6,120,20.0,Sunrisers Hyderabad,bat,Chennai Super Kings
598030,2013,2013-04-25,"MA Chidambaram Stadium, Chepauk",Chennai,2,Chennai Super Kings,Sunrisers Hyderabad,160,5,118,19.4,Sunrisers Hyderabad,bat,Chennai Super Kings
598031,2013,2013-04-26,Eden Gardens,Kolkata,1,Kings XI Punjab,Kolkata Knight Riders,149,6,120,20.0,Kings XI Punjab,bat,Kolkata Knight Riders
598031,2013,2013-04-26,Eden Gardens,Kolkata,2,Kolkata Knight Riders,Kings XI Punjab,150,4,110,18.2,Kings XI Punjab,bat,Kolkata Knight Riders
598032,2013,2013-04-27,Sawai Mansingh Stadium,Jaipur,1,Sunrisers Hyderabad,Rajasthan Royals,144,9,120,20.0,Sunrisers Hyderabad,bat,Rajasthan Royals
598032,2013,2013-04-27,Sawai Mansingh Stadium,Jaipur,2,Rajasthan Royals,Sunrisers Hyderabad,146,2,107,17.5,Sunrisers Hyderabad,bat,Rajasthan Royals
598033,2013,2013-04-27,Wankhede Stadium,Mumbai,1,Mumbai Indians,Royal Challengers Bangalore,194,7,120,20.0,Mumbai Indians,bat,Mumbai Indians
598033,2013,2013-04-27,Wankhede Stadium,Mumbai,2,Royal Challengers Bangalore,Mumbai Indians,136,7,120,20.0,Mumbai Indians,bat,Mumbai Indians
598034,2013,2013-04-28,"MA Chidambaram Stadium, Chepauk",Chennai,1,Chennai Super Kings,Kolkata Knight Riders,200,3,120,20.0,Kolkata Knight Riders,field,Chennai Super Kings
598034,2013,2013-04-28,"MA Chidambaram Stadium, Chepauk",Chennai,2,Kolkata Knight Riders,Chennai Super Kings,186,4,120,20.0,Kolkata Knight Riders,field,Chennai Super Kings
598035,2013,2013-04-28,Shaheed Veer Narayan Singh International Stadium,Raipur,1,Delhi Daredevils,Pune Warriors,164,5,120,20.0,Pune Warriors,field,Delhi Daredevils
598035,2013,2013-04-28,Shaheed Veer Narayan Singh International Stadium,Raipur,2,Pune Warriors,Delhi Daredevils,149,4,120,20.0,Pune Warriors,field,Delhi Daredevils
598036,2013,2013-04-29,Sawai Mansingh Stadium,Jaipur,1,Royal Challengers Bangalore,Rajasthan Royals,171,6,120,20.0,Rajasthan Royals,field,Rajasthan Royals
598036,2013,2013-04-29,Sawai Mansingh Stadium,Jaipur,2,Rajasthan Royals,Royal Challengers Bangalore,173,6,119,19.5,Rajasthan Royals,field,Rajasthan Royals
598037,2013,2013-04-29,Wankhede Stadium,Mumbai,1,Mumbai Indians,Kings XI Punjab,174,3,120,20.0,Mumbai Indians,bat,Mumbai Indians
598037,2013,2013-04-29,Wankhede Stadium,Mumbai,2,Kings XI Punjab,Mumbai Indians,170,10,120,20.0,Mumbai Indians,bat,Mumbai Indians
598038,2013,2013-04-30,Subrata Roy Sahara Stadium,Pune,1,Chennai Super Kings,Pune Warriors,164,3,120,20.0,Chennai Super Kings,bat,Chennai Super Kings
598038,2013,2013-04-30,Subrata Roy Sahara Stadium,Pune,2,Pune Warriors,Chennai Super Kings,127,9,120,20.0,Chennai Super Kings,bat,Chennai Super Kings
598039,2013,2013-05-01,"Rajiv Gandhi International Stadium, Uppal",Hyderabad,1,Mumbai Indians,Sunrisers Hyderabad,129,4,120,20.0,Mumbai Indians,bat,Sunrisers Hyderabad
598039,2013,2013-05-01,"Rajiv Gandhi International Stadium, Uppal",Hyderabad,2,Sunrisers Hyderabad,Mumbai Indians,130,3,108,18.0,Mumbai Indians,bat,Sunrisers Hyderabad
598040,2013,2013-05-01,Shaheed Veer Narayan Singh International Stadium,Raipur,1,Kolkata Knight Riders,Delhi Daredevils,136,7,120,20.0,Kolkata Knight Riders,bat,Delhi Daredevils
598040,2013,2013-05-01,Shaheed Veer Narayan Singh International Stadium,Raipur,2,Delhi Daredevils,Kolkata Knight Riders,137,3,107,17.5,Kolkata Knight Riders,bat,Delhi Daredevils
598041,2013,2013-05-02,"MA Chidambaram Stadium, Chepauk",Chennai,1,Chennai Super Kings,Kings XI Punjab,186,4,120,20.0,Chennai Super Kings,bat,Chennai Super Kings
598041,2013,2013-05-02,"MA Chidambaram Stadium, Chepauk",Chennai,2,Kings XI Punjab,Chennai Super Kings,171,6,120,20.0,Chennai Super Kings,bat,Chennai Super Kings
598042,2013,2013-05-02,Subrata Roy Sahara Stadium,Pune,1,Royal Challengers Bangalore,Pune Warriors,187,3,120,20.0,Royal Challengers Bangalore,bat,Royal Challengers Bangalore
598042,2013,2013-05-02,Subrata Roy Sahara Stadium,Pune,2,Pune Warriors,Royal Challengers Bangalore,170,9,120,20.0,Royal Challengers Bangalore,bat,Royal Challengers Bangalore
598043,2013,2013-05-03,Eden Gardens,Kolkata,1,Rajasthan Royals,Kolkata Knight Riders,132,6,120,20.0,Rajasthan Royals,bat,Kolkata Knight Riders
598043,2013,2013-05-03,Eden Gardens,Kolkata,2,Kolkata Knight Riders,Rajasthan Royals,133,2,104,17.2,Rajasthan Royals,bat,Kolkata Knight Riders
598044,2013,2013-05-04,"Rajiv Gandhi International Stadium, Uppal",Hyderabad,1,Delhi Daredevils,Sunrisers Hyderabad,80,10,115,19.1,Delhi Daredevils,bat,Sunrisers Hyderabad
598044,2013,2013-05-04,"Rajiv Gandhi International Stadium, Uppal",Hyderabad,2,Sunrisers Hyderabad,Delhi Daredevils,81,4,83,13.5,Delhi Daredevils,bat,Sunrisers Hyderabad
598045,2013,2013-05-14,M Chinnaswamy Stadium,Bangalore,1,Royal Challengers Bangalore,Kings XI Punjab,174,5,120,20.0,Kings XI Punjab,field,Kings XI Punjab
598045,2013,2013-05-14,M Chinnaswamy Stadium,Bangalore,2,Kings XI Punjab,Royal Challengers Bangalore,176,3,109,18.1,Kings XI Punjab,field,Kings XI Punjab
598046,2013,2013-05-05,Wankhede Stadium,Mumbai,1,Mumbai Indians,Chennai Super Kings,139,5,120,20.0,Mumbai Indians,bat,Mumbai Indians
598046,2013,2013-05-05,Wankhede Stadium,Mumbai,2,Chennai Super Kings,Mumbai Indians,79,10,92,15.2,Mumbai Indians,bat,Mumbai Indians
598047,2013,2013-05-05,Sawai Mansingh Stadium,Jaipur,1,Pune Warriors,Rajasthan Royals,178,4,120,20.0,Pune Warriors,bat,Rajasthan Royals
598047,2013,2013-05-05,Sawai Mansingh Stadium,Jaipur,2,Rajasthan Royals,Pune Warriors,182,5,119,19.5,Pune Warriors,bat,Rajasthan Royals
598048,2013,2013-04-09,M Chinnaswamy Stadium,Bangalore,1,Sunrisers Hyderabad,Royal Challengers Bangalore,161,6,120,20.0,Sunrisers Hyderabad,bat,Royal Challengers Bangalore
598048,2013,2013-04-09,M Chinnaswamy Stadium,Bangalore,2,Royal Challengers Bangalore,Sunrisers Hyderabad,162,3,106,17.4,Sunrisers Hyderabad,bat,Royal Challengers Bangalore
598049,2013,2013-05-07,Sawai Mansingh Stadium,Jaipur,1,Delhi Daredevils,Rajasthan Royals,154,4,120,20.0,Delhi Daredevils,bat,Rajasthan Royals
598049,2013,2013-05-07,Sawai Mansingh Stadium,Jaipur,2,Rajasthan Royals,Delhi Daredevils,155,1,107,17.5,Delhi Daredevils,bat,Rajasthan Royals
598050,2013,2013-05-07,Wankhede Stadium,Mumbai,1,Mumbai Indians,Kolkata Knight Riders,170,6,120,20.0,Mumbai Indians,bat,Mumbai Indians
598050,2013,2013-05-07,Wankhede Stadium,Mumbai,2,Kolkata Knight Riders,Mumbai Indians,105,10,110,18.2,Mumbai Indians,bat,Mumbai Indians
598051,2013,2013-05-08,"Rajiv Gandhi International Stadium, Uppal",Hyderabad,1,Chennai Super Kings,Sunrisers Hyderabad,223,3,120,20.0,Sunrisers Hyderabad,field,Chennai Super Kings
598051,2013,2013-05-08,"Rajiv Gandhi International Stadium, Uppal",Hyderabad,2,Sunrisers Hyderabad,Chennai Super Kings,146,8,120,20.0,Sunrisers Hyderabad,field,Chennai Super Kings
598052,2013,2013-05-09,"Punjab Cricket Association Stadium, Mohali",Chandigarh,1,Kings XI Punjab,Rajasthan Royals,145,6,120,20.0,Rajasthan Royals,field,Rajasthan Royals
598052,2013,2013-05-09,"Punjab Cricket Association Stadium, Mohali",Chandigarh,2,Rajasthan Royals,Kings XI Punjab,147,2,114,19.0,Rajasthan Royals,field,Rajasthan Royals
598053,2013,2013-05-09,Subrata Roy Sahara Stadium,Pune,1,Kolkata Knight Riders,Pune Warriors,152,6,120,20.0,Kolkata Knight Riders,bat,Kolkata Knight Riders
598053,2013,2013-05-09,Subrata Roy Sahara Stadium,Pune,2,Pune Warriors,Kolkata Knight Riders,106,10,117,19.3,Kolkata Knight Riders,bat,Kolkata Knight Riders
598054,2013,2013-05-10,Feroz Shah Kotla,Delhi,1,Royal Challengers Bangalore,Delhi Daredevils,183,4,120,20.0,Delhi Daredevils,field,Royal Challengers Bangalore
598054,2013,2013-05-10,Feroz Shah Kotla,Delhi,2,Delhi Daredevils,Royal Challengers Bangalore,179,7,120,20.0,Delhi Daredevils,field,Royal Challengers Bangalore
598055,2013,2013-05-11,Subrata Roy Sahara Stadium,Pune,1,Pune Warriors,Mumbai Indians,112,8,120,20.0,Pune Warriors,bat,Mumbai Indians
598055,2013,2013-05-11,Subrata Roy Sahara Stadium,Pune,2,Mumbai Indians,Pune Warriors,116,5,113,18.5,Pune Warriors,bat,Mumbai Indians
598056,2013,2013-05-11,"Punjab Cricket Association Stadium, Mohali",Chandigarh,1,Sunrisers Hyderabad,Kings XI Punjab,150,7,120,20.0,Kings XI Punjab,field,Sunrisers Hyderabad
598056,2013,2013-05-11,"Punjab Cricket Association Stadium, Mohali",Chandigarh,2,Kings XI Punjab,Sunrisers Hyderabad,120,9,120,20.0,Kings XI Punjab,field,Sunrisers Hyderabad
598057,2013,2013-05-12,JSCA International Stadium Complex,Ranchi,1,Royal Challengers Bangalore,Kolkata Knight Riders,115,9,120,20.0,Kolkata Knight Riders,field,Kolkata Knight Riders
598057,2013,2013-05-12,JSCA International Stadium Complex,Ranchi,2,Kolkata Knight Riders,Royal Challengers Bangalore,116,5,116,19.2,Kolkata Knight Riders,field,Kolkata Knight Riders
598058,2013,2013-05-12,Sawai Mansingh Stadium,Jaipur,1,Chennai Super Kings,Rajasthan Royals,141,4,120,20.0,Rajasthan Royals,field,Rajasthan Royals
598058,2013,2013-05-12,Sawai Mansingh Stadium,Jaipur,2,Rajasthan Royals,Chennai Super Kings,144,5,103,17.1,Rajasthan Royals,field,Rajasthan Royals
598059,2013,2013-04-23,Feroz Shah Kotla,Delhi,1,Delhi Daredevils,Kings XI Punjab,120,7,120,20.0,Kings XI Punjab,field,Kings XI Punjab
598059,2013,2013-04-23,Feroz Shah Kotla,Delhi,2,Kings XI Punjab,Delhi Daredevils,121,5,102,17.0,Kings XI Punjab,field,Kings XI Punjab
598060,2013,2013-05-13,Wankhede Stadium,Mumbai,1,Sunrisers Hyderabad,Mumbai Indians,178,3,120,20.0,Sunrisers Hyderabad,bat,Mumbai Indians
598060,2013,2013-05-13,Wankhede Stadium,Mumbai,2,Mumbai Indians,Sunrisers Hyderabad,184,3,117,19.3,Sunrisers Hyderabad,bat,Mumbai Indians
598061,2013,2013-05-15,JSCA International Stadium Complex,Ranchi,1,Pune Warriors,Kolkata Knight Riders,170,4,120,20.0,Kolkata Knight Riders,field,Pune Warriors
598061,2013,2013-05-15,JSCA International Stadium Complex,Ranchi,2,Kolkata Knight Riders,Pune Warriors,163,7,120,20.0,Kolkata Knight Riders,field,Pune Warriors
598062,2013,2013-05-14,"MA Chidambaram Stadium, Chepauk",Chennai,1,Chennai Super Kings,Delhi Daredevils,168,4,120,20.0,Chennai Super Kings,bat,Chennai Super Kings
598062,2013,2013-05-14,"MA Chidambaram Stadium, Chepauk",Chennai,2,Delhi Daredevils,Chennai Super Kings,135,9,120,20.0,Chennai Super Kings,bat,Chennai Super Kings
598063,2013,2013-05-15,Wankhede Stadium,Mumbai,1,Mumbai Indians,Rajasthan Royals,166,8,120,20.0,Rajasthan Royals,field,Mumbai Indians
598063,2013,2013-05-15,Wankhede Stadium,Mumbai,2,Rajasthan Royals,Mumbai Indians,152,7,120,20.0,Rajasthan Royals,field,Mumbai Indians
598064,2013,2013-05-06,"Punjab Cricket Association Stadium, Mohali",Chandigarh,1,Royal Challengers Bangalore,Kings XI Punjab,190,3,120,20.0,Kings XI Punjab,field,Kings XI Punjab
598064,2013,2013-05-06,"Punjab Cricket Association Stadium, Mohali",Chandigarh,2,Kings XI Punjab,Royal Challengers Bangalore,194,4,108,18.0,Kings XI Punjab,field,Kings XI Punjab
598065,2013,2013-05-17,"Rajiv Gandhi International Stadium, Uppal",Hyderabad,1,Sunrisers Hyderabad,Rajasthan Royals,136,9,120,20.0,Sunrisers Hyderabad,bat,Sunrisers Hyderabad
598065,2013,2013-05-17,"Rajiv Gandhi International Stadium, Uppal",Hyderabad,2,Rajasthan Royals,Sunrisers Hyderabad,113,9,120,20.0,Sunrisers Hyderabad,bat,Sunrisers Hyderabad
598066,2013,2013-05-18,Himachal Pradesh Cricket Association Stadium,Dharamsala,1,Kings XI Punjab,Mumbai Indians,183,8,120,20.0,Mumbai Indians,field,Kings XI Punjab
598066,2013,2013-05-18,Himachal Pradesh Cricket Association Stadium,Dharamsala,2,Mumbai Indians,Kings XI Punjab,133,9,115,19.1,Mumbai Indians,field,Kings XI Punjab
598067,2013,2013-05-19,Subrata Roy Sahara Stadium,Pune,1,Pune Warriors,Delhi Daredevils,172,5,120,20.0,Pune Warriors,bat,Pune Warriors
598067,2013,2013-05-19,Subrata Roy Sahara Stadium,Pune,2,Delhi Daredevils,Pune Warriors,134,9,120,20.0,Pune Warriors,bat,Pune Warriors
598068,2013,2013-05-18,M Chinnaswamy Stadium,Bangalore,1,Royal Challengers Bangalore,Chennai Super Kings,106,2,48,8.0,Chennai Super Kings,field,Royal Challengers Bangalore
598068,2013,2013-05-18,M Chinnaswamy Stadium,Bangalore,2,Chennai Super Kings,Royal Challengers Bangalore,82,6,48,8.0,Chennai Super Kings,field,Royal Challengers Bangalore
598069,2013,2013-05-19,"Rajiv Gandhi International Stadium, Uppal",Hyderabad,1,Kolkata Knight Riders,Sunrisers Hyderabad,130,7,120,20.0,Kolkata Knight Riders,bat,Sunrisers Hyderabad
598069,2013,2013-05-19,"Rajiv Gandhi International Stadium, Uppal",Hyderabad,2,Sunrisers Hyderabad,Kolkata Knight Riders,132,5,113,18.5,Kolkata Knight Riders,bat,Sunrisers Hyderabad
598070,2013,2013-05-21,Feroz Shah Kotla,Delhi,1,Chennai Super Kings,Mumbai Indians,192,1,120,20.0,Chennai Super Kings,bat,Chennai Super Kings
598070,2013,2013-05-21,Feroz Shah Kotla,Delhi,2,Mumbai Indians,Chennai Super Kings,144,10,112,18.4,Chennai Super Kings,bat,Chennai Super Kings
598071,2013,2013-05-22,Feroz Shah Kotla,Delhi,1,Sunrisers Hyderabad,Rajasthan Royals,132,7,120,20.0,Sunrisers Hyderabad,bat,Rajasthan Royals
598071,2013,2013-05-22,Feroz Shah Kotla,Delhi,2,Rajasthan Royals,Sunrisers Hyderabad,135,6,116,19.2,Sunrisers Hyderabad,bat,Rajasthan Royals
598072,2013,2013-05-24,Eden Gardens,Kolkata,1,Rajasthan Royals,Mumbai Indians,165,6,120,20.0,Rajasthan Royals,bat,Mumbai Indians
598072,2013,2013-05-24,Eden Gardens,Kolkata,2,Mumbai Indians,Rajasthan Royals,169,6,119,19.5,Rajasthan Royals,bat,Mumbai Indians
598073,2013,2013-05-26,Eden Gardens,Kolkata,1,Mumbai Indians,Chennai Super Kings,148,9,120,20.0,Mumbai Indians,bat,Mumbai Indians
598073,2013,2013-05-26,Eden Gardens,Kolkata,2,Chennai Super Kings,Mumbai Indians,125,9,120,20.0,Mumbai Indians,bat,Mumbai Indians
729279,2014,2014-04-16,Sheikh Zayed Stadium,Abu Dhabi,1,Kolkata Knight Riders,Mumbai Indians,163,5,120,20.0,Kolkata Knight Riders,bat,Kolkata Knight Riders
729279,2014,2014-04-16,Sheikh Zayed Stadium,Abu Dhabi,2,Mumbai Indians,Kolkata Knight Riders,122,7,120,20.0,Kolkata Knight Riders,bat,Kolkata Knight Riders
729281,2014,2014-04-17,Sharjah Cricket Stadium,,1,Delhi Daredevils,Royal Challengers Bangalore,145,4,120,20.0,Royal Challengers Bangalore,field,Royal Challengers Bangalore
729281,2014,2014-04-17,Sharjah Cricket Stadium,,2,Royal Challengers Bangalore,Delhi Daredevils,146,2,100,16.4,Royal Challengers Bangalore,field,Royal Challengers Bangalore
729283,2014,2014-04-18,Sheikh Zayed Stadium,Abu Dhabi,1,Chennai Super Kings,Kings XI Punjab,205,4,120,20.0,Chennai Super Kings,bat,Kings XI Punjab
729283,2014,2014-04-18,Sheikh Zayed Stadium,Abu Dhabi,2,Kings XI Punjab,Chennai Super Kings,206,4,113,18.5,Chennai Super Kings,bat,Kings XI Punjab
729285,2014,2014-04-18,Sheikh Zayed Stadium,Abu Dhabi,1,Sunrisers Hyderabad,Rajasthan Royals,133,6,120,20.0,Rajasthan Royals,field,Rajasthan Royals
729285,2014,2014-04-18,Sheikh Zayed Stadium,Abu Dhabi,2,Rajasthan Royals,Sunrisers Hyderabad,135,6,117,19.3,Rajasthan Royals,field,Rajasthan Royals
729287,2014,2014-04-19,Dubai International Cricket Stadium,,1,Mumbai Indians,Royal Challengers Bangalore,115,9,120,20.0,Royal Challengers Bangalore,field,Royal Challengers Bangalore
729287,2014,2014-04-19,Dubai International Cricket Stadium,,2,Royal Challengers Bangalore,Mumbai Indians,116,3,105,17.3,Royal Challengers Bangalore,field,Royal Challengers Bangalore
729289,2014,2014-04-19,Dubai International Cricket Stadium,,1,Kolkata Knight Riders,Delhi Daredevils,166,5,120,20.0,Kolkata Knight Riders,bat,Delhi Daredevils
729289,2014,2014-04-19,Dubai International Cricket Stadium,,2,Delhi Daredevils,Kolkata Knight Riders,167,6,117,19.3,Kolkata Knight Riders,bat,Delhi Daredevils
729291,2014,2014-04-20,Sharjah Cricket Stadium,,1,Rajasthan Royals,Kings XI Punjab,191,5,120,20.0,Kings XI Punjab,field,Kings XI Punjab
729291,2014,2014-04-20,Sharjah Cricket Stadium,,2,Kings XI Punjab,Rajasthan Royals,193,3,112,18.4,Kings XI Punjab,field,Kings XI Punjab
729293,2014,2014-04-21,Sheikh Zayed Stadium,Abu Dhabi,1,Chennai Super Kings,Delhi Daredevils,177,7,120,20.0,Chennai Super Kings,bat,Chennai Super Kings
729293,2014,2014-04-21,Sheikh Zayed Stadium,Abu Dhabi,2,Delhi Daredevils,Chennai Super Kings,84,9,94,15.4,Chennai Super Kings,bat,Chennai Super Kings
729295,2014,2014-04-22,Sharjah Cricket Stadium,,1,Kings XI Punjab,Sunrisers Hyderabad,193,6,120,20.0,Sunrisers Hyderabad,field,Kings XI Punjab
729295,2014,2014-04-22,Sharjah Cricket Stadium,,2,Sunrisers Hyderabad,Kings XI Punjab,121,10,116,19.2,Sunrisers Hyderabad,field,Kings XI Punjab
729297,2014,2014-04-23,Dubai International Cricket Stadium,,1,Chennai Super Kings,Rajasthan Royals,140,6,120,20.0,Rajasthan Royals,field,Chennai Super Kings
729297,2014,2014-04-23,Dubai International Cricket Stadium,,2,Rajasthan Royals,Chennai Super Kings,133,10,119,19.5,Rajasthan Royals,field,Chennai Super Kings
729299,2014,2014-04-24,Sharjah Cricket Stadium,,1,Kolkata Knight Riders,Royal Challengers Bangalore,150,7,120,20.0,Royal Challengers Bangalore,field,Kolkata Knight Riders
729299,2014,2014-04-24,Sharjah Cricket Stadium,,2,Royal Challengers Bangalore,Kolkata Knight Riders,148,5,120,20.0,Royal Challengers Bangalore,field,Kolkata Knight Riders
729301,2014,2014-04-25,Dubai International Cricket Stadium,,1,Sunrisers Hyderabad,Delhi Daredevils,184,1,120,20.0,Sunrisers Hyderabad,bat,Sunrisers Hyderabad
729301,2014,2014-04-25,Dubai International Cricket Stadium,,2,Delhi Daredevils,Sunrisers Hyderabad,180,4,120,20.0,Sunrisers Hyderabad,bat,Sunrisers Hyderabad
729303,2014,2014-04-25,Dubai International Cricket Stadium,,1,Mumbai Indians,Chennai Super Kings,141,7,120,20.0,Mumbai Indians,bat,Chennai Super Kings
729303,2014,2014-04-25,Dubai International Cricket Stadium,,2,Chennai Super Kings,Mumbai Indians,142,3,114,19.0,Mumbai Indians,bat,Chennai Super Kings
729305,2014,2014-04-26,Sheikh Zayed Stadium,Abu Dhabi,1,Royal Challengers Bangalore,Rajasthan Royals,70,10,90,15.0,Rajasthan Royals,field,Rajasthan Royals
729305,2014,2014-04-26,Sheikh Zayed Stadium,Abu Dhabi,2,Rajasthan Royals,Royal Challengers Bangalore,71,4,78,13.0,Rajasthan Royals,field,Rajasthan Royals
729307,2014,2014-04-26,Sheikh Zayed Stadium,Abu Dhabi,1,Kings XI Punjab,Kolkata Knight Riders,132,9,120,20.0,Kolkata Knight Riders,field,Kings XI Punjab
729307,2014,2014-04-26,Sheikh Zayed Stadium,Abu Dhabi,2,Kolkata Knight Riders,Kings XI Punjab,109,10,110,18.2,Kolkata Knight Riders,field,Kings XI Punjab
729309,2014,2014-04-27,Sharjah Cricket Stadium,,1,Mumbai Indians,Delhi Daredevils,125,6,120,20.0,Mumbai Indians,bat,Delhi Daredevils
729309,2014,2014-04-27,Sharjah Cricket Stadium,,2,Delhi Daredevils,Mumbai Indians,126,4,113,18.5,Mumbai Indians,bat,Delhi Daredevils
729311,2014,2014-04-27,Sharjah Cricket Stadium,,1,Sunrisers Hyderabad,Chennai Super Kings,145,5,120,20.0,Sunrisers Hyderabad,bat,Chennai Super Kings
729311,2014,2014-04-27,Sharjah Cricket Stadium,,2,Chennai Super Kings,Sunrisers Hyderabad,146,5,117,19.3,Sunrisers Hyderabad,bat,Chennai Super Kings
729313,2014,2014-04-28,Dubai International Cricket Stadium,,1,Royal Challengers Bangalore,Kings XI Punjab,124,8,120,20.0,Kings XI Punjab,field,Kings XI Punjab
729313,2014,2014-04-28,Dubai International Cricket Stadium,,2,Kings XI Punjab,Royal Challengers Bangalore,127,5,113,18.5,Kings XI Punjab,field,Kings XI Punjab
729315,2014,2014-04-29,Sheikh Zayed Stadium,Abu Dhabi,1,Rajasthan Royals,Kolkata Knight Riders,152,5,120,20.0,Rajasthan Royals,bat,
729315,2014,2014-04-29,Sheikh Zayed Stadium,Abu Dhabi,2,Kolkata Knight Riders,Rajasthan Royals,152,8,120,20.0,Rajasthan Royals,bat,
729315,2014,2014-04-29,Sheikh Zayed Stadium,Abu Dhabi,3,Kolkata Knight Riders,Rajasthan Royals,11,2,6,1.0,Rajasthan Royals,bat,
729315,2014,2014-04-29,Sheikh Zayed Stadium,Abu Dhabi,4,Rajasthan Royals,Kolkata Knight Riders,11,0,6,1.0,Rajasthan Royals,bat,
729317,2014,2014-04-30,Dubai International Cricket Stadium,,1,Sunrisers Hyderabad,Mumbai Indians,172,5,120,20.0,Mumbai Indians,field,Sunrisers Hyderabad
729317,2014,2014-04-30,Dubai International Cricket Stadium,,2,Mumbai Indians,Sunrisers Hyderabad,157,7,120,20.0,Mumbai Indians,field,Sunrisers Hyderabad
733971,2014,2014-05-02,JSCA International Stadium Complex,Ranchi,1,Chennai Super Kings,Kolkata Knight Riders,148,3,102,17.0,Chennai Super Kings,bat,Chennai Super Kings
733971,2014,2014-05-02,JSCA International Stadium Complex,Ranchi,2,Kolkata Knight Riders,Chennai Super Kings,114,9,102,17.0,Chennai Super Kings,bat,Chennai Super Kings
733973,2014,2014-05-03,Wankhede Stadium,Mumbai,1,Kings XI Punjab,Mumbai Indians,168,5,120,20.0,Kings XI Punjab,bat,Mumbai Indians
733973,2014,2014-05-03,Wankhede Stadium,Mumbai,2,Mumbai Indians,Kings XI Punjab,170,5,115,19.1,Kings XI Punjab,bat,Mumbai Indians
733975,2014,2014-05-03,Feroz Shah Kotla,Delhi,1,Delhi Daredevils,Rajasthan Royals,152,5,120,20.0,Rajasthan Royals,field,Rajasthan Royals
733975,2014,2014-05-03,Feroz Shah Kotla,Delhi,2,Rajasthan Royals,Delhi Daredevils,156,3,111,18.3,Rajasthan Royals,field,Rajasthan Royals
733977,2014,2014-05-04,M Chinnaswamy Stadium,Bangalore,1,Sunrisers Hyderabad,Royal Challengers Bangalore,155,6,120,20.0,Royal Challengers Bangalore,field,Royal Challengers Bangalore
733977,2014,2014-05-04,M Chinnaswamy Stadium,Bangalore,2,Royal Challengers Bangalore,Sunrisers Hyderabad,158,6,119,19.5,Royal Challengers Bangalore,field,Royal Challengers Bangalore
733979,2014,2014-05-05,"Sardar Patel Stadium, Motera",Ahmedabad,1,Rajasthan Royals,Kolkata Knight Riders,170,6,120,20.0,Kolkata Knight Riders,field,Rajasthan Royals
733979,2014,2014-05-05,"Sardar Patel Stadium, Motera",Ahmedabad,2,Kolkata Knight Riders,Rajasthan Royals,160,6,120,20.0,Kolkata Knight Riders,field,Rajasthan Royals
733981,2014,2014-05-05,Feroz Shah Kotla,Delhi,1,Delhi Daredevils,Chennai Super Kings,178,5,120,20.0,Chennai Super Kings,field,Chennai Super Kings
733981,2014,2014-05-05,Feroz Shah Kotla,Delhi,2,Chennai Super Kings,Delhi Daredevils,181,2,118,19.4,Chennai Super Kings,field,Chennai Super Kings
733983,2014,2014-05-06,Wankhede Stadium,Mumbai,1,Mumbai Indians,Royal Challengers Bangalore,187,5,120,20.0,Royal Challengers Bangalore,field,Mumbai Indians
733983,2014,2014-05-06,Wankhede Stadium,Mumbai,2,Royal Challengers Bangalore,Mumbai Indians,168,8,120,20.0,Royal Challengers Bangalore,field,Mumbai Indians
733985,2014,2014-05-07,Feroz Shah Kotla,Delhi,1,Delhi Daredevils,Kolkata Knight Riders,160,5,120,20.0,Delhi Daredevils,bat,Kolkata Knight Riders
733985,2014,2014-05-07,Feroz Shah Kotla,Delhi,2,Kolkata Knight Riders,Delhi Daredevils,161,2,110,18.2,Delhi Daredevils,bat,Kolkata Knight Riders
733987,2014,2014-05-07,Barabati Stadium,Cuttack,1,Kings XI Punjab,Chennai Super Kings,231,4,120,20.0,Chennai Super Kings,field,Kings XI Punjab
733987,2014,2014-05-07,Barabati Stadium,Cuttack,2,Chennai Super Kings,Kings XI Punjab,187,6,120,20.0,Chennai Super Kings,field,Kings XI Punjab
733989,2014,2014-05-08,"Sardar Patel Stadium, Motera",Ahmedabad,1,Sunrisers Hyderabad,Rajasthan Royals,134,9,120,20.0,Rajasthan Royals,field,Sunrisers Hyderabad
733989,2014,2014-05-08,"Sardar Patel Stadium, Motera",Ahmedabad,2,Rajasthan Royals,Sunrisers Hyderabad,102,10,119,19.5,Rajasthan Royals,field,Sunrisers Hyderabad
733991,2014,2014-05-09,M Chinnaswamy Stadium,Bangalore,1,Kings XI Punjab,Royal Challengers Bangalore,198,8,120,20.0,Royal Challengers Bangalore,field,Kings XI Punjab
733991,2014,2014-05-09,M Chinnaswamy Stadium,Bangalore,2,Royal Challengers Bangalore,Kings XI Punjab,166,9,120,20.0,Royal Challengers Bangalore,field,Kings XI Punjab
733993,2014,2014-05-10,Feroz Shah Kotla,Delhi,1,Delhi Daredevils,Sunrisers Hyderabad,143,7,120,20.0,Sunrisers Hyderabad,field,Sunrisers Hyderabad
733993,2014,2014-05-10,Feroz Shah Kotla,Delhi,2,Sunrisers Hyderabad,Delhi Daredevils,44,2,26,4.2,Sunrisers Hyderabad,field,Sunrisers Hyderabad
733995,2014,2014-05-10,Wankhede Stadium,Mumbai,1,Mumbai Indians,Chennai Super Kings,157,6,120,20.0,Chennai Super Kings,field,Chennai Super Kings
733995,2014,2014-05-10,Wankhede Stadium,Mumbai,2,Chennai Super Kings,Mumbai Indians,160,6,117,19.3,Chennai Super Kings,field,Chennai Super Kings
733997,2014,2014-05-11,Barabati Stadium,Cuttack,1,Kings XI Punjab,Kolkata Knight Riders,149,8,120,20.0,Kolkata Knight Riders,field,Kolkata Knight Riders
733997,2014,2014-05-11,Barabati Stadium,Cuttack,2,Kolkata Knight Riders,Kings XI Punjab,150,1,108,18.0,Kolkata Knight Riders,field,Kolkata Knight Riders
733999,2014,2014-05-11,M Chinnaswamy Stadium,Bangalore,1,Royal Challengers Bangalore,Rajasthan Royals,190,5,120,20.0,Royal Challengers Bangalore,bat,Rajasthan Royals
733999,2014,2014-05-11,M Chinnaswamy Stadium,Bangalore,2,Rajasthan Royals,Royal Challengers Bangalore,191,5,113,18.5,Royal Challengers Bangalore,bat,Rajasthan Royals
734001,2014,2014-05-12,"Rajiv Gandhi International Stadium, Uppal",Hyderabad,1,Sunrisers Hyderabad,Mumbai Indians,157,3,120,20.0,Sunrisers Hyderabad,bat,Mumbai Indians
734001,2014,2014-05-12,"Rajiv Gandhi International Stadium, Uppal",Hyderabad,2,Mumbai Indians,Sunrisers Hyderabad,160,3,112,18.4,Sunrisers Hyderabad,bat,Mumbai Indians
734003,2014,2014-05-13,JSCA International Stadium Complex,Ranchi,1,Rajasthan Royals,Chennai Super Kings,148,8,120,20.0,Rajasthan Royals,bat,Chennai Super Kings
734003,2014,2014-05-13,JSCA International Stadium Complex,Ranchi,2,Chennai Super Kings,Rajasthan Royals,149,5,118,19.4,Rajasthan Royals,bat,Chennai Super Kings
734005,2014,2014-05-13,M Chinnaswamy Stadium,Bangalore,1,Royal Challengers Bangalore,Delhi Daredevils,186,4,120,20.0,Delhi Daredevils,field,Royal Challengers Bangalore
734005,2014,2014-05-13,M Chinnaswamy Stadium,Bangalore,2,Delhi Daredevils,Royal Challengers Bangalore,170,7,120,20.0,Delhi Daredevils,field,Royal Challengers Bangalore
734007,2014,2014-05-14,"Rajiv Gandhi International Stadium, Uppal",Hyderabad,1,Sunrisers Hyderabad,Kings XI Punjab,205,5,120,20.0,Kings XI Punjab,field,Kings XI Punjab
734007,2014,2014-05-14,"Rajiv Gandhi International Stadium, Uppal",Hyderabad,2,Kings XI Punjab,Sunrisers Hyderabad,211,4,112,18.4,Kings XI Punjab,field,Kings XI Punjab
734009,2014,2014-05-14,Barabati Stadium,Cuttack,1,Mumbai Indians,Kolkata Knight Riders,141,5,120,20.0,Kolkata Knight Riders,field,Kolkata Knight Riders
734009,2014,2014-05-14,Barabati Stadium,Cuttack,2,Kolkata Knight Riders,Mumbai Indians,142,4,112,18.4,Kolkata Knight Riders,field,Kolkata Knight Riders
734011,2014,2014-05-15,"Sardar Patel Stadium, Motera",Ahmedabad,1,Rajasthan Royals,Delhi Daredevils,201,6,120,20.0,Delhi Daredevils,field,Rajasthan Royals
734011,2014,2014-05-15,"Sardar Patel Stadium, Motera",Ahmedabad,2,Delhi Daredevils,Rajasthan Royals,139,9,120,20.0,Delhi Daredevils,field,Rajasthan Royals
734013,2014,2014-05-18,JSCA International Stadium Complex,Ranchi,1,Chennai Super Kings,Royal Challengers Bangalore,138,4,120,20.0,Chennai Super Kings,bat,Royal Challengers Bangalore
734013,2014,2014-05-18,JSCA International Stadium Complex,Ranchi,2,Royal Challengers Bangalore,Chennai Super Kings,142,5,119,19.5,Chennai Super Kings,bat,Royal Challengers Bangalore
734015,2014,2014-05-18,"Rajiv Gandhi International Stadium, Uppal",Hyderabad,1,Sunrisers Hyderabad,Kolkata Knight Riders,142,8,120,20.0,Sunrisers Hyderabad,bat,Kolkata Knight Riders
734015,2014,2014-05-18,"Rajiv Gandhi International Stadium, Uppal",Hyderabad,2,Kolkata Knight Riders,Sunrisers Hyderabad,146,3,118,19.4,Sunrisers Hyderabad,bat,Kolkata Knight Riders
734017,2014,2014-05-19,"Sardar Patel Stadium, Motera",Ahmedabad,1,Mumbai Indians,Rajasthan Royals,178,3,120,20.0,Mumbai Indians,bat,Mumbai Indians
734017,2014,2014-05-19,"Sardar Patel Stadium, Motera",Ahmedabad,2,Rajasthan Royals,Mumbai Indians,153,8,120,20.0,Mumbai Indians,bat,Mumbai Indians
734019,2014,2014-05-19,Feroz Shah Kotla,Delhi,1,Delhi Daredevils,Kings XI Punjab,164,7,120,20.0,Kings XI Punjab,field,Kings XI Punjab
734019,2014,2014-05-19,Feroz Shah Kotla,Delhi,2,Kings XI Punjab,Delhi Daredevils,165,6,118,19.4,Kings XI Punjab,field,Kings XI Punjab
734021,2014,2014-05-20,"Rajiv Gandhi International Stadium, Uppal",Hyderabad,1,Royal Challengers Bangalore,Sunrisers Hyderabad,160,6,120,20.0,Royal Challengers Bangalore,bat,Sunrisers Hyderabad
734021,2014,2014-05-20,"Rajiv Gandhi International Stadium, Uppal",Hyderabad,2,Sunrisers Hyderabad,Royal Challengers Bangalore,161,3,118,19.4,Royal Challengers Bangalore,bat,Sunrisers Hyderabad
734023,2014,2014-05-20,Eden Gardens,Kolkata,1,Chennai Super Kings,Kolkata Knight Riders,154,4,120,20.0,Kolkata Knight Riders,field,Kolkata Knight Riders
734023,2014,2014-05-20,Eden Gardens,Kolkata,2,Kolkata Knight Riders,Chennai Super Kings,156,2,108,18.0,Kolkata Knight Riders,field,Kolkata Knight Riders
734025,2014,2014-05-21,"Punjab Cricket Association Stadium, Mohali",Chandigarh,1,Kings XI Punjab,Mumbai Indians,156,8,120,20.0,Mumbai Indians,field,Mumbai Indians
734025,2014,2014-05-21,"Punjab Cricket Association Stadium, Mohali",Chandigarh,2,Mumbai Indians,Kings XI Punjab,159,3,114,19.0,Mumbai Indians,field,Mumbai Indians
734027,2014,2014-05-22,Eden Gardens,Kolkata,1,Kolkata Knight Riders,Royal Challengers Bangalore,195,4,120,20.0,Royal Challengers Bangalore,field,Kolkata Knight Riders
734027,2014,2014-05-22,Eden Gardens,Kolkata,2,Royal Challengers Bangalore,Kolkata Knight Riders,165,5,120,20.0,Royal Challengers Bangalore,field,Kolkata Knight Riders
734029,2014,2014-05-22,JSCA International Stadium Complex,Ranchi,1,Chennai Super Kings,Sunrisers Hyderabad,185,3,120,20.0,Sunrisers Hyderabad,field,Sunrisers Hyderabad
734029,2014,2014-05-22,JSCA International Stadium Complex,Ranchi,2,Sunrisers Hyderabad,Chennai Super Kings,189,4,118,19.4,Sunrisers Hyderabad,field,Sunrisers Hyderabad
734031,2014,2014-05-23,Wankhede Stadium,Mumbai,1,Mumbai Indians,Delhi Daredevils,173,10,117,19.3,Delhi Daredevils,field,Mumbai Indians
734031,2014,2014-05-23,Wankhede Stadium,Mumbai,2,Delhi Daredevils,Mumbai Indians,158,4,120,20.0,Delhi Daredevils,field,Mumbai Indians
734033,2014,2014-05-23,"Punjab Cricket Association Stadium, Mohali",Chandigarh,1,Kings XI Punjab,Rajasthan Royals,179,4,120,20.0,Rajasthan Royals,field,Kings XI Punjab
734033,2014,2014-05-23,"Punjab Cricket Association Stadium, Mohali",Chandigarh,2,Rajasthan Royals,Kings XI Punjab,163,8,120,20.0,Rajasthan Royals,field,Kings XI Punjab
734035,2014,2014-05-24,M Chinnaswamy Stadium,Bangalore,1,Royal Challengers Bangalore,Chennai Super Kings,154,6,120,20.0,Chennai Super Kings,field,Chennai Super Kings
734035,2014,2014-05-24,M Chinnaswamy Stadium,Bangalore,2,Chennai Super Kings,Royal Challengers Bangalore,160,2,106,17.4,Chennai Super Kings,field,Chennai Super Kings
734037,2014,2014-05-24,Eden Gardens,Kolkata,1,Sunrisers Hyderabad,Kolkata Knight Riders,160,7,120,20.0,Kolkata Knight Riders,field,Kolkata Knight Riders
734037,2014,2014-05-24,Eden Gardens,Kolkata,2,Kolkata Knight Riders,Sunrisers Hyderabad,161,6,86,14.2,Kolkata Knight Riders,field,Kolkata Knight Riders
734039,2014,2014-05-25,"Punjab Cricket Association Stadium, Mohali",Chandigarh,1,Delhi Daredevils,Kings XI Punjab,115,10,109,18.1,Kings XI Punjab,field,Kings XI Punjab
734039,2014,2014-05-25,"Punjab Cricket Association Stadium, Mohali",Chandigarh,2,Kings XI Punjab,Delhi Daredevils,119,3,83,13.5,Kings XI Punjab,field,Kings XI Punjab
734041,2014,2014-05-25,Wankhede Stadium,Mumbai,1,Rajasthan Royals,Mumbai Indians,189,4,120,20.0,Mumbai Indians,field,Mumbai Indians
734041,2014,2014-05-25,Wankhede Stadium,Mumbai,2,Mumbai Indians,Rajasthan Royals,195,5,88,14.4,Mumbai Indians,field,Mumbai Indians
734043,2014,2014-05-27,Eden Gardens,Kolkata,1,Kolkata Knight Riders,Kings XI Punjab,163,8,120,20.0,Kings XI Punjab,field,Kolkata Knight Riders
734043,2014,2014-05-27,Eden Gardens,Kolkata,2,Kings XI Punjab,Kolkata Knight Riders,135,8,120,20.0,Kings XI Punjab,field,Kolkata Knight Riders
734045,2014,2014-05-28,Brabourne Stadium,Mumbai,1,Mumbai Indians,Chennai Super Kings,173,8,120,20.0,Chennai Super Kings,field,Chennai Super Kings
734045,2014,2014-05-28,Brabourne Stadium,Mumbai,2,Chennai Super Kings,Mumbai Indians,176,3,112,18.4,Chennai Super Kings,field,Chennai Super Kings
734047,2014,2014-05-30,Wankhede Stadium,Mumbai,1,Kings XI Punjab,Chennai Super Kings,226,6,120,20.0,Chennai Super Kings,field,Kings XI Punjab
734047,2014,2014-05-30,Wankhede Stadium,Mumbai,2,Chennai Super Kings,Kings XI Punjab,202,7,120,20.0,Chennai Super Kings,field,Kings XI Punjab
734049,2014,2014-06-01,M Chinnaswamy Stadium,Bangalore,1,Kings XI Punjab,Kolkata Knight Riders,199,4,120,20.0,Kolkata Knight Riders,field,Kolkata Knight Riders
734049,2014,2014-06-01,M Chinnaswamy Stadium,Bangalore,2,Kolkata Knight Riders,Kings XI Punjab,200,7,117,19.3,Kolkata Knight Riders,field,Kolkata Knight Riders
829705,2015,2015-04-08,Eden Gardens,Kolkata,1,Mumbai Indians,Kolkata Knight Riders,168,3,120,20.0,Kolkata Knight Riders,field,Kolkata Knight Riders
829705,2015,2015-04-08,Eden Gardens,Kolkata,2,Kolkata Knight Riders,Mumbai Indians,170,3,111,18.3,Kolkata Knight Riders,field,Kolkata Knight Riders
829707,2015,2015-04-09,"MA Chidambaram Stadium, Chepauk",Chennai,1,Chennai Super Kings,Delhi Daredevils,150,7,120,20.0,Delhi Daredevils,field,Chennai Super Kings
829707,2015,2015-04-09,"MA Chidambaram Stadium, Chepauk",Chennai,2,Delhi Daredevils,Chennai Super Kings,149,9,120,20.0,Delhi Daredevils,field,Chennai Super Kings
829709,2015,2015-04-10,Maharashtra Cricket Association Stadium,Pune,1,Rajasthan Royals,Kings XI Punjab,162,7,120,20.0,Kings XI Punjab,field,Rajasthan Royals
829709,2015,2015-04-10,Maharashtra Cricket Association Stadium,Pune,2,Kings XI Punjab,Rajasthan Royals,136,8,120,20.0,Kings XI Punjab,field,Rajasthan Royals
829711,2015,2015-04-11,"MA Chidambaram Stadium, Chepauk",Chennai,1,Chennai Super Kings,Sunrisers Hyderabad,209,4,120,20.0,Chennai Super Kings,bat,Chennai Super Kings
829711,2015,2015-04-11,"MA Chidambaram Stadium, Chepauk",Chennai,2,Sunrisers Hyderabad,Chennai Super Kings,164,6,120,20.0,Chennai Super Kings,bat,Chennai Super Kings
829713,2015,2015-04-11,Eden Gardens,Kolkata,1,Kolkata Knight Riders,Royal Challengers Bangalore,177,6,120,20.0,Royal Challengers Bangalore,field,Royal Challengers Bangalore
829713,2015,2015-04-11,Eden Gardens,Kolkata,2,Royal Challengers Bangalore,Kolkata Knight Riders,179,7,114,19.0,Royal Challengers Bangalore,field,Royal Challengers Bangalore
829715,2015,2015-04-12,Feroz Shah Kotla,Delhi,1,Delhi Daredevils,Rajasthan Royals,184,3,120,20.0,Rajasthan Royals,field,Rajasthan Royals
829715,2015,2015-04-12,Feroz Shah Kotla,Delhi,2,Rajasthan Royals,Delhi Daredevils,186,7,120,20.0,Rajasthan Royals,field,Rajasthan Royals
829717,2015,2015-04-12,Wankhede Stadium,Mumbai,1,Kings XI Punjab,Mumbai Indians,177,5,120,20.0,Mumbai Indians,field,Kings XI Punjab
829717,2015,2015-04-12,Wankhede Stadium,Mumbai,2,Mumbai Indians,Kings XI Punjab,159,7,120,20.0,Mumbai Indians,field,Kings XI Punjab
829719,2015,2015-04-13,M Chinnaswamy Stadium,Bangalore,1,Royal Challengers Bangalore,Sunrisers Hyderabad,166,10,119,19.5,Sunrisers Hyderabad,field,Sunrisers Hyderabad
829719,2015,2015-04-13,M Chinnaswamy Stadium,Bangalore,2,Sunrisers Hyderabad,Royal Challengers Bangalore,172,2,104,17.2,Sunrisers Hyderabad,field,Sunrisers Hyderabad
829721,2015,2015-04-14,"Sardar Patel Stadium, Motera",Ahmedabad,1,Mumbai Indians,Rajasthan Royals,164,5,120,20.0,Mumbai Indians,bat,Rajasthan Royals
829721,2015,2015-04-14,"Sardar Patel Stadium, Motera",Ahmedabad,2,Rajasthan Royals,Mumbai Indians,165,3,115,19.1,Mumbai Indians,bat,Rajasthan Royals
829723,2015,2015-04-30,Eden Gardens,Kolkata,1,Chennai Super Kings,Kolkata Knight Riders,165,9,120,20.0,Kolkata Knight Riders,field,Kolkata Knight Riders
829723,2015,2015-04-30,Eden Gardens,Kolkata,2,Kolkata Knight Riders,Chennai Super Kings,169,3,119,19.5,Kolkata Knight Riders,field,Kolkata Knight Riders
829725,2015,2015-04-15,Maharashtra Cricket Association Stadium,Pune,1,Kings XI Punjab,Delhi Daredevils,165,7,120,20.0,Kings XI Punjab,bat,Delhi Daredevils
829725,2015,2015-04-15,Maharashtra Cricket Association Stadium,Pune,2,Delhi Daredevils,Kings XI Punjab,169,5,119,19.5,Kings XI Punjab,bat,Delhi Daredevils
829727,2015,2015-04-16,Dr. Y.S. Rajasekhara Reddy ACA-VDCA Cricket Stadium,Visakhapatnam,1,Sunrisers Hyderabad,Rajasthan Royals,127,5,120,20.0,Rajasthan Royals,field,Rajasthan Royals
829727,2015,2015-04-16,Dr. Y.S. Rajasekhara Reddy ACA-VDCA Cricket Stadium,Visakhapatnam,2,Rajasthan Royals,Sunrisers Hyderabad,131,4,120,20.0,Rajasthan Royals,field,Rajasthan Royals
829729,2015,2015-04-17,Wankhede Stadium,Mumbai,1,Mumbai Indians,Chennai Super Kings,183,7,120,20.0,Mumbai Indians,bat,Chennai Super Kings
829729,2015,2015-04-17,Wankhede Stadium,Mumbai,2,Chennai Super Kings,Mumbai Indians,189,4,100,16.4,Mumbai Indians,bat,Chennai Super Kings
829731,2015,2015-04-18,Dr. Y.S. Rajasekhara Reddy ACA-VDCA Cricket Stadium,Visakhapatnam,1,Delhi Daredevils,Sunrisers Hyderabad,167,4,120,20.0,Delhi Daredevils,bat,Delhi Daredevils
829731,2015,2015-04-18,Dr. Y.S. Rajasekhara Reddy ACA-VDCA Cricket Stadium,Visakhapatnam,2,Sunrisers Hyderabad,Delhi Daredevils,163,8,120,20.0,Delhi Daredevils,bat,Delhi Daredevils
829733,2015,2015-04-18,Maharashtra Cricket Association Stadium,Pune,1,Kings XI Punjab,Kolkata Knight Riders,155,9,120,20.0,Kolkata Knight Riders,field,Kolkata Knight Riders
829733,2015,2015-04-18,Maharashtra Cricket Association Stadium,Pune,2,Kolkata Knight Riders,Kings XI Punjab,159,6,107,17.5,Kolkata Knight Riders,field,Kolkata Knight Riders
829735,2015,2015-04-19,"Sardar Patel Stadium, Motera",Ahmedabad,1,Chennai Super Kings,Rajasthan Royals,156,4,120,20.0,Chennai Super Kings,bat,Rajasthan Royals
829735,2015,2015-04-19,"Sardar Patel Stadium, Motera",Ahmedabad,2,Rajasthan Royals,Chennai Super Kings,157,2,110,18.2,Chennai Super Kings,bat,Rajasthan Royals
829737,2015,2015-04-19,M Chinnaswamy Stadium,Bangalore,1,Mumbai Indians,Royal Challengers Bangalore,209,7,120,20.0,Royal Challengers Bangalore,field,Mumbai Indians
829737,2015,2015-04-19,M Chinnaswamy Stadium,Bangalore,2,Royal Challengers Bangalore,Mumbai Indians,191,7,120,20.0,Royal Challengers Bangalore,field,Mumbai Indians
829739,2015,2015-04-20,Feroz Shah Kotla,Delhi,1,Delhi Daredevils,Kolkata Knight Riders,146,8,120,20.0,Kolkata Knight Riders,field,Kolkata Knight Riders
829739,2015,2015-04-20,Feroz Shah Kotla,Delhi,2,Kolkata Knight Riders,Delhi Daredevils,147,4,109,18.1,Kolkata Knight Riders,field,Kolkata Knight Riders
829741,2015,2015-04-21,"Sardar Patel Stadium, Motera",Ahmedabad,1,Rajasthan Royals,Kings XI Punjab,191,6,120,20.0,Kings XI Punjab,field,
829741,2015,2015-04-21,"Sardar Patel Stadium, Motera",Ahmedabad,2,Kings XI Punjab,Rajasthan Royals,191,6,120,20.0,Kings XI Punjab,field,
829741,2015,2015-04-21,"Sardar Patel Stadium, Motera",Ahmedabad,3,Kings XI Punjab,Rajasthan Royals,15,2,6,1.0,Kings XI Punjab,field,
829741,2015,2015-04-21,"Sardar Patel Stadium, Motera",Ahmedabad,4,Rajasthan Royals,Kings XI Punjab,6,2,3,0.3,Kings XI Punjab,field,
829743,2015,2015-04-22,Dr. Y.S. Rajasekhara Reddy ACA-VDCA Cricket Stadium,Visakhapatnam,1,Sunrisers Hyderabad,Kolkata Knight Riders,176,4,120,20.0,Kolkata Knight Riders,field,Sunrisers Hyderabad
829743,2015,2015-04-22,Dr. Y.S. Rajasekhara Reddy ACA-VDCA Cricket Stadium,Visakhapatnam,2,Kolkata Knight Riders,Sunrisers Hyderabad,101,4,72,12.0,Kolkata Knight Riders,field,Sunrisers Hyderabad
829745,2015,2015-04-22,M Chinnaswamy Stadium,Bangalore,1,Chennai Super Kings,Royal Challengers Bangalore,181,8,120,20.0,Royal Challengers Bangalore,field,Chennai Super Kings
829745,2015,2015-04-22,M Chinnaswamy Stadium,Bangalore,2,Royal Challengers Bangalore,Chennai Super Kings,154,8,120,20.0,Royal Challengers Bangalore,field,Chennai Super Kings
829747,2015,2015-04-23,Feroz Shah Kotla,Delhi,1,Delhi Daredevils,Mumbai Indians,190,4,120,20.0,Mumbai Indians,field,Delhi Daredevils
829747,2015,2015-04-23,Feroz Shah Kotla,Delhi,2,Mumbai Indians,Delhi Daredevils,153,9,120,20.0,Mumbai Indians,field,Delhi Daredevils
829749,2015,2015-04-24,"Sardar Patel Stadium, Motera",Ahmedabad,1,Rajasthan Royals,Royal Challengers Bangalore,130,9,120,20.0,Royal Challengers Bangalore,field,Royal Challengers Bangalore
829749,2015,2015-04-24,"Sardar Patel Stadium, Motera",Ahmedabad,2,Royal Challengers Bangalore,Rajasthan Royals,134,1,97,16.1,Royal Challengers Bangalore,field,Royal Challengers Bangalore
829751,2015,2015-04-25,Wankhede Stadium,Mumbai,1,Mumbai Indians,Sunrisers Hyderabad,157,8,120,20.0,Mumbai Indians,bat,Mumbai Indians
829751,2015,2015-04-25,Wankhede Stadium,Mumbai,2,Sunrisers Hyderabad,Mumbai Indians,137,8,120,20.0,Mumbai Indians,bat,Mumbai Indians
829753,2015,2015-04-25,"MA Chidambaram Stadium, Chepauk",Chennai,1,Chennai Super Kings,Kings XI Punjab,192,3,120,20.0,Chennai Super Kings,bat,Chennai Super Kings
829753,2015,2015-04-25,"MA Chidambaram Stadium, Chepauk",Chennai,2,Kings XI Punjab,Chennai Super Kings,95,9,120,20.0,Chennai Super Kings,bat,Chennai Super Kings
829757,2015,2015-04-26,Feroz Shah Kotla,Delhi,1,Delhi Daredevils,Royal Challengers Bangalore,95,10,110,18.2,Royal Challengers Bangalore,field,Royal Challengers Bangalore
829757,2015,2015-04-26,Feroz Shah Kotla,Delhi,2,Royal Challengers Bangalore,Delhi Daredevils,99,0,63,10.3,Royal Challengers Bangalore,field,Royal Challengers Bangalore
829759,2015,2015-04-27,"Punjab Cricket Association Stadium, Mohali",Chandigarh,1,Sunrisers Hyderabad,Kings XI Punjab,150,6,120,20.0,Kings XI Punjab,field,Sunrisers Hyderabad
829759,2015,2015-04-27,"Punjab Cricket Association Stadium, Mohali",Chandigarh,2,Kings XI Punjab,Sunrisers Hyderabad,130,9,120,20.0,Kings XI Punjab,field,Sunrisers Hyderabad
829761,2015,2015-05-07,Eden Gardens,Kolkata,1,Kolkata Knight Riders,Delhi Daredevils,171,7,120,20.0,Kolkata Knight Riders,bat,Kolkata Knight Riders
829761,2015,2015-05-07,Eden Gardens,Kolkata,2,Delhi Daredevils,Kolkata Knight Riders,158,6,120,20.0,Kolkata Knight Riders,bat,Kolkata Knight Riders
829763,2015,2015-04-29,M Chinnaswamy Stadium,Bangalore,1,Royal Challengers Bangalore,Rajasthan Royals,200,7,120,20.0,Rajasthan Royals,field,
829765,2015,2015-04-28,"MA Chidambaram Stadium, Chepauk",Chennai,1,Chennai Super Kings,Kolkata Knight Riders,134,6,120,20.0,Kolkata Knight Riders,field,Chennai Super Kings
829765,2015,2015-04-28,"MA Chidambaram Stadium, Chepauk",Chennai,2,Kolkata Knight Riders,Chennai Super Kings,132,9,120,20.0,Kolkata Knight Riders,field,Chennai Super Kings
829767,2015,2015-05-01,Feroz Shah Kotla,Delhi,1,Kings XI Punjab,Delhi Daredevils,118,8,120,20.0,Delhi Daredevils,field,Delhi Daredevils
829767,2015,2015-05-01,Feroz Shah Kotla,Delhi,2,Delhi Daredevils,Kings XI Punjab,119,1,83,13.5,Delhi Daredevils,field,Delhi Daredevils
829769,2015,2015-05-01,Wankhede Stadium,Mumbai,1,Mumbai Indians,Rajasthan Royals,187,5,120,20.0,Rajasthan Royals,field,Mumbai Indians
829769,2015,2015-05-01,Wankhede Stadium,Mumbai,2,Rajasthan Royals,Mumbai Indians,179,7,120,20.0,Rajasthan Royals,field,Mumbai Indians
829771,2015,2015-05-02,M Chinnaswamy Stadium,Bangalore,1,Kolkata Knight Riders,Royal Challengers Bangalore,111,4,60,10.0,Royal Challengers Bangalore,field,Royal Challengers Bangalore
829771,2015,2015-05-02,M Chinnaswamy Stadium,Bangalore,2,Royal Challengers Bangalore,Kolkata Knight Riders,115,3,58,9.4,Royal Challengers Bangalore,field,Royal Challengers Bangalore
829773,2015,2015-05-02,"Rajiv Gandhi International Stadium, Uppal",Hyderabad,1,Sunrisers Hyderabad,Chennai Super Kings,192,7,120,20.0,Chennai Super Kings,field,Sunrisers Hyderabad
829773,2015,2015-05-02,"Rajiv Gandhi International Stadium, Uppal",Hyderabad,2,Chennai Super Kings,Sunrisers Hyderabad,170,6,120,20.0,Chennai Super Kings,field,Sunrisers Hyderabad
829775,2015,2015-05-03,"Punjab Cricket Association Stadium, Mohali",Chandigarh,1,Mumbai Indians,Kings XI Punjab,172,3,120,20.0,Mumbai Indians,bat,Mumbai Indians
829775,2015,2015-05-03,"Punjab Cricket Association Stadium, Mohali",Chandigarh,2,Kings XI Punjab,Mumbai Indians,149,7,120,20.0,Mumbai Indians,bat,Mumbai Indians
829777,2015,2015-05-03,Brabourne Stadium,Mumbai,1,Rajasthan Royals,Delhi Daredevils,189,2,120,20.0,Delhi Daredevils,field,Rajasthan Royals
829777,2015,2015-05-03,Brabourne Stadium,Mumbai,2,Delhi Daredevils,Rajasthan Royals,175,7,120,20.0,Delhi Daredevils,field,Rajasthan Royals
829779,2015,2015-05-04,"MA Chidambaram Stadium, Chepauk",Chennai,1,Chennai Super Kings,Royal Challengers Bangalore,148,9,120,20.0,Chennai Super Kings,bat,Chennai Super Kings
829779,2015,2015-05-04,"MA Chidambaram Stadium, Chepauk",Chennai,2,Royal Challengers Bangalore,Chennai Super Kings,124,10,118,19.4,Chennai Super Kings,bat,Chennai Super Kings
829781,2015,2015-05-04,Eden Gardens,Kolkata,1,Kolkata Knight Riders,Sunrisers Hyderabad,167,7,120,20.0,Sunrisers Hyderabad,field,Kolkata Knight Riders
829781,2015,2015-05-04,Eden Gardens,Kolkata,2,Sunrisers Hyderabad,Kolkata Knight Riders,132,9,120,20.0,Sunrisers Hyderabad,field,Kolkata Knight Riders
829783,2015,2015-05-05,Wankhede Stadium,Mumbai,1,Delhi Daredevils,Mumbai Indians,152,6,120,20.0,Delhi Daredevils,bat,Mumbai Indians
829783,2015,2015-05-05,Wankhede Stadium,Mumbai,2,Mumbai Indians,Delhi Daredevils,153,5,117,19.3,Delhi Daredevils,bat,Mumbai Indians
829785,2015,2015-05-06,M Chinnaswamy Stadium,Bangalore,1,Royal Challengers Bangalore,Kings XI Punjab,226,3,120,20.0,Kings XI Punjab,field,Royal Challengers Bangalore
829785,2015,2015-05-06,M Chinnaswamy Stadium,Bangalore,2,Kings XI Punjab,Royal Challengers Bangalore,88,10,82,13.4,Kings XI Punjab,field,Royal Challengers Bangalore
829787,2015,2015-05-07,Brabourne Stadium,Mumbai,1,Sunrisers Hyderabad,Rajasthan Royals,201,4,120,20.0,Rajasthan Royals,field,Sunrisers Hyderabad
829787,2015,2015-05-07,Brabourne Stadium,Mumbai,2,Rajasthan Royals,Sunrisers Hyderabad,194,7,120,20.0,Rajasthan Royals,field,Sunrisers Hyderabad
829789,2015,2015-05-08,"MA Chidambaram Stadium, Chepauk",Chennai,1,Chennai Super Kings,Mumbai Indians,158,5,120,20.0,Chennai Super Kings,bat,Mumbai Indians
829789,2015,2015-05-08,"MA Chidambaram Stadium, Chepauk",Chennai,2,Mumbai Indians,Chennai Super Kings,159,4,116,19.2,Chennai Super Kings,bat,Mumbai Indians
829791,2015,2015-05-09,Eden Gardens,Kolkata,1,Kings XI Punjab,Kolkata Knight Riders,183,5,120,20.0,Kings XI Punjab,bat,Kolkata Knight Riders
829791,2015,2015-05-09,Eden Gardens,Kolkata,2,Kolkata Knight Riders,Kings XI Punjab,184,9,119,19.5,Kings XI Punjab,bat,Kolkata Knight Riders
829793,2015,2015-05-09,Shaheed Veer Narayan Singh International Stadium,Raipur,1,Sunrisers Hyderabad,Delhi Daredevils,163,4,120,20.0,Sunrisers Hyderabad,bat,Sunrisers Hyderabad
829793,2015,2015-05-09,Shaheed Veer Narayan Singh International Stadium,Raipur,2,Delhi Daredevils,Sunrisers Hyderabad,157,4,120,20.0,Sunrisers Hyderabad,bat,Sunrisers Hyderabad
829795,2015,2015-05-10,Wankhede Stadium,Mumbai,1,Royal Challengers Bangalore,Mumbai Indians,235,1,120,20.0,Royal Challengers Bangalore,bat,Royal Challengers Bangalore
829795,2015,2015-05-10,Wankhede Stadium,Mumbai,2,Mumbai Indians,Royal Challengers Bangalore,196,7,120,20.0,Royal Challengers Bangalore,bat,Royal Challengers Bangalore
829797,2015,2015-05-10,"MA Chidambaram Stadium, Chepauk",Chennai,1,Chennai Super Kings,Rajasthan Royals,157,5,120,20.0,Chennai Super Kings,bat,Chennai Super Kings
829797,2015,2015-05-10,"MA Chidambaram Stadium, Chepauk",Chennai,2,Rajasthan Royals,Chennai Super Kings,145,9,120,20.0,Chennai Super Kings,bat,Chennai Super Kings
829799,2015,2015-05-11,"Rajiv Gandhi International Stadium, Uppal",Hyderabad,1,Sunrisers Hyderabad,Kings XI Punjab,185,5,120,20.0,Sunrisers Hyderabad,bat,Sunrisers Hyderabad
829799,2015,2015-05-11,"Rajiv Gandhi International Stadium, Uppal",Hyderabad,2,Kings XI Punjab,Sunrisers Hyderabad,180,7,120,20.0,Sunrisers Hyderabad,bat,Sunrisers Hyderabad
829801,2015,2015-05-12,Shaheed Veer Narayan Singh International Stadium,Raipur,1,Chennai Super Kings,Delhi Daredevils,119,6,120,20.0,Chennai Super Kings,bat,Delhi Daredevils
829801,2015,2015-05-12,Shaheed Veer Narayan Singh International Stadium,Raipur,2,Delhi Daredevils,Chennai Super Kings,120,4,100,16.4,Chennai Super Kings,bat,Delhi Daredevils
829803,2015,2015-05-13,"Punjab Cricket Association Stadium, Mohali",Chandigarh,1,Kings XI Punjab,Royal Challengers Bangalore,106,6,60,10.0,Royal Challengers Bangalore,field,Kings XI Punjab
829803,2015,2015-05-13,"Punjab Cricket Association Stadium, Mohali",Chandigarh,2,Royal Challengers Bangalore,Kings XI Punjab,84,6,60,10.0,Royal Challengers Bangalore,field,Kings XI Punjab
829805,2015,2015-05-14,Wankhede Stadium,Mumbai,1,Mumbai Indians,Kolkata Knight Riders,171,4,120,20.0,Kolkata Knight Riders,field,Mumbai Indians
829805,2015,2015-05-14,Wankhede Stadium,Mumbai,2,Kolkata Knight Riders,Mumbai Indians,166,7,120,20.0,Kolkata Knight Riders,field,Mumbai Indians
829807,2015,2015-05-15,"Rajiv Gandhi International Stadium, Uppal",Hyderabad,1,Sunrisers Hyderabad,Royal Challengers Bangalore,135,3,66,11.0,Sunrisers Hyderabad,bat,Royal Challengers Bangalore
829807,2015,2015-05-15,"Rajiv Gandhi International Stadium, Uppal",Hyderabad,2,Royal Challengers Bangalore,Sunrisers Hyderabad,83,4,35,5.5,Sunrisers Hyderabad,bat,Royal Challengers Bangalore
829809,2015,2015-05-16,"Punjab Cricket Association Stadium, Mohali",Chandigarh,1,Kings XI Punjab,Chennai Super Kings,130,7,120,20.0,Kings XI Punjab,bat,Chennai Super Kings
829809,2015,2015-05-16,"Punjab Cricket Association Stadium, Mohali",Chandigarh,2,Chennai Super Kings,Kings XI Punjab,134,3,101,16.5,Kings XI Punjab,bat,Chennai Super Kings
829811,2015,2015-05-16,Brabourne Stadium,Mumbai,1,Rajasthan Royals,Kolkata Knight Riders,199,6,120,20.0,Rajasthan Royals,bat,Rajasthan Royals
829811,2015,2015-05-16,Brabourne Stadium,Mumbai,2,Kolkata Knight Riders,Rajasthan Royals,190,9,120,20.0,Rajasthan Royals,bat,Rajasthan Royals
829813,2015,2015-05-17,M Chinnaswamy Stadium,Bangalore,1,Delhi Daredevils,Royal Challengers Bangalore,187,5,120,20.0,Royal Challengers Bangalore,field,
829813,2015,2015-05-17,M Chinnaswamy Stadium,Bangalore,2,Royal Challengers Bangalore,Delhi Daredevils,2,0,7,1.1,Royal Challengers Bangalore,field,
829815,2015,2015-05-17,"Rajiv Gandhi International Stadium, Uppal",Hyderabad,1,Sunrisers Hyderabad,Mumbai Indians,113,10,120,20.0,Sunrisers Hyderabad,bat,Mumbai Indians
829815,2015,2015-05-17,"Rajiv Gandhi International Stadium, Uppal",Hyderabad,2,Mumbai Indians,Sunrisers Hyderabad,114,1,83,13.5,Sunrisers Hyderabad,bat,Mumbai Indians
829817,2015,2015-05-19,Wankhede Stadium,Mumbai,1,Mumbai Indians,Chennai Super Kings,187,6,120,20.0,Mumbai Indians,bat,Mumbai Indians
829817,2015,2015-05-19,Wankhede Stadium,Mumbai,2,Chennai Super Kings,Mumbai Indians,162,10,114,19.0,Mumbai Indians,bat,Mumbai Indians
829819,2015,2015-05-20,Maharashtra Cricket Association Stadium,Pune,1,Royal Challengers Bangalore,Rajasthan Royals,180,4,120,20.0,Royal Challengers Bangalore,bat,Royal Challengers Bangalore
829819,2015,2015-05-20,Maharashtra Cricket Association Stadium,Pune,2,Rajasthan Royals,Royal Challengers Bangalore,109,10,114,19.0,Royal Challengers Bangalore,bat,Royal Challengers Bangalore
829821,2015,2015-05-22,JSCA International Stadium Complex,Ranchi,1,Royal Challengers Bangalore,Chennai Super Kings,139,8,120,20.0,Chennai Super Kings,field,Chennai Super Kings
829821,2015,2015-05-22,JSCA International Stadium Complex,Ranchi,2,Chennai Super Kings,Royal Challengers Bangalore,140,7,119,19.5,Chennai Super Kings,field,Chennai Super Kings
829823,2015,2015-05-24,Eden Gardens,Kolkata,1,Mumbai Indians,Chennai Super Kings,202,5,120,20.0,Chennai Super Kings,field,Mumbai Indians
829823,2015,2015-05-24,Eden Gardens,Kolkata,2,Chennai Super Kings,Mumbai Indians,161,8,120,20.0,Chennai Super Kings,field,Mumbai Indians
980901,2016,2016-04-09,Wankhede Stadium,Mumbai,1,Mumbai Indians,Rising Pune Supergiants,121,8,120,20.0,Mumbai Indians,bat,Rising Pune Supergiants
980901,2016,2016-04-09,Wankhede Stadium,Mumbai,2,Rising Pune Supergiants,Mumbai Indians,126,1,88,14.4,Mumbai Indians,bat,Rising Pune Supergiants
980903,2016,2016-04-10,Eden Gardens,Kolkata,1,Delhi Daredevils,Kolkata Knight Riders,98,10,106,17.4,Kolkata Knight Riders,field,Kolkata Knight Riders
980903,2016,2016-04-10,Eden Gardens,Kolkata,2,Kolkata Knight Riders,Delhi Daredevils,99,1,85,14.1,Kolkata Knight Riders,field,Kolkata Knight Riders
980905,2016,2016-04-11,"Punjab Cricket Association IS Bindra Stadium, Mohali",Chandigarh,1,Kings XI Punjab,Gujarat Lions,161,6,120,20.0,Gujarat Lions,field,Gujarat Lions
980905,2016,2016-04-11,"Punjab Cricket Association IS Bindra Stadium, Mohali",Chandigarh,2,Gujarat Lions,Kings XI Punjab,162,5,106,17.4,Gujarat Lions,field,Gujarat Lions
980907,2016,2016-04-12,M Chinnaswamy Stadium,Bangalore,1,Royal Challengers Bangalore,Sunrisers Hyderabad,227,4,120,20.0,Sunrisers Hyderabad,field,Royal Challengers Bangalore
980907,2016,2016-04-12,M Chinnaswamy Stadium,Bangalore,2,Sunrisers Hyderabad,Royal Challengers Bangalore,182,6,120,20.0,Sunrisers Hyderabad,field,Royal Challengers Bangalore
980909,2016,2016-04-13,Eden Gardens,Kolkata,1,Kolkata Knight Riders,Mumbai Indians,187,5,120,20.0,Mumbai Indians,field,Mumbai Indians
980909,2016,2016-04-13,Eden Gardens,Kolkata,2,Mumbai Indians,Kolkata Knight Riders,188,4,115,19.1,Mumbai Indians,field,Mumbai Indians
980911,2016,2016-04-14,Saurashtra Cricket Association Stadium,Rajkot,1,Rising Pune Supergiants,Gujarat Lions,163,5,120,20.0,Rising Pune Supergiants,bat,Gujarat Lions
980911,2016,2016-04-14,Saurashtra Cricket Association Stadium,Rajkot,2,Gujarat Lions,Rising Pune Supergiants,164,3,108,18.0,Rising Pune Supergiants,bat,Gujarat Lions
980913,2016,2016-04-15,Feroz Shah Kotla,Delhi,1,Kings XI Punjab,Delhi Daredevils,111,9,120,20.0,Delhi Daredevils,field,Delhi Daredevils
980913,2016,2016-04-15,Feroz Shah Kotla,Delhi,2,Delhi Daredevils,Kings XI Punjab,113,2,81,13.3,Delhi Daredevils,field,Delhi Daredevils
980915,2016,2016-04-16,"Rajiv Gandhi International Stadium, Uppal",Hyderabad,1,Sunrisers Hyderabad,Kolkata Knight Riders,142,7,120,20.0,Sunrisers Hyderabad,bat,Kolkata Knight Riders
980915,2016,2016-04-16,"Rajiv Gandhi International Stadium, Uppal",Hyderabad,2,Kolkata Knight Riders,Sunrisers Hyderabad,146,2,110,18.2,Sunrisers Hyderabad,bat,Kolkata Knight Riders
980917,2016,2016-04-16,Wankhede Stadium,Mumbai,1,Mumbai Indians,Gujarat Lions,143,8,120,20.0,Gujarat Lions,field,Gujarat Lions
980917,2016,2016-04-16,Wankhede Stadium,Mumbai,2,Gujarat Lions,Mumbai Indians,147,7,120,20.0,Gujarat Lions,field,Gujarat Lions
980919,2016,2016-04-17,"Punjab Cricket Association IS Bindra Stadium, Mohali",Chandigarh,1,Rising Pune Supergiants,Kings XI Punjab,152,7,120,20.0,Rising Pune Supergiants,bat,Kings XI Punjab
980919,2016,2016-04-17,"Punjab Cricket Association IS Bindra Stadium, Mohali",Chandigarh,2,Kings XI Punjab,Rising Pune Supergiants,153,4,112,18.4,Rising Pune Supergiants,bat,Kings XI Punjab
980921,2016,2016-04-17,M Chinnaswamy Stadium,Bangalore,1,Royal Challengers Bangalore,Delhi Daredevils,191,5,120,20.0,Delhi Daredevils,field,Delhi Daredevils
980921,2016,2016-04-17,M Chinnaswamy Stadium,Bangalore,2,Delhi Daredevils,Royal Challengers Bangalore,192,3,115,19.1,Delhi Daredevils,field,Delhi Daredevils
980923,2016,2016-04-18,"Rajiv Gandhi International Stadium, Uppal",Hyderabad,1,Mumbai Indians,Sunrisers Hyderabad,142,6,120,20.0,Sunrisers Hyderabad,field,Sunrisers Hyderabad
980923,2016,2016-04-18,"Rajiv Gandhi International Stadium, Uppal",Hyderabad,2,Sunrisers Hyderabad,Mumbai Indians,145,3,105,17.3,Sunrisers Hyderabad,field,Sunrisers Hyderabad
980925,2016,2016-04-19,"Punjab Cricket Association IS Bindra Stadium, Mohali",Chandigarh,1,Kings XI Punjab,Kolkata Knight Riders,138,8,120,20.0,Kolkata Knight Riders,field,Kolkata Knight Riders
980925,2016,2016-04-19,"Punjab Cricket Association IS Bindra Stadium, Mohali",Chandigarh,2,Kolkata Knight Riders,Kings XI Punjab,141,4,103,17.1,Kolkata Knight Riders,field,Kolkata Knight Riders
980927,2016,2016-04-20,Wankhede Stadium,Mumbai,1,Royal Challengers Bangalore,Mumbai Indians,170,7,120,20.0,Mumbai Indians,field,Mumbai Indians
980927,2016,2016-04-20,Wankhede Stadium,Mumbai,2,Mumbai Indians,Royal Challengers Bangalore,171,4,108,18.0,Mumbai Indians,field,Mumbai Indians
980929,2016,2016-04-21,Saurashtra Cricket Association Stadium,Rajkot,1,Gujarat Lions,Sunrisers Hyderabad,135,8,120,20.0,Sunrisers Hyderabad,field,Sunrisers Hyderabad
980929,2016,2016-04-21,Saurashtra Cricket Association Stadium,Rajkot,2,Sunrisers Hyderabad,Gujarat Lions,137,0,89,14.5,Sunrisers Hyderabad,field,Sunrisers Hyderabad
980931,2016,2016-04-22,Maharashtra Cricket Association Stadium,Pune,1,Royal Challengers Bangalore,Rising Pune Supergiants,185,3,120,20.0,Rising Pune Supergiants,field,Royal Challengers Bangalore
980931,2016,2016-04-22,Maharashtra Cricket Association Stadium,Pune,2,Rising Pune Supergiants,Royal Challengers Bangalore,172,8,120,20.0,Rising Pune Supergiants,field,Royal Challengers Bangalore
980933,2016,2016-04-23,Feroz Shah Kotla,Delhi,1,Delhi Daredevils,Mumbai Indians,164,4,120,20.0,Mumbai Indians,field,Delhi Daredevils
980933,2016,2016-04-23,Feroz Shah Kotla,Delhi,2,Mumbai Indians,Delhi Daredevils,154,7,120,20.0,Mumbai Indians,field,Delhi Daredevils
980935,2016,2016-04-23,"Rajiv Gandhi International Stadium, Uppal",Hyderabad,1,Kings XI Punjab,Sunrisers Hyderabad,143,6,120,20.0,Sunrisers Hyderabad,field,Sunrisers Hyderabad
980935,2016,2016-04-23,"Rajiv Gandhi International Stadium, Uppal",Hyderabad,2,Sunrisers Hyderabad,Kings XI Punjab,146,5,107,17.5,Sunrisers Hyderabad,field,Sunrisers Hyderabad
980937,2016,2016-04-24,Saurashtra Cricket Association Stadium,Rajkot,1,Royal Challengers Bangalore,Gujarat Lions,180,2,120,20.0,Royal Challengers Bangalore,bat,Gujarat Lions
980937,2016,2016-04-24,Saurashtra Cricket Association Stadium,Rajkot,2,Gujarat Lions,Royal Challengers Bangalore,182,4,117,19.3,Royal Challengers Bangalore,bat,Gujarat Lions
980939,2016,2016-04-24,Maharashtra Cricket Association Stadium,Pune,1,Rising Pune Supergiants,Kolkata Knight Riders,160,5,120,20.0,Kolkata Knight Riders,field,Kolkata Knight Riders
980939,2016,2016-04-24,Maharashtra Cricket Association Stadium,Pune,2,Kolkata Knight Riders,Rising Pune Supergiants,162,8,117,19.3,Kolkata Knight Riders,field,Kolkata Knight Riders
980941,2016,2016-04-25,"Punjab Cricket Association IS Bindra Stadium, Mohali",Chandigarh,1,Mumbai Indians,Kings XI Punjab,189,6,120,20.0,Kings XI Punjab,field,Mumbai Indians
980941,2016,2016-04-25,"Punjab Cricket Association IS Bindra Stadium, Mohali",Chandigarh,2,Kings XI Punjab,Mumbai Indians,164,7,120,20.0,Kings XI Punjab,field,Mumbai Indians
980943,2016,2016-04-26,"Rajiv Gandhi International Stadium, Uppal",Hyderabad,1,Sunrisers Hyderabad,Rising Pune Supergiants,118,8,120,20.0,Rising Pune Supergiants,field,Rising Pune Supergiants
980943,2016,2016-04-26,"Rajiv Gandhi International Stadium, Uppal",Hyderabad,2,Rising Pune Supergiants,Sunrisers Hyderabad,94,3,66,11.0,Rising Pune Supergiants,field,Rising Pune Supergiants
980945,2016,2016-04-27,Feroz Shah Kotla,Delhi,1,Gujarat Lions,Delhi Daredevils,172,6,120,20.0,Delhi Daredevils,field,Gujarat Lions
980945,2016,2016-04-27,Feroz Shah Kotla,Delhi,2,Delhi Daredevils,Gujarat Lions,171,5,120,20.0,Delhi Daredevils,field,Gujarat Lions
980947,2016,2016-04-28,Wankhede Stadium,Mumbai,1,Kolkata Knight Riders,Mumbai Indians,174,5,120,20.0,Mumbai Indians,field,Mumbai Indians
980947,2016,2016-04-28,Wankhede Stadium,Mumbai,2,Mumbai Indians,Kolkata Knight Riders,178,4,108,18.0,Mumbai Indians,field,Mumbai Indians
980949,2016,2016-04-29,Maharashtra Cricket Association Stadium,Pune,1,Rising Pune Supergiants,Gujarat Lions,195,3,120,20.0,Gujarat Lions,field,Gujarat Lions
980949,2016,2016-04-29,Maharashtra Cricket Association Stadium,Pune,2,Gujarat Lions,Rising Pune Supergiants,196,7,120,20.0,Gujarat Lions,field,Gujarat Lions
980951,2016,2016-04-30,Feroz Shah Kotla,Delhi,1,Delhi Daredevils,Kolkata Knight Riders,186,8,120,20.0,Kolkata Knight Riders,field,Delhi Daredevils
980951,2016,2016-04-30,Feroz Shah Kotla,Delhi,2,Kolkata Knight Riders,Delhi Daredevils,159,10,111,18.3,Kolkata Knight Riders,field,Delhi Daredevils
980953,2016,2016-04-30,"Rajiv Gandhi International Stadium, Uppal",Hyderabad,1,Sunrisers Hyderabad,Royal Challengers Bangalore,194,5,120,20.0,Royal Challengers Bangalore,field,Sunrisers Hyderabad
980953,2016,2016-04-30,"Rajiv Gandhi International Stadium, Uppal",Hyderabad,2,Royal Challengers Bangalore,Sunrisers Hyderabad,179,6,120,20.0,Royal Challengers Bangalore,field,Sunrisers Hyderabad
980955,2016,2016-05-01,Saurashtra Cricket Association Stadium,Rajkot,1,Kings XI Punjab,Gujarat Lions,154,10,119,19.5,Gujarat Lions,field,Kings XI Punjab
980955,2016,2016-05-01,Saurashtra Cricket Association Stadium,Rajkot,2,Gujarat Lions,Kings XI Punjab,131,9,120,20.0,Gujarat Lions,field,Kings XI Punjab
980957,2016,2016-05-01,Maharashtra Cricket Association Stadium,Pune,1,Rising Pune Supergiants,Mumbai Indians,159,5,120,20.0,Mumbai Indians,field,Mumbai Indians
980957,2016,2016-05-01,Maharashtra Cricket Association Stadium,Pune,2,Mumbai Indians,Rising Pune Supergiants,161,2,111,18.3,Mumbai Indians,field,Mumbai Indians
980959,2016,2016-05-02,M Chinnaswamy Stadium,Bangalore,1,Royal Challengers Bangalore,Kolkata Knight Riders,185,7,120,20.0,Kolkata Knight Riders,field,Kolkata Knight Riders
980959,2016,2016-05-02,M Chinnaswamy Stadium,Bangalore,2,Kolkata Knight Riders,Royal Challengers Bangalore,189,5,115,19.1,Kolkata Knight Riders,field,Kolkata Knight Riders
980961,2016,2016-05-03,Saurashtra Cricket Association Stadium,Rajkot,1,Gujarat Lions,Delhi Daredevils,149,7,120,20.0,Delhi Daredevils,field,Delhi Daredevils
980961,2016,2016-05-03,Saurashtra Cricket Association Stadium,Rajkot,2,Delhi Daredevils,Gujarat Lions,150,2,104,17.2,Delhi Daredevils,field,Delhi Daredevils
980963,2016,2016-05-04,Eden Gardens,Kolkata,1,Kolkata Knight Riders,Kings XI Punjab,164,3,120,20.0,Kings XI Punjab,field,Kolkata Knight Riders
980963,2016,2016-05-04,Eden Gardens,Kolkata,2,Kings XI Punjab,Kolkata Knight Riders,157,9,120,20.0,Kings XI Punjab,field,Kolkata Knight Riders
980965,2016,2016-05-05,Feroz Shah Kotla,Delhi,1,Delhi Daredevils,Rising Pune Supergiants,162,7,120,20.0,Rising Pune Supergiants,field,Rising Pune Supergiants
980965,2016,2016-05-05,Feroz Shah Kotla,Delhi,2,Rising Pune Supergiants,Delhi Daredevils,166,3,115,19.1,Rising Pune Supergiants,field,Rising Pune Supergiants
980967,2016,2016-05-06,"Rajiv Gandhi International Stadium, Uppal",Hyderabad,1,Gujarat Lions,Sunrisers Hyderabad,126,6,120,20.0,Sunrisers Hyderabad,field,Sunrisers Hyderabad
980967,2016,2016-05-06,"Rajiv Gandhi International Stadium, Uppal",Hyderabad,2,Sunrisers Hyderabad,Gujarat Lions,129,5,114,19.0,Sunrisers Hyderabad,field,Sunrisers Hyderabad
980969,2016,2016-05-07,M Chinnaswamy Stadium,Bangalore,1,Rising Pune Supergiants,Royal Challengers Bangalore,191,6,120,20.0,Royal Challengers Bangalore,field,Royal Challengers Bangalore
980969,2016,2016-05-07,M Chinnaswamy Stadium,Bangalore,2,Royal Challengers Bangalore,Rising Pune Supergiants,195,3,117,19.3,Royal Challengers Bangalore,field,Royal Challengers Bangalore
980971,2016,2016-05-07,"Punjab Cricket Association IS Bindra Stadium, Mohali",Chandigarh,1,Kings XI Punjab,Delhi Daredevils,181,5,120,20.0,Delhi Daredevils,field,Kings XI Punjab
980971,2016,2016-05-07,"Punjab Cricket Association IS Bindra Stadium, Mohali",Chandigarh,2,Delhi Daredevils,Kings XI Punjab,172,5,120,20.0,Delhi Daredevils,field,Kings XI Punjab
980973,2016,2016-05-08,Dr. Y.S. Rajasekhara Reddy ACA-VDCA Cricket Stadium,Visakhapatnam,1,Sunrisers Hyderabad,Mumbai Indians,177,3,120,20.0,Mumbai Indians,field,Sunrisers Hyderabad
980973,2016,2016-05-08,Dr. Y.S. Rajasekhara Reddy ACA-VDCA Cricket Stadium,Visakhapatnam,2,Mumbai Indians,Sunrisers Hyderabad,92,10,99,16.3,Mumbai Indians,field,Sunrisers Hyderabad
980975,2016,2016-05-08,Eden Gardens,Kolkata,1,Kolkata Knight Riders,Gujarat Lions,158,4,120,20.0,Gujarat Lions,field,Gujarat Lions
980975,2016,2016-05-08,Eden Gardens,Kolkata,2,Gujarat Lions,Kolkata Knight Riders,164,5,108,18.0,Gujarat Lions,field,Gujarat Lions
980977,2016,2016-05-09,"Punjab Cricket Association IS Bindra Stadium, Mohali",Chandigarh,1,Royal Challengers Bangalore,Kings XI Punjab,175,6,120,20.0,Kings XI Punjab,field,Royal Challengers Bangalore
980977,2016,2016-05-09,"Punjab Cricket Association IS Bindra Stadium, Mohali",Chandigarh,2,Kings XI Punjab,Royal Challengers Bangalore,174,4,120,20.0,Kings XI Punjab,field,Royal Challengers Bangalore
980979,2016,2016-05-10,Dr. Y.S. Rajasekhara Reddy ACA-VDCA Cricket Stadium,Visakhapatnam,1,Sunrisers Hyderabad,Rising Pune Supergiants,137,8,120,20.0,Sunrisers Hyderabad,bat,Sunrisers Hyderabad
980979,2016,2016-05-10,Dr. Y.S. Rajasekhara Reddy ACA-VDCA Cricket Stadium,Visakhapatnam,2,Rising Pune Supergiants,Sunrisers Hyderabad,133,8,120,20.0,Sunrisers Hyderabad,bat,Sunrisers Hyderabad
980981,2016,2016-05-11,M Chinnaswamy Stadium,Bangalore,1,Royal Challengers Bangalore,Mumbai Indians,151,4,120,20.0,Mumbai Indians,field,Mumbai Indians
980981,2016,2016-05-11,M Chinnaswamy Stadium,Bangalore,2,Mumbai Indians,Royal Challengers Bangalore,153,4,112,18.4,Mumbai Indians,field,Mumbai Indians
980983,2016,2016-05-12,"Rajiv Gandhi International Stadium, Uppal",Hyderabad,1,Sunrisers Hyderabad,Delhi Daredevils,146,8,120,20.0,Delhi Daredevils,field,Delhi Daredevils
980983,2016,2016-05-12,"Rajiv Gandhi International Stadium, Uppal",Hyderabad,2,Delhi Daredevils,Sunrisers Hyderabad,150,3,109,18.1,Delhi Daredevils,field,Delhi Daredevils
980985,2016,2016-05-13,Dr. Y.S. Rajasekhara Reddy ACA-VDCA Cricket Stadium,Visakhapatnam,1,Mumbai Indians,Kings XI Punjab,124,9,120,20.0,Mumbai Indians,bat,Kings XI Punjab
980985,2016,2016-05-13,Dr. Y.S. Rajasekhara Reddy ACA-VDCA Cricket Stadium,Visakhapatnam,2,Kings XI Punjab,Mumbai Indians,127,3,102,17.0,Mumbai Indians,bat,Kings XI Punjab
980987,2016,2016-05-14,M Chinnaswamy Stadium,Bangalore,1,Royal Challengers Bangalore,Gujarat Lions,248,3,120,20.0,Gujarat Lions,field,Royal Challengers Bangalore
980987,2016,2016-05-14,M Chinnaswamy Stadium,Bangalore,2,Gujarat Lions,Royal Challengers Bangalore,104,10,112,18.4,Gujarat Lions,field,Royal Challengers Bangalore
980989,2016,2016-05-14,Eden Gardens,Kolkata,1,Rising Pune Supergiants,Kolkata Knight Riders,103,6,106,17.4,Rising Pune Supergiants,bat,Kolkata Knight Riders
980989,2016,2016-05-14,Eden Gardens,Kolkata,2,Kolkata Knight Riders,Rising Pune Supergiants,66,2,30,5.0,Rising Pune Supergiants,bat,Kolkata Knight Riders
980991,2016,2016-05-15,"Punjab Cricket Association IS Bindra Stadium, Mohali",Chandigarh,1,Kings XI Punjab,Sunrisers Hyderabad,179,4,120,20.0,Kings XI Punjab,bat,Sunrisers Hyderabad
980991,2016,2016-05-15,"Punjab Cricket Association IS Bindra Stadium, Mohali",Chandigarh,2,Sunrisers Hyderabad,Kings XI Punjab,180,3,118,19.4,Kings XI Punjab,bat,Sunrisers Hyderabad
980993,2016,2016-05-15,Dr. Y.S. Rajasekhara Reddy ACA-VDCA Cricket Stadium,Visakhapatnam,1,Mumbai Indians,Delhi Daredevils,206,4,120,20.0,Delhi Daredevils,field,Mumbai Indians
980993,2016,2016-05-15,Dr. Y.S. Rajasekhara Reddy ACA-VDCA Cricket Stadium,Visakhapatnam,2,Delhi Daredevils,Mumbai Indians,126,10,115,19.1,Delhi Daredevils,field,Mumbai Indians
980995,2016,2016-05-16,Eden Gardens,Kolkata,1,Kolkata Knight Riders,Royal Challengers Bangalore,183,5,120,20.0,Royal Challengers Bangalore,field,Royal Challengers Bangalore
980995,2016,2016-05-16,Eden Gardens,Kolkata,2,Royal Challengers Bangalore,Kolkata Knight Riders,186,1,112,18.4,Royal Challengers Bangalore,field,Royal Challengers Bangalore
980997,2016,2016-05-17,Dr. Y.S. Rajasekhara Reddy ACA-VDCA Cricket Stadium,Visakhapatnam,1,Delhi Daredevils,Rising Pune Supergiants,121,6,120,20.0,Rising Pune Supergiants,field,Rising Pune Supergiants
980997,2016,2016-05-17,Dr. Y.S. Rajasekhara Reddy ACA-VDCA Cricket Stadium,Visakhapatnam,2,Rising Pune Supergiants,Delhi Daredevils,76,1,66,11.0,Rising Pune Supergiants,field,Rising Pune Supergiants
980999,2016,2016-05-18,M Chinnaswamy Stadium,Bangalore,1,Royal Challengers Bangalore,Kings XI Punjab,211,3,90,15.0,Kings XI Punjab,field,Royal Challengers Bangalore
980999,2016,2016-05-18,M Chinnaswamy Stadium,Bangalore,2,Kings XI Punjab,Royal Challengers Bangalore,120,9,84,14.0,Kings XI Punjab,field,Royal Challengers Bangalore
981001,2016,2016-05-19,Green Park,Kanpur,1,Kolkata Knight Riders,Gujarat Lions,124,8,120,20.0,Gujarat Lions,field,Gujarat Lions
981001,2016,2016-05-19,Green Park,Kanpur,2,Gujarat Lions,Kolkata Knight Riders,125,4,81,13.3,Gujarat Lions,field,Gujarat Lions
981003,2016,2016-05-20,Shaheed Veer Narayan Singh International Stadium,Raipur,1,Sunrisers Hyderabad,Delhi Daredevils,158,7,120,20.0,Delhi Daredevils,field,Delhi Daredevils
981003,2016,2016-05-20,Shaheed Veer Narayan Singh International Stadium,Raipur,2,Delhi Daredevils,Sunrisers Hyderabad,161,4,120,20.0,Delhi Daredevils,field,Delhi Daredevils
981005,2016,2016-05-21,Dr. Y.S. Rajasekhara Reddy ACA-VDCA Cricket Stadium,Visakhapatnam,1,Kings XI Punjab,Rising Pune Supergiants,172,7,120,20.0,Kings XI Punjab,bat,Rising Pune Supergiants
981005,2016,2016-05-21,Dr. Y.S. Rajasekhara Reddy ACA-VDCA Cricket Stadium,Visakhapatnam,2,Rising Pune Supergiants,Kings XI Punjab,173,6,120,20.0,Kings XI Punjab,bat,Rising Pune Supergiants
981007,2016,2016-05-21,Green Park,Kanpur,1,Mumbai Indians,Gujarat Lions,172,8,120,20.0,Gujarat Lions,field,Gujarat Lions
981007,2016,2016-05-21,Green Park,Kanpur,2,Gujarat Lions,Mumbai Indians,173,4,107,17.5,Gujarat Lions,field,Gujarat Lions
981009,2016,2016-05-22,Eden Gardens,Kolkata,1,Kolkata Knight Riders,Sunrisers Hyderabad,171,6,120,20.0,Sunrisers Hyderabad,field,Kolkata Knight Riders
981009,2016,2016-05-22,Eden Gardens,Kolkata,2,Sunrisers Hyderabad,Kolkata Knight Riders,149,8,120,20.0,Sunrisers Hyderabad,field,Kolkata Knight Riders
981011,2016,2016-05-22,Shaheed Veer Narayan Singh International Stadium,Raipur,1,Delhi Daredevils,Royal Challengers Bangalore,138,8,120,20.0,Royal Challengers Bangalore,field,Royal Challengers Bangalore
981011,2016,2016-05-22,Shaheed Veer Narayan Singh International Stadium,Raipur,2,Royal Challengers Bangalore,Delhi Daredevils,139,4,109,18.1,Royal Challengers Bangalore,field,Royal Challengers Bangalore
981013,2016,2016-05-24,M Chinnaswamy Stadium,Bangalore,1,Gujarat Lions,Royal Challengers Bangalore,158,10,120,20.0,Royal Challengers Bangalore,field,Royal Challengers Bangalore
981013,2016,2016-05-24,M Chinnaswamy Stadium,Bangalore,2,Royal Challengers Bangalore,Gujarat Lions,159,6,110,18.2,Royal Challengers Bangalore,field,Royal Challengers Bangalore
981015,2016,2016-05-25,Feroz Shah Kotla,Delhi,1,Sunrisers Hyderabad,Kolkata Knight Riders,162,8,120,20.0,Kolkata Knight Riders,field,Sunrisers Hyderabad
981015,2016,2016-05-25,Feroz Shah Kotla,Delhi,2,Kolkata Knight Riders,Sunrisers Hyderabad,140,8,120,20.0,Kolkata Knight Riders,field,Sunrisers Hyderabad
981017,2016,2016-05-27,Feroz Shah Kotla,Delhi,1,Gujarat Lions,Sunrisers Hyderabad,162,7,120,20.0,Sunrisers Hyderabad,field,Sunrisers Hyderabad
981017,2016,2016-05-27,Feroz Shah Kotla,Delhi,2,Sunrisers Hyderabad,Gujarat Lions,163,6,116,19.2,Sunrisers Hyderabad,field,Sunrisers Hyderabad
981019,2016,2016-05-29,M Chinnaswamy Stadium,Bangalore,1,Sunrisers Hyderabad,Royal Challengers Bangalore,208,7,120,20.0,Sunrisers Hyderabad,bat,Sunrisers Hyderabad
981019,2016,2016-05-29,M Chinnaswamy Stadium,Bangalore,2,Royal Challengers Bangalore,Sunrisers Hyderabad,200,7,120,20.0,Sunrisers Hyderabad,bat,Sunrisers Hyderabad
