match_id,season,start_date,venue,city,team1,team2,toss_winner,toss_decision,winner,winner_runs,winner_wickets,result,player_of_match,event,match_number,gender,dates,balls_per_over,method,eliminator,players_count
1082591,2017,2017-04-05,"Rajiv Gandhi International Stadium, Uppal",Hyderabad,Sunrisers Hyderabad,Royal Challengers Bangalore,Royal Challengers Bangalore,field,Sunrisers Hyderabad,35,,,Yuvraj Singh,Indian Premier League,1,male,2017/04/05,6,,,22
1082592,2017,2017-04-06,Maharashtra Cricket Association Stadium,Pune,Rising Pune Supergiant,Mumbai Indians,Rising Pune Supergiant,field,Rising Pune Supergiant,,7,,SPD Smith,Indian Premier League,2,male,2017/04/06,6,,,22
1082593,2017,2017-04-07,Saurashtra Cricket Association Stadium,Rajkot,Gujarat Lions,Kolkata Knight Riders,Kolkata Knight Riders,field,Kolkata Knight Riders,,10,,CA Lynn,Indian Premier League,3,male,2017/04/07,6,,,22
1082594,2017,2017-04-08,Holkar Cricket Stadium,Indore,Kings XI Punjab,Rising Pune Supergiant,Kings XI Punjab,field,Kings XI Punjab,,6,,GJ Maxwell,Indian Premier League,4,male,2017/04/08,6,,,22
1082595,2017,2017-04-08,M.Chinnaswamy Stadium,Bengaluru,Royal Challengers Bangalore,Delhi Daredevils,Royal Challengers Bangalore,bat,Royal Challengers Bangalore,15,,,KM Jadhav,Indian Premier League,5,male,2017/04/08,6,,,22
1082596,2017,2017-04-09,"Rajiv Gandhi International Stadium, Uppal",Hyderabad,Sunrisers Hyderabad,Gujarat Lions,Sunrisers Hyderabad,field,Sunrisers Hyderabad,,9,,Rashid Khan,Indian Premier League,6,male,2017/04/09,6,,,22
1082597,2017,2017-04-09,Wankhede Stadium,Mumbai,Mumbai Indians,Kolkata Knight Riders,Mumbai Indians,field,Mumbai Indians,,4,,N Rana,Indian Premier League,7,male,2017/04/09,6,,,22
1082598,2017,2017-04-10,Holkar Cricket Stadium,Indore,Kings XI Punjab,Royal Challengers Bangalore,Royal Challengers Bangalore,bat,Kings XI Punjab,,8,,AR Patel,Indian Premier League,8,male,2017/04/10,6,,,22
1082599,2017,2017-04-11,Maharashtra Cricket Association Stadium,Pune,Rising Pune Supergiant,Delhi Daredevils,Rising Pune Supergiant,field,Delhi Daredevils,97,,,SV Samson,Indian Premier League,9,male,2017/04/11,6,,,22
1082600,2017,2017-04-12,Wankhede Stadium,Mumbai,Mumbai Indians,Sunrisers Hyderabad,Mumbai Indians,field,Mumbai Indians,,4,,JJ Bumrah,Indian Premier League,10,male,2017/04/12,6,,,22
1082601,2017,2017-04-13,Eden Gardens,Kolkata,Kolkata Knight Riders,Kings XI Punjab,Kolkata Knight Riders,field,Kolkata Knight Riders,,8,,SP Narine,Indian Premier League,11,male,2017/04/13,6,,,22
1082602,2017,2017-04-14,M Chinnaswamy Stadium,Bangalore,Royal Challengers Bangalore,Mumbai Indians,Mumbai Indians,field,Mumbai Indians,,4,,KA Pollard,Indian Premier League,12,male,2017/04/14,6,,,22
1082603,2017,2017-04-14,Saurashtra Cricket Association Stadium,Rajkot,Gujarat Lions,Rising Pune Supergiant,Gujarat Lions,field,Gujarat Lions,,7,,AJ Tye,Indian Premier League,13,male,2017/04/14,6,,,22
1082604,2017,2017-04-15,Eden Gardens,Kolkata,Kolkata Knight Riders,Sunrisers Hyderabad,Sunrisers Hyderabad,field,Kolkata Knight Riders,17,,,RV Uthappa,Indian Premier League,14,male,2017/04/15,6,,,22
1082605,2017,2017-04-15,Feroz Shah Kotla,Delhi,Delhi Daredevils,Kings XI Punjab,Delhi Daredevils,bat,Delhi Daredevils,51,,,CJ Anderson,Indian Premier League,15,male,2017/04/15,6,,,22
1082606,2017,2017-04-16,Wankhede Stadium,Mumbai,Mumbai Indians,Gujarat Lions,Mumbai Indians,field,Mumbai Indians,,6,,N Rana,Indian Premier League,16,male,2017/04/16,6,,,22
1082607,2017,2017-04-16,M Chinnaswamy Stadium,Bangalore,Royal Challengers Bangalore,Rising Pune Supergiant,Royal Challengers Bangalore,field,Rising Pune Supergiant,27,,,BA Stokes,Indian Premier League,17,male,2017/04/16,6,,,22
1082608,2017,2017-04-17,Feroz Shah Kotla,Delhi,Delhi Daredevils,Kolkata Knight Riders,Delhi Daredevils,bat,Kolkata Knight Riders,,4,,NM Coulter-Nile,Indian Premier League,18,male,2017/04/17,6,,,22
1082609,2017,2017-04-17,"Rajiv Gandhi International Stadium, Uppal",Hyderabad,Sunrisers Hyderabad,Kings XI Punjab,Kings XI Punjab,field,Sunrisers Hyderabad,5,,,B Kumar,Indian Premier League,19,male,2017/04/17,6,,,22
1082610,2017,2017-04-18,Saurashtra Cricket Association Stadium,Rajkot,Gujarat Lions,Royal Challengers Bangalore,Gujarat Lions,field,Royal Challengers Bangalore,21,,,CH Gayle,Indian Premier League,20,male,2017/04/18,6,,,22
1082611,2017,2017-04-19,"Rajiv Gandhi International Stadium, Uppal",Hyderabad,Sunrisers Hyderabad,Delhi Daredevils,Sunrisers Hyderabad,bat,Sunrisers Hyderabad,15,,,KS Williamson,Indian Premier League,21,male,2017/04/19,6,,,22
1082612,2017,2017-04-20,Holkar Cricket Stadium,Indore,Kings XI Punjab,Mumbai Indians,Mumbai Indians,field,Mumbai Indians,,8,,JC Buttler,Indian Premier League,22,male,2017/04/20,6,,,22
1082613,2017,2017-04-21,Eden Gardens,Kolkata,Kolkata Knight Riders,Gujarat Lions,Gujarat Lions,field,Gujarat Lions,,4,,SK Raina,Indian Premier League,23,male,2017/04/21,6,,,22
1082614,2017,2017-04-22,Wankhede Stadium,Mumbai,Mumbai Indians,Delhi Daredevils,Delhi Daredevils,field,Mumbai Indians,14,,,MJ McClenaghan,Indian Premier League,25,male,2017/04/22,6,,,22
1082615,2017,2017-04-22,Maharashtra Cricket Association Stadium,Pune,Rising Pune Supergiant,Sunrisers Hyderabad,Rising Pune Supergiant,field,Rising Pune Supergiant,,6,,MS Dhoni,Indian Premier League,24,male,2017/04/22,6,,,22
1082616,2017,2017-04-23,Saurashtra Cricket Association Stadium,Rajkot,Gujarat Lions,Kings XI Punjab,Gujarat Lions,field,Kings XI Punjab,26,,,HM Amla,Indian Premier League,26,male,2017/04/23,6,,,22
1082617,2017,2017-04-23,Eden Gardens,Kolkata,Kolkata Knight Riders,Royal Challengers Bangalore,Royal Challengers Bangalore,field,Kolkata Knight Riders,82,,,NM Coulter-Nile,Indian Premier League,27,male,2017/04/23,6,,,22
1082618,2017,2017-04-24,Wankhede Stadium,Mumbai,Mumbai Indians,Rising Pune Supergiant,Mumbai Indians,field,Rising Pune Supergiant,3,,,BA Stokes,Indian Premier League,28,male,2017/04/24,6,,,22
1082620,2017,2017-04-26,Maharashtra Cricket Association Stadium,Pune,Rising Pune Supergiant,Kolkata Knight Riders,Kolkata Knight Riders,field,Kolkata Knight Riders,,7,,RV Uthappa,Indian Premier League,30,male,2017/04/26,6,,,22
1082621,2017,2017-04-27,M Chinnaswamy Stadium,Bangalore,Royal Challengers Bangalore,Gujarat Lions,Gujarat Lions,field,Gujarat Lions,,7,,AJ Tye,Indian Premier League,31,male,2017/04/27,6,,,22
1082622,2017,2017-04-28,Eden Gardens,Kolkata,Kolkata Knight Riders,Delhi Daredevils,Kolkata Knight Riders,field,Kolkata Knight Riders,,7,,G Gambhir,Indian Premier League,32,male,2017/04/28,6,,,22
1082623,2017,2017-04-28,"Punjab Cricket Association IS Bindra Stadium, Mohali",Chandigarh,Kings XI Punjab,Sunrisers Hyderabad,Kings XI Punjab,field,Sunrisers Hyderabad,26,,,Rashid Khan,Indian Premier League,33,male,2017/04/28,6,,,22
1082624,2017,2017-04-29,Maharashtra Cricket Association Stadium,Pune,Rising Pune Supergiant,Royal Challengers Bangalore,Royal Challengers Bangalore,field,Rising Pune Supergiant,61,,,LH Ferguson,Indian Premier League,34,male,2017/04/29,6,,,22
1082625,2017,2017-04-29,Saurashtra Cricket Association Stadium,Rajkot,Gujarat Lions,Mumbai Indians,Gujarat Lions,bat,,,,,KH Pandya,Indian Premier League,35,male,2017/04/29,6,,Mumbai Indians,22
1082626,2017,2017-04-30,"Punjab Cricket Association IS Bindra Stadium, Mohali",Chandigarh,Kings XI Punjab,Delhi Daredevils,Kings XI Punjab,field,Kings XI Punjab,,10,,Sandeep Sharma,Indian Premier League,36,male,2017/04/30,6,,,22
1082627,2017,2017-04-30,"Rajiv Gandhi International Stadium, Uppal",Hyderabad,Sunrisers Hyderabad,Kolkata Knight Riders,Kolkata Knight Riders,field,Sunrisers Hyderabad,48,,,DA Warner,Indian Premier League,37,male,2017/04/30,6,,,22
1082628,2017,2017-05-01,Wankhede Stadium,Mumbai,Mumbai Indians,Royal Challengers Bangalore,Royal Challengers Bangalore,bat,Mumbai Indians,,5,,RG Sharma,Indian Premier League,38,male,2017/05/01,6,,,22
1082629,2017,2017-05-01,Maharashtra Cricket Association Stadium,Pune,Rising Pune Supergiant,Gujarat Lions,Rising Pune Supergiant,field,Rising Pune Supergiant,,5,,BA Stokes,Indian Premier League,39,male,2017/05/01,6,,,22
1082630,2017,2017-05-02,Feroz Shah Kotla,Delhi,Delhi Daredevils,Sunrisers Hyderabad,Delhi Daredevils,field,Delhi Daredevils,,6,,Mohammed Shami,Indian Premier League,40,male,2017/05/02,6,,,22
1082631,2017,2017-05-03,Eden Gardens,Kolkata,Kolkata Knight Riders,Rising Pune Supergiant,Rising Pune Supergiant,field,Rising Pune Supergiant,,4,,RA Tripathi,Indian Premier League,41,male,2017/05/03,6,,,22
1082632,2017,2017-05-04,Feroz Shah Kotla,Delhi,Delhi Daredevils,Gujarat Lions,Delhi Daredevils,field,Delhi Daredevils,,7,,RR Pant,Indian Premier League,42,male,2017/05/04,6,,,22
1082633,2017,2017-05-05,M Chinnaswamy Stadium,Bangalore,Royal Challengers Bangalore,Kings XI Punjab,Royal Challengers Bangalore,field,Kings XI Punjab,19,,,Sandeep Sharma,Indian Premier League,43,male,2017/05/05,6,,,22
1082634,2017,2017-05-06,"Rajiv Gandhi International Stadium, Uppal",Hyderabad,Sunrisers Hyderabad,Rising Pune Supergiant,Sunrisers Hyderabad,field,Rising Pune Supergiant,12,,,JD Unadkat,Indian Premier League,44,male,2017/05/06,6,,,22
1082635,2017,2017-05-06,Feroz Shah Kotla,Delhi,Delhi Daredevils,Mumbai Indians,Delhi Daredevils,field,Mumbai Indians,146,,,LMP Simmons,Indian Premier League,45,male,2017/05/06,6,,,22
1082636,2017,2017-05-07,M Chinnaswamy Stadium,Bangalore,Royal Challengers Bangalore,Kolkata Knight Riders,Kolkata Knight Riders,field,Kolkata Knight Riders,,6,,SP Narine,Indian Premier League,46,male,2017/05/07,6,,,22
1082637,2017,2017-05-07,"Punjab Cricket Association IS Bindra Stadium, Mohali",Chandigarh,Kings XI Punjab,Gujarat Lions,Gujarat Lions,field,Gujarat Lions,,6,,DR Smith,Indian Premier League,47,male,2017/05/07,6,,,22
1082638,2017,2017-05-08,"Rajiv Gandhi International Stadium, Uppal",Hyderabad,Sunrisers Hyderabad,Mumbai Indians,Mumbai Indians,bat,Sunrisers Hyderabad,,7,,S Dhawan,Indian Premier League,48,male,2017/05/08,6,,,22
1082639,2017,2017-05-09,"Punjab Cricket Association IS Bindra Stadium, Mohali",Chandigarh,Kings XI Punjab,Kolkata Knight Riders,Kolkata Knight Riders,field,Kings XI Punjab,14,,,MM Sharma,Indian Premier League,49,male,2017/05/09,6,,,22
1082640,2017,2017-05-10,Green Park,Kanpur,Gujarat Lions,Delhi Daredevils,Delhi Daredevils,field,Delhi Daredevils,,2,,SS Iyer,Indian Premier League,50,male,2017/05/10,6,,,22
1082641,2017,2017-05-11,Wankhede Stadium,Mumbai,Mumbai Indians,Kings XI Punjab,Mumbai Indians,field,Kings XI Punjab,7,,,WP Saha,Indian Premier League,51,male,2017/05/11,6,,,22
1082642,2017,2017-05-12,Feroz Shah Kotla,Delhi,Delhi Daredevils,Rising Pune Supergiant,Delhi Daredevils,bat,Delhi Daredevils,7,,,KK Nair,Indian Premier League,52,male,2017/05/12,6,,,22
1082643,2017,2017-05-13,Green Park,Kanpur,Gujarat Lions,Sunrisers Hyderabad,Sunrisers Hyderabad,field,Sunrisers Hyderabad,,8,,Mohammed Siraj,Indian Premier League,53,male,2017/05/13,6,,,22
1082644,2017,2017-05-13,Eden Gardens,Kolkata,Kolkata Knight Riders,Mumbai Indians,Kolkata Knight Riders,field,Mumbai Indians,9,,,AT Rayudu,Indian Premier League,54,male,2017/05/13,6,,,22
1082645,2017,2017-05-14,Maharashtra Cricket Association Stadium,Pune,Rising Pune Supergiant,Kings XI Punjab,Rising Pune Supergiant,field,Rising Pune Supergiant,,9,,JD Unadkat,Indian Premier League,55,male,2017/05/14,6,,,22
1082646,2017,2017-05-14,Feroz Shah Kotla,Delhi,Delhi Daredevils,Royal Challengers Bangalore,Royal Challengers Bangalore,bat,Royal Challengers Bangalore,10,,,HV Patel,Indian Premier League,56,male,2017/05/14,6,,,22
1082647,2017,2017-05-16,Wankhede Stadium,Mumbai,Mumbai Indians,Rising Pune Supergiant,Mumbai Indians,field,Rising Pune Supergiant,20,,,Washington Sundar,Indian Premier League,,male,2017/05/16,6,,,22
1082648,2017,2017-05-17,M Chinnaswamy Stadium,Bangalore,Sunrisers Hyderabad,Kolkata Knight Riders,Kolkata Knight Riders,field,Kolkata Knight Riders,,7,,NM Coulter-Nile,Indian Premier League,,male,2017/05/17|2017/05/18,6,D/L,,22
1082649,2017,2017-05-19,M Chinnaswamy Stadium,Bangalore,Mumbai Indians,Kolkata Knight Riders,Mumbai Indians,field,Mumbai Indians,,6,,KV Sharma,Indian Premier League,,male,2017/05/19,6,,,22
1082650,2017,2017-05-21,"Rajiv Gandhi International Stadium, Uppal",Hyderabad,Mumbai Indians,Rising Pune Supergiant,Mumbai Indians,bat,Mumbai Indians,1,,,KH Pandya,Indian Premier League,,male,2017/05/21,6,,,22
1136561,2018,2018-04-07,Wankhede Stadium,Mumbai,Mumbai Indians,Chennai Super Kings,Chennai Super Kings,field,Chennai Super Kings,,1,,DJ Bravo,Indian Premier League,1,male,2018/04/07,6,,,22
1136562,2018,2018-04-08,Punjab Cricket Association IS Bindra Stadium,Chandigarh,Delhi Daredevils,Kings XI Punjab,Kings XI Punjab,field,Kings XI Punjab,,6,,KL Rahul,Indian Premier League,2,male,2018/04/08,6,,,22
1136563,2018,2018-04-08,Eden Gardens,Kolkata,Royal Challengers Bangalore,Kolkata Knight Riders,Kolkata Knight Riders,field,Kolkata Knight Riders,,4,,SP Narine,Indian Premier League,3,male,2018/04/08,6,,,22
1136564,2018,2018-04-09,Rajiv Gandhi International Stadium,Hyderabad,Rajasthan Royals,Sunrisers Hyderabad,Sunrisers Hyderabad,field,Sunrisers Hyderabad,,9,,S Dhawan,Indian Premier League,4,male,2018/04/09,6,,,22
1136565,2018,2018-04-10,MA Chidambaram Stadium,Chennai,Kolkata Knight Riders,Chennai Super Kings,Chennai Super Kings,field,Chennai Super Kings,,5,,SW Billings,Indian Premier League,5,male,2018/04/10,6,,,22
1136566,2018,2018-04-11,Sawai Mansingh Stadium,Jaipur,Rajasthan Royals,Delhi Daredevils,Delhi Daredevils,field,Rajasthan Royals,10,,,SV Samson,Indian Premier League,6,male,2018/04/11,6,D/L,,22
1136567,2018,2018-04-12,Rajiv Gandhi International Stadium,Hyderabad,Mumbai Indians,Sunrisers Hyderabad,Sunrisers Hyderabad,field,Sunrisers Hyderabad,,1,,Rashid Khan,Indian Premier League,7,male,2018/04/12,6,,,22
1136568,2018,2018-04-13,M.Chinnaswamy Stadium,Bengaluru,Kings XI Punjab,Royal Challengers Bangalore,Royal Challengers Bangalore,field,Royal Challengers Bangalore,,4,,UT Yadav,Indian Premier League,8,male,2018/04/13,6,,,22
1136569,2018,2018-04-14,Wankhede Stadium,Mumbai,Mumbai Indians,Delhi Daredevils,Delhi Daredevils,field,Delhi Daredevils,,7,,JJ Roy,Indian Premier League,9,male,2018/04/14,6,,,22
1136570,2018,2018-04-14,Eden Gardens,Kolkata,Kolkata Knight Riders,Sunrisers Hyderabad,Sunrisers Hyderabad,field,Sunrisers Hyderabad,,5,,B Stanlake,Indian Premier League,10,male,2018/04/14,6,,,22
1136571,2018,2018-04-15,M.Chinnaswamy Stadium,Bengaluru,Rajasthan Royals,Royal Challengers Bangalore,Royal Challengers Bangalore,field,Rajasthan Royals,19,,,SV Samson,Indian Premier League,11,male,2018/04/15,6,,,22
1136572,2018,2018-04-15,Punjab Cricket Association IS Bindra Stadium,Chandigarh,Kings XI Punjab,Chennai Super Kings,Chennai Super Kings,field,Kings XI Punjab,4,,,CH Gayle,Indian Premier League,12,male,2018/04/15,6,,,22
1136573,2018,2018-04-16,Eden Gardens,Kolkata,Kolkata Knight Riders,Delhi Daredevils,Delhi Daredevils,field,Kolkata Knight Riders,71,,,N Rana,Indian Premier League,13,male,2018/04/16,6,,,22
1136574,2018,2018-04-17,Wankhede Stadium,Mumbai,Mumbai Indians,Royal Challengers Bangalore,Royal Challengers Bangalore,field,Mumbai Indians,46,,,RG Sharma,Indian Premier League,14,male,2018/04/17,6,,,22
1136575,2018,2018-04-18,Sawai Mansingh Stadium,Jaipur,Rajasthan Royals,Kolkata Knight Riders,Kolkata Knight Riders,field,Kolkata Knight Riders,,7,,N Rana,Indian Premier League,15,male,2018/04/18,6,,,22
1136576,2018,2018-04-19,Punjab Cricket Association IS Bindra Stadium,Chandigarh,Kings XI Punjab,Sunrisers Hyderabad,Kings XI Punjab,bat,Kings XI Punjab,15,,,CH Gayle,Indian Premier League,16,male,2018/04/19,6,,,22
1136577,2018,2018-04-20,Maharashtra Cricket Association Stadium,Pune,Chennai Super Kings,Rajasthan Royals,Rajasthan Royals,field,Chennai Super Kings,64,,,SR Watson,Indian Premier League,17,male,2018/04/20,6,,,22
1136578,2018,2018-04-21,Eden Gardens,Kolkata,Kolkata Knight Riders,Kings XI Punjab,Kings XI Punjab,field,Kings XI Punjab,,9,,KL Rahul,Indian Premier League,18,male,2018/04/21,6,D/L,,22
1136579,2018,2018-04-21,M.Chinnaswamy Stadium,Bengaluru,Delhi Daredevils,Royal Challengers Bangalore,Royal Challengers Bangalore,field,Royal Challengers Bangalore,,6,,AB de Villiers,Indian Premier League,19,male,2018/04/21,6,,,22
1136580,2018,2018-04-22,Rajiv Gandhi International Stadium,Hyderabad,Chennai Super Kings,Sunrisers Hyderabad,Sunrisers Hyderabad,field,Chennai Super Kings,4,,,AT Rayudu,Indian Premier League,20,male,2018/04/22,6,,,22
1136581,2018,2018-04-22,Sawai Mansingh Stadium,Jaipur,Mumbai Indians,Rajasthan Royals,Mumbai Indians,bat,Rajasthan Royals,,3,,JC Archer,Indian Premier League,21,male,2018/04/22,6,,,22
1136582,2018,2018-04-23,Arun Jaitley Stadium,Delhi,Kings XI Punjab,Delhi Daredevils,Delhi Daredevils,field,Kings XI Punjab,4,,,AS Rajpoot,Indian Premier League,22,male,2018/04/23,6,,,22
1136583,2018,2018-04-24,Wankhede Stadium,Mumbai,Sunrisers Hyderabad,Mumbai Indians,Mumbai Indians,field,Sunrisers Hyderabad,31,,,Rashid Khan,Indian Premier League,23,male,2018/04/24,6,,,22
1136584,2018,2018-04-25,M.Chinnaswamy Stadium,Bengaluru,Royal Challengers Bangalore,Chennai Super Kings,Chennai Super Kings,field,Chennai Super Kings,,5,,MS Dhoni,Indian Premier League,24,male,2018/04/25,6,,,22
1136585,2018,2018-04-26,Rajiv Gandhi International Stadium,Hyderabad,Sunrisers Hyderabad,Kings XI Punjab,Kings XI Punjab,field,Sunrisers Hyderabad,13,,,AS Rajpoot,Indian Premier League,25,male,2018/04/26,6,,,22
1136586,2018,2018-04-27,Arun Jaitley Stadium,Delhi,Delhi Daredevils,Kolkata Knight Riders,Kolkata Knight Riders,field,Delhi Daredevils,55,,,SS Iyer,Indian Premier League,26,male,2018/04/27,6,,,22
1136587,2018,2018-04-28,Maharashtra Cricket Association Stadium,Pune,Chennai Super Kings,Mumbai Indians,Mumbai Indians,field,Mumbai Indians,,8,,RG Sharma,Indian Premier League,27,male,2018/04/28,6,,,22
1136588,2018,2018-04-29,Sawai Mansingh Stadium,Jaipur,Sunrisers Hyderabad,Rajasthan Royals,Sunrisers Hyderabad,bat,Sunrisers Hyderabad,11,,,KS Williamson,Indian Premier League,28,male,2018/04/29,6,,,22
1136589,2018,2018-04-29,M.Chinnaswamy Stadium,Bengaluru,Royal Challengers Bangalore,Kolkata Knight Riders,Kolkata Knight Riders,field,Kolkata Knight Riders,,6,,CA Lynn,Indian Premier League,29,male,2018/04/29,6,,,22
1136590,2018,2018-04-30,Maharashtra Cricket Association Stadium,Pune,Chennai Super Kings,Delhi Daredevils,Delhi Daredevils,field,Chennai Super Kings,13,,,SR Watson,Indian Premier League,30,male,2018/04/30,6,,,22
1136591,2018,2018-05-01,M.Chinnaswamy Stadium,Bengaluru,Royal Challengers Bangalore,Mumbai Indians,Mumbai Indians,field,Royal Challengers Bangalore,14,,,TG Southee,Indian Premier League,31,male,2018/05/01,6,,,22
1136592,2018,2018-05-02,Arun Jaitley Stadium,Delhi,Delhi Daredevils,Rajasthan Royals,Rajasthan Royals,field,Delhi Daredevils,4,,,RR Pant,Indian Premier League,32,male,2018/05/02,6,D/L,,22
1136593,2018,2018-05-03,Eden Gardens,Kolkata,Chennai Super Kings,Kolkata Knight Riders,Kolkata Knight Riders,field,Kolkata Knight Riders,,6,,SP Narine,Indian Premier League,33,male,2018/05/03,6,,,22
1136594,2018,2018-05-04,Holkar Cricket Stadium,Indore,Kings XI Punjab,Mumbai Indians,Mumbai Indians,field,Mumbai Indians,,6,,SA Yadav,Indian Premier League,34,male,2018/05/04,6,,,22
1136595,2018,2018-05-05,Maharashtra Cricket Association Stadium,Pune,Royal Challengers Bangalore,Chennai Super Kings,Chennai Super Kings,field,Chennai Super Kings,,6,,RA Jadeja,Indian Premier League,35,male,2018/05/05,6,,,22
1136596,2018,2018-05-05,Rajiv Gandhi International Stadium,Hyderabad,Delhi Daredevils,Sunrisers Hyderabad,Delhi Daredevils,bat,Sunrisers Hyderabad,,7,,Rashid Khan,Indian Premier League,36,male,2018/05/05,6,,,22
1136597,2018,2018-05-06,Wankhede Stadium,Mumbai,Mumbai Indians,Kolkata Knight Riders,Kolkata Knight Riders,field,Mumbai Indians,13,,,HH Pandya,Indian Premier League,37,male,2018/05/06,6,,,22
1136598,2018,2018-05-06,Holkar Cricket Stadium,Indore,Rajasthan Royals,Kings XI Punjab,Kings XI Punjab,field,Kings XI Punjab,,6,,Mujeeb Ur Rahman,Indian Premier League,38,male,2018/05/06,6,,,22
1136599,2018,2018-05-07,Rajiv Gandhi International Stadium,Hyderabad,Sunrisers Hyderabad,Royal Challengers Bangalore,Royal Challengers Bangalore,field,Sunrisers Hyderabad,5,,,KS Williamson,Indian Premier League,39,male,2018/05/07,6,,,22
1136600,2018,2018-05-08,Sawai Mansingh Stadium,Jaipur,Rajasthan Royals,Kings XI Punjab,Rajasthan Royals,bat,Rajasthan Royals,15,,,JC Buttler,Indian Premier League,40,male,2018/05/08,6,,,22
1136601,2018,2018-05-09,Eden Gardens,Kolkata,Mumbai Indians,Kolkata Knight Riders,Kolkata Knight Riders,field,Mumbai Indians,102,,,Ishan Kishan,Indian Premier League,41,male,2018/05/09,6,,,22
1136602,2018,2018-05-10,Arun Jaitley Stadium,Delhi,Delhi Daredevils,Sunrisers Hyderabad,Delhi Daredevils,bat,Sunrisers Hyderabad,,9,,S Dhawan,Indian Premier League,42,male,2018/05/10,6,,,22
1136603,2018,2018-05-11,Sawai Mansingh Stadium,Jaipur,Chennai Super Kings,Rajasthan Royals,Chennai Super Kings,bat,Rajasthan Royals,,4,,JC Buttler,Indian Premier League,43,male,2018/05/11,6,,,22
1136604,2018,2018-05-12,Holkar Cricket Stadium,Indore,Kolkata Knight Riders,Kings XI Punjab,Kings XI Punjab,field,Kolkata Knight Riders,31,,,SP Narine,Indian Premier League,44,male,2018/05/12,6,,,22
1136605,2018,2018-05-12,Arun Jaitley Stadium,Delhi,Delhi Daredevils,Royal Challengers Bangalore,Royal Challengers Bangalore,field,Royal Challengers Bangalore,,5,,AB de Villiers,Indian Premier League,45,male,2018/05/12,6,,,22
1136606,2018,2018-05-13,Maharashtra Cricket Association Stadium,Pune,Sunrisers Hyderabad,Chennai Super Kings,Chennai Super Kings,field,Chennai Super Kings,,8,,AT Rayudu,Indian Premier League,46,male,2018/05/13,6,,,22
1136607,2018,2018-05-13,Wankhede Stadium,Mumbai,Mumbai Indians,Rajasthan Royals,Rajasthan Royals,field,Rajasthan Royals,,7,,JC Buttler,Indian Premier League,47,male,2018/05/13,6,,,22
1136608,2018,2018-05-14,Holkar Cricket Stadium,Indore,Kings XI Punjab,Royal Challengers Bangalore,Royal Challengers Bangalore,field,Royal Challengers Bangalore,,10,,UT Yadav,Indian Premier League,48,male,2018/05/14,6,,,22
1136609,2018,2018-05-15,Eden Gardens,Kolkata,Rajasthan Royals,Kolkata Knight Riders,Kolkata Knight Riders,field,Kolkata Knight Riders,,6,,Kuldeep Yadav,Indian Premier League,49,male,2018/05/15,6,,,22
1136610,2018,2018-05-16,Wankhede Stadium,Mumbai,Mumbai Indians,Kings XI Punjab,Kings XI Punjab,field,Mumbai Indians,3,,,JJ Bumrah,Indian Premier League,50,male,2018/05/16,6,,,22
1136611,2018,2018-05-17,M.Chinnaswamy Stadium,Bengaluru,Royal Challengers Bangalore,Sunrisers Hyderabad,Sunrisers Hyderabad,field,Royal Challengers Bangalore,14,,,AB de Villiers,Indian Premier League,51,male,2018/05/17,6,,,22
1136612,2018,2018-05-18,Arun Jaitley Stadium,Delhi,Delhi Daredevils,Chennai Super Kings,Chennai Super Kings,field,Delhi Daredevils,34,,,HV Patel,Indian Premier League,52,male,2018/05/18,6,,,22
1136613,2018,2018-05-19,Sawai Mansingh Stadium,Jaipur,Rajasthan Royals,Royal Challengers Bangalore,Rajasthan Royals,bat,Rajasthan Royals,30,,,S Gopal,Indian Premier League,53,male,2018/05/19,6,,,22
1136614,2018,2018-05-19,Rajiv Gandhi International Stadium,Hyderabad,Sunrisers Hyderabad,Kolkata Knight Riders,Sunrisers Hyderabad,bat,Kolkata Knight Riders,,5,,CA Lynn,Indian Premier League,54,male,2018/05/19,6,,,22
1136615,2018,2018-05-20,Arun Jaitley Stadium,Delhi,Delhi Daredevils,Mumbai Indians,Delhi Daredevils,bat,Delhi Daredevils,11,,,A Mishra,Indian Premier League,55,male,2018/05/20,6,,,22
1136616,2018,2018-05-20,Maharashtra Cricket Association Stadium,Pune,Kings XI Punjab,Chennai Super Kings,Chennai Super Kings,field,Chennai Super Kings,,5,,L Ngidi,Indian Premier League,56,male,2018/05/20,6,,,22
1136617,2018,2018-05-22,Wankhede Stadium,Mumbai,Sunrisers Hyderabad,Chennai Super Kings,Chennai Super Kings,field,Chennai Super Kings,,2,,F du Plessis,Indian Premier League,,male,2018/05/22,6,,,22
1136618,2018,2018-05-23,Eden Gardens,Kolkata,Kolkata Knight Riders,Rajasthan Royals,Rajasthan Royals,field,Kolkata Knight Riders,25,,,AD Russell,Indian Premier League,,male,2018/05/23,6,,,22
1136619,2018,2018-05-25,Eden Gardens,Kolkata,Sunrisers Hyderabad,Kolkata Knight Riders,Kolkata Knight Riders,field,Sunrisers Hyderabad,14,,,Rashid Khan,Indian Premier League,,male,2018/05/25,6,,,22
1136620,2018,2018-05-27,Wankhede Stadium,Mumbai,Sunrisers Hyderabad,Chennai Super Kings,Chennai Super Kings,field,Chennai Super Kings,,8,,SR Watson,Indian Premier League,,male,2018/05/27,6,,,22
1175356,2019,2019-03-23,MA Chidambaram Stadium,Chennai,Royal Challengers Bangalore,Chennai Super Kings,Chennai Super Kings,field,Chennai Super Kings,,7,,Harbhajan Singh,Indian Premier League,1,male,2019/03/23,6,,,22
1175357,2019,2019-03-24,Eden Gardens,Kolkata,Sunrisers Hyderabad,Kolkata Knight Riders,Kolkata Knight Riders,field,Kolkata Knight Riders,,6,,AD Russell,Indian Premier League,2,male,2019/03/24,6,,,22
1175358,2019,2019-03-24,Wankhede Stadium,Mumbai,Delhi Capitals,Mumbai Indians,Mumbai Indians,field,Delhi Capitals,37,,,RR Pant,Indian Premier League,3,male,2019/03/24,6,,,22
1175359,2019,2019-03-25,Sawai Mansingh Stadium,Jaipur,Kings XI Punjab,Rajasthan Royals,Rajasthan Royals,field,Kings XI Punjab,14,,,CH Gayle,Indian Premier League,4,male,2019/03/25,6,,,22
1175360,2019,2019-03-26,Arun Jaitley Stadium,Delhi,Delhi Capitals,Chennai Super Kings,Delhi Capitals,bat,Chennai Super Kings,,6,,SR Watson,Indian Premier League,5,male,2019/03/26,6,,,22
1175361,2019,2019-03-27,Eden Gardens,Kolkata,Kolkata Knight Riders,Kings XI Punjab,Kings XI Punjab,field,Kolkata Knight Riders,28,,,AD Russell,Indian Premier League,6,male,2019/03/27,6,,,22
1175362,2019,2019-03-28,M.Chinnaswamy Stadium,Bengaluru,Mumbai Indians,Royal Challengers Bangalore,Royal Challengers Bangalore,field,Mumbai Indians,6,,,JJ Bumrah,Indian Premier League,7,male,2019/03/28,6,,,22
1175363,2019,2019-03-29,Rajiv Gandhi International Stadium,Hyderabad,Rajasthan Royals,Sunrisers Hyderabad,Rajasthan Royals,bat,Sunrisers Hyderabad,,5,,Rashid Khan,Indian Premier League,8,male,2019/03/29,6,,,22
1175364,2019,2019-03-30,Punjab Cricket Association IS Bindra Stadium,Chandigarh,Mumbai Indians,Kings XI Punjab,Kings XI Punjab,field,Kings XI Punjab,,8,,MA Agarwal,Indian Premier League,9,male,2019/03/30,6,,,22
1175365,2019,2019-03-30,Arun Jaitley Stadium,Delhi,Kolkata Knight Riders,Delhi Capitals,Delhi Capitals,field,,,,,PP Shaw,Indian Premier League,10,male,2019/03/30,6,,Delhi Capitals,22
1175366,2019,2019-03-31,Rajiv Gandhi International Stadium,Hyderabad,Sunrisers Hyderabad,Royal Challengers Bangalore,Royal Challengers Bangalore,field,Sunrisers Hyderabad,118,,,JM Bairstow,Indian Premier League,11,male,2019/03/31,6,,,22
1175367,2019,2019-03-31,MA Chidambaram Stadium,Chennai,Chennai Super Kings,Rajasthan Royals,Rajasthan Royals,field,Chennai Super Kings,8,,,MS Dhoni,Indian Premier League,12,male,2019/03/31,6,,,22
1175368,2019,2019-04-01,Punjab Cricket Association IS Bindra Stadium,Chandigarh,Kings XI Punjab,Delhi Capitals,Delhi Capitals,field,Kings XI Punjab,14,,,SM Curran,Indian Premier League,13,male,2019/04/01,6,,,22
1175369,2019,2019-04-02,Sawai Mansingh Stadium,Jaipur,Royal Challengers Bangalore,Rajasthan Royals,Rajasthan Royals,field,Rajasthan Royals,,7,,S Gopal,Indian Premier League,14,male,2019/04/02,6,,,22
1175370,2019,2019-04-03,Wankhede Stadium,Mumbai,Mumbai Indians,Chennai Super Kings,Chennai Super Kings,field,Mumbai Indians,37,,,HH Pandya,Indian Premier League,15,male,2019/04/03,6,,,22
1175371,2019,2019-04-04,Arun Jaitley Stadium,Delhi,Delhi Capitals,Sunrisers Hyderabad,Sunrisers Hyderabad,field,Sunrisers Hyderabad,,5,,JM Bairstow,Indian Premier League,16,male,2019/04/04,6,,,22
1175372,2019,2019-04-05,M.Chinnaswamy Stadium,Bengaluru,Royal Challengers Bangalore,Kolkata Knight Riders,Kolkata Knight Riders,field,Kolkata Knight Riders,,5,,AD Russell,Indian Premier League,17,male,2019/04/05,6,,,22
1178393,2019,2019-04-06,MA Chidambaram Stadium,Chennai,Chennai Super Kings,Kings XI Punjab,Chennai Super Kings,bat,Chennai Super Kings,22,,,Harbhajan Singh,Indian Premier League,18,male,2019/04/06,6,,,22
1178394,2019,2019-04-06,Rajiv Gandhi International Stadium,Hyderabad,Mumbai Indians,Sunrisers Hyderabad,Sunrisers Hyderabad,field,Mumbai Indians,40,,,AS Joseph,Indian Premier League,19,male,2019/04/06,6,,,22
1178395,2019,2019-04-07,M.Chinnaswamy Stadium,Bengaluru,Royal Challengers Bangalore,Delhi Capitals,Delhi Capitals,field,Delhi Capitals,,4,,K Rabada,Indian Premier League,20,male,2019/04/07,6,,,22
1178396,2019,2019-04-07,Sawai Mansingh Stadium,Jaipur,Rajasthan Royals,Kolkata Knight Riders,Kolkata Knight Riders,field,Kolkata Knight Riders,,8,,HF Gurney,Indian Premier League,21,male,2019/04/07,6,,,22
1178397,2019,2019-04-08,Punjab Cricket Association IS Bindra Stadium,Chandigarh,Sunrisers Hyderabad,Kings XI Punjab,Kings XI Punjab,field,Kings XI Punjab,,6,,KL Rahul,Indian Premier League,22,male,2019/04/08,6,,,22
1178398,2019,2019-04-09,MA Chidambaram Stadium,Chennai,Kolkata Knight Riders,Chennai Super Kings,Chennai Super Kings,field,Chennai Super Kings,,7,,DL Chahar,Indian Premier League,23,male,2019/04/09,6,,,22
1178399,2019,2019-04-10,Wankhede Stadium,Mumbai,Kings XI Punjab,Mumbai Indians,Mumbai Indians,field,Mumbai Indians,,3,,KA Pollard,Indian Premier League,24,male,2019/04/10,6,,,22
1178400,2019,2019-04-11,Sawai Mansingh Stadium,Jaipur,Rajasthan Royals,Chennai Super Kings,Chennai Super Kings,field,Chennai Super Kings,,4,,MS Dhoni,Indian Premier League,25,male,2019/04/11,6,,,22
1178401,2019,2019-04-12,Eden Gardens,Kolkata,Kolkata Knight Riders,Delhi Capitals,Delhi Capitals,field,Delhi Capitals,,7,,S Dhawan,Indian Premier League,26,male,2019/04/12,6,,,22
1178402,2019,2019-04-13,Wankhede Stadium,Mumbai,Mumbai Indians,Rajasthan Royals,Rajasthan Royals,field,Rajasthan Royals,,4,,JC Buttler,Indian Premier League,27,male,2019/04/13,6,,,22
1178403,2019,2019-04-13,Punjab Cricket Association IS Bindra Stadium,Chandigarh,Kings XI Punjab,Royal Challengers Bangalore,Royal Challengers Bangalore,field,Royal Challengers Bangalore,,8,,AB de Villiers,Indian Premier League,28,male,2019/04/13,6,,,22
1178404,2019,2019-04-14,Eden Gardens,Kolkata,Kolkata Knight Riders,Chennai Super Kings,Chennai Super Kings,field,Chennai Super Kings,,5,,Imran Tahir,Indian Premier League,29,male,2019/04/14,6,,,22
1178405,2019,2019-04-14,Rajiv Gandhi International Stadium,Hyderabad,Delhi Capitals,Sunrisers Hyderabad,Sunrisers Hyderabad,field,Delhi Capitals,39,,,KMA Paul,Indian Premier League,30,male,2019/04/14,6,,,22
1178406,2019,2019-04-15,Wankhede Stadium,Mumbai,Royal Challengers Bangalore,Mumbai Indians,Mumbai Indians,field,Mumbai Indians,,5,,SL Malinga,Indian Premier League,31,male,2019/04/15,6,,,22
1178407,2019,2019-04-16,Punjab Cricket Association IS Bindra Stadium,Chandigarh,Kings XI Punjab,Rajasthan Royals,Rajasthan Royals,field,Kings XI Punjab,12,,,R Ashwin,Indian Premier League,32,male,2019/04/16,6,,,22
1178408,2019,2019-04-17,Rajiv Gandhi International Stadium,Hyderabad,Chennai Super Kings,Sunrisers Hyderabad,Chennai Super Kings,bat,Sunrisers Hyderabad,,6,,DA Warner,Indian Premier League,33,male,2019/04/17,6,,,22
1178409,2019,2019-04-18,Arun Jaitley Stadium,Delhi,Mumbai Indians,Delhi Capitals,Mumbai Indians,bat,Mumbai Indians,40,,,HH Pandya,Indian Premier League,34,male,2019/04/18,6,,,22
1178410,2019,2019-04-19,Eden Gardens,Kolkata,Royal Challengers Bangalore,Kolkata Knight Riders,Kolkata Knight Riders,field,Royal Challengers Bangalore,10,,,V Kohli,Indian Premier League,35,male,2019/04/19,6,,,22
1178411,2019,2019-04-20,Sawai Mansingh Stadium,Jaipur,Mumbai Indians,Rajasthan Royals,Rajasthan Royals,field,Rajasthan Royals,,5,,SPD Smith,Indian Premier League,36,male,2019/04/20,6,,,22
1178412,2019,2019-04-20,Arun Jaitley Stadium,Delhi,Kings XI Punjab,Delhi Capitals,Delhi Capitals,field,Delhi Capitals,,5,,SS Iyer,Indian Premier League,37,male,2019/04/20,6,,,22
1178413,2019,2019-04-21,Rajiv Gandhi International Stadium,Hyderabad,Kolkata Knight Riders,Sunrisers Hyderabad,Sunrisers Hyderabad,field,Sunrisers Hyderabad,,9,,KK Ahmed,Indian Premier League,38,male,2019/04/21,6,,,22
1178414,2019,2019-04-21,M.Chinnaswamy Stadium,Bengaluru,Royal Challengers Bangalore,Chennai Super Kings,Chennai Super Kings,field,Royal Challengers Bangalore,1,,,PA Patel,Indian Premier League,39,male,2019/04/21,6,,,22
1178415,2019,2019-04-22,Sawai Mansingh Stadium,Jaipur,Rajasthan Royals,Delhi Capitals,Delhi Capitals,field,Delhi Capitals,,6,,RR Pant,Indian Premier League,40,male,2019/04/22,6,,,22
1178416,2019,2019-04-23,MA Chidambaram Stadium,Chennai,Sunrisers Hyderabad,Chennai Super Kings,Chennai Super Kings,field,Chennai Super Kings,,6,,SR Watson,Indian Premier League,41,male,2019/04/23,6,,,22
1178417,2019,2019-04-24,M.Chinnaswamy Stadium,Bengaluru,Royal Challengers Bangalore,Kings XI Punjab,Kings XI Punjab,field,Royal Challengers Bangalore,17,,,AB de Villiers,Indian Premier League,42,male,2019/04/24,6,,,22
1178418,2019,2019-04-25,Eden Gardens,Kolkata,Kolkata Knight Riders,Rajasthan Royals,Rajasthan Royals,field,Rajasthan Royals,,3,,VR Aaron,Indian Premier League,43,male,2019/04/25,6,,,22
1178419,2019,2019-04-26,MA Chidambaram Stadium,Chennai,Mumbai Indians,Chennai Super Kings,Chennai Super Kings,field,Mumbai Indians,46,,,RG Sharma,Indian Premier League,44,male,2019/04/26,6,,,22
1178420,2019,2019-04-27,Sawai Mansingh Stadium,Jaipur,Sunrisers Hyderabad,Rajasthan Royals,Rajasthan Royals,field,Rajasthan Royals,,7,,JD Unadkat,Indian Premier League,45,male,2019/04/27,6,,,22
1178421,2019,2019-04-28,Arun Jaitley Stadium,Delhi,Delhi Capitals,Royal Challengers Bangalore,Delhi Capitals,bat,Delhi Capitals,16,,,S Dhawan,Indian Premier League,46,male,2019/04/28,6,,,22
1178422,2019,2019-04-28,Eden Gardens,Kolkata,Kolkata Knight Riders,Mumbai Indians,Mumbai Indians,field,Kolkata Knight Riders,34,,,AD Russell,Indian Premier League,47,male,2019/04/28,6,,,22
1178423,2019,2019-04-29,Rajiv Gandhi International Stadium,Hyderabad,Sunrisers Hyderabad,Kings XI Punjab,Kings XI Punjab,field,Sunrisers Hyderabad,45,,,DA Warner,Indian Premier League,48,male,2019/04/29,6,,,22
1178424,2019,2019-04-30,M.Chinnaswamy Stadium,Bengaluru,Royal Challengers Bangalore,Rajasthan Royals,Rajasthan Royals,field,,,,,,Indian Premier League,49,male,2019/04/30,6,,,22
1178425,2019,2019-05-01,MA Chidambaram Stadium,Chennai,Chennai Super Kings,Delhi Capitals,Delhi Capitals,field,Chennai Super Kings,80,,,MS Dhoni,Indian Premier League,50,male,2019/05/01,6,,,22
1178426,2019,2019-05-02,Wankhede Stadium,Mumbai,Mumbai Indians,Sunrisers Hyderabad,Mumbai Indians,bat,,,,,JJ Bumrah,Indian Premier League,51,male,2019/05/02,6,,Mumbai Indians,22
1178427,2019,2019-05-03,Punjab Cricket Association IS Bindra Stadium,Chandigarh,Kings XI Punjab,Kolkata Knight Riders,Kolkata Knight Riders,field,Kolkata Knight Riders,,7,,Shubman Gill,Indian Premier League,52,male,2019/05/03,6,,,22
1178428,2019,2019-05-04,Arun Jaitley Stadium,Delhi,Rajasthan Royals,Delhi Capitals,Rajasthan Royals,bat,Delhi Capitals,,5,,A Mishra,Indian Premier League,53,male,2019/05/04,6,,,22
1178429,2019,2019-05-04,M.Chinnaswamy Stadium,Bengaluru,Sunrisers Hyderabad,Royal Challengers Bangalore,Royal Challengers Bangalore,field,Royal Challengers Bangalore,,4,,SO Hetmyer,Indian Premier League,54,male,2019/05/04,6,,,22
1178430,2019,2019-05-05,Punjab Cricket Association IS Bindra Stadium,Chandigarh,Chennai Super Kings,Kings XI Punjab,Kings XI Punjab,field,Kings XI Punjab,,6,,KL Rahul,Indian Premier League,55,male,2019/05/05,6,,,22
1178431,2019,2019-05-05,Wankhede Stadium,Mumbai,Kolkata Knight Riders,Mumbai Indians,Mumbai Indians,field,Mumbai Indians,,9,,HH Pandya,Indian Premier League,56,male,2019/05/05,6,,,22
1181764,2019,2019-05-07,MA Chidambaram Stadium,Chennai,Chennai Super Kings,Mumbai Indians,Chennai Super Kings,bat,Mumbai Indians,,6,,SA Yadav,Indian Premier League,,male,2019/05/07,6,,,22
1181766,2019,2019-05-08,Dr. Y.S. Rajasekhara Reddy ACA-VDCA Cricket Stadium,Visakhapatnam,Sunrisers Hyderabad,Delhi Capitals,Delhi Capitals,field,Delhi Capitals,,2,,RR Pant,Indian Premier League,,male,2019/05/08,6,,,22
1181767,2019,2019-05-10,Dr. Y.S. Rajasekhara Reddy ACA-VDCA Cricket Stadium,Visakhapatnam,Delhi Capitals,Chennai Super Kings,Chennai Super Kings,field,Chennai Super Kings,,6,,F du Plessis,Indian Premier League,,male,2019/05/10,6,,,22
1181768,2019,2019-05-12,Rajiv Gandhi International Stadium,Hyderabad,Mumbai Indians,Chennai Super Kings,Mumbai Indians,bat,Mumbai Indians,1,,,JJ Bumrah,Indian Premier League,,male,2019/05/12,6,,,22
1216492,2020/21,2020-09-19,Sheikh Zayed Stadium,Abu Dhabi,Mumbai Indians,Chennai Super Kings,Chennai Super Kings,field,Chennai Super Kings,,5,,AT Rayudu,Indian Premier League,1,male,2020/09/19,6,,,22
1216493,2020/21,2020-09-20,Dubai International Cricket Stadium,,Delhi Capitals,Kings XI Punjab,Kings XI Punjab,field,,,,,MP Stoinis,Indian Premier League,2,male,2020/09/20,6,,Delhi Capitals,22
1216494,2020/21,2020-10-21,Sheikh Zayed Stadium,Abu Dhabi,Kolkata Knight Riders,Royal Challengers Bangalore,Kolkata Knight Riders,bat,Royal Challengers Bangalore,,8,,Mohammed Siraj,Indian Premier League,39,male,2020/10/21,6,,,22
1216495,2020/21,2020-11-03,Sharjah Cricket Stadium,,Mumbai Indians,Sunrisers Hyderabad,Sunrisers Hyderabad,field,Sunrisers Hyderabad,,10,,S Nadeem,Indian Premier League,56,male,2020/11/03,6,,,22
1216496,2020/21,2020-09-22,Sharjah Cricket Stadium,,Rajasthan Royals,Chennai Super Kings,Chennai Super Kings,field,Rajasthan Royals,16,,,SV Samson,Indian Premier League,4,male,2020/09/22,6,,,22
1216497,2020/21,2020-10-24,Sheikh Zayed Stadium,Abu Dhabi,Kolkata Knight Riders,Delhi Capitals,Delhi Capitals,field,Kolkata Knight Riders,59,,,CV Varun,Indian Premier League,42,male,2020/10/24,6,,,22
1216498,2020/21,2020-10-24,Dubai International Cricket Stadium,,Kings XI Punjab,Sunrisers Hyderabad,Sunrisers Hyderabad,field,Kings XI Punjab,12,,,CJ Jordan,Indian Premier League,43,male,2020/10/24,6,,,22
1216499,2020/21,2020-10-28,Sheikh Zayed Stadium,Abu Dhabi,Royal Challengers Bangalore,Mumbai Indians,Mumbai Indians,field,Mumbai Indians,,5,,SA Yadav,Indian Premier League,48,male,2020/10/28,6,,,22
1216500,2020/21,2020-10-09,Sharjah Cricket Stadium,,Delhi Capitals,Rajasthan Royals,Rajasthan Royals,field,Delhi Capitals,46,,,R Ashwin,Indian Premier League,23,male,2020/10/09,6,,,22
1216501,2020/21,2020-10-07,Sheikh Zayed Stadium,Abu Dhabi,Kolkata Knight Riders,Chennai Super Kings,Kolkata Knight Riders,bat,Kolkata Knight Riders,10,,,RA Tripathi,Indian Premier League,21,male,2020/10/07,6,,,22
1216502,2020/21,2020-10-31,Sharjah Cricket Stadium,,Royal Challengers Bangalore,Sunrisers Hyderabad,Sunrisers Hyderabad,field,Sunrisers Hyderabad,,5,,Sandeep Sharma,Indian Premier League,52,male,2020/10/31,6,,,22
1216503,2020/21,2020-10-01,Sheikh Zayed Stadium,Abu Dhabi,Mumbai Indians,Kings XI Punjab,Kings XI Punjab,field,Mumbai Indians,48,,,KA Pollard,Indian Premier League,13,male,2020/10/01,6,,,22
1216504,2020/21,2020-09-30,Dubai International Cricket Stadium,,Kolkata Knight Riders,Rajasthan Royals,Rajasthan Royals,field,Kolkata Knight Riders,37,,,Shivam Mavi,Indian Premier League,12,male,2020/09/30,6,,,22
1216505,2020/21,2020-11-02,Sheikh Zayed Stadium,Abu Dhabi,Royal Challengers Bangalore,Delhi Capitals,Delhi Capitals,field,Delhi Capitals,,6,,A Nortje,Indian Premier League,55,male,2020/11/02,6,,,22
1216506,2020/21,2020-11-01,Sheikh Zayed Stadium,Abu Dhabi,Kings XI Punjab,Chennai Super Kings,Chennai Super Kings,field,Chennai Super Kings,,9,,RD Gaikwad,Indian Premier League,53,male,2020/11/01,6,,,22
1216507,2020/21,2020-10-11,Dubai International Cricket Stadium,,Sunrisers Hyderabad,Rajasthan Royals,Sunrisers Hyderabad,bat,Rajasthan Royals,,5,,R Tewatia,Indian Premier League,26,male,2020/10/11,6,,,22
1216508,2020/21,2020-09-23,Sheikh Zayed Stadium,Abu Dhabi,Mumbai Indians,Kolkata Knight Riders,Kolkata Knight Riders,field,Mumbai Indians,49,,,RG Sharma,Indian Premier League,5,male,2020/09/23,6,,,22
1216509,2020/21,2020-10-17,Sharjah Cricket Stadium,,Chennai Super Kings,Delhi Capitals,Chennai Super Kings,bat,Delhi Capitals,,5,,S Dhawan,Indian Premier League,34,male,2020/10/17,6,,,22
1216510,2020/21,2020-09-24,Dubai International Cricket Stadium,,Kings XI Punjab,Royal Challengers Bangalore,Royal Challengers Bangalore,field,Kings XI Punjab,97,,,KL Rahul,Indian Premier League,6,male,2020/09/24,6,,,22
1216511,2020/21,2020-10-06,Sheikh Zayed Stadium,Abu Dhabi,Mumbai Indians,Rajasthan Royals,Mumbai Indians,bat,Mumbai Indians,57,,,SA Yadav,Indian Premier League,20,male,2020/10/06,6,,,22
1216512,2020/21,2020-10-18,Sheikh Zayed Stadium,Abu Dhabi,Kolkata Knight Riders,Sunrisers Hyderabad,Sunrisers Hyderabad,field,,,,,LH Ferguson,Indian Premier League,35,male,2020/10/18,6,,Kolkata Knight Riders,22
1216513,2020/21,2020-10-04,Dubai International Cricket Stadium,,Kings XI Punjab,Chennai Super Kings,Kings XI Punjab,bat,Chennai Super Kings,,10,,SR Watson,Indian Premier League,18,male,2020/10/04,6,,,22
1216514,2020/21,2020-10-03,Sheikh Zayed Stadium,Abu Dhabi,Rajasthan Royals,Royal Challengers Bangalore,Rajasthan Royals,bat,Royal Challengers Bangalore,,8,,YS Chahal,Indian Premier League,15,male,2020/10/03,6,,,22
1216515,2020/21,2020-10-03,Sharjah Cricket Stadium,,Delhi Capitals,Kolkata Knight Riders,Kolkata Knight Riders,field,Delhi Capitals,18,,,SS Iyer,Indian Premier League,16,male,2020/10/03,6,,,22
1216516,2020/21,2020-10-02,Dubai International Cricket Stadium,,Sunrisers Hyderabad,Chennai Super Kings,Sunrisers Hyderabad,bat,Sunrisers Hyderabad,7,,,PK Garg,Indian Premier League,14,male,2020/10/02,6,,,22
1216517,2020/21,2020-10-18,Dubai International Cricket Stadium,,Mumbai Indians,Kings XI Punjab,Mumbai Indians,bat,,,,,KL Rahul,Indian Premier League,36,male,2020/10/18,6,,Kings XI Punjab,22
1216518,2020/21,2020-10-22,Dubai International Cricket Stadium,,Rajasthan Royals,Sunrisers Hyderabad,Sunrisers Hyderabad,field,Sunrisers Hyderabad,,8,,MK Pandey,Indian Premier League,40,male,2020/10/22,6,,,22
1216519,2020/21,2020-10-05,Dubai International Cricket Stadium,,Delhi Capitals,Royal Challengers Bangalore,Royal Challengers Bangalore,field,Delhi Capitals,59,,,AR Patel,Indian Premier League,19,male,2020/10/05,6,,,22
1216520,2020/21,2020-10-26,Sharjah Cricket Stadium,,Kolkata Knight Riders,Kings XI Punjab,Kings XI Punjab,field,Kings XI Punjab,,8,,CH Gayle,Indian Premier League,46,male,2020/10/26,6,,,22
1216521,2020/21,2020-10-23,Sharjah Cricket Stadium,,Chennai Super Kings,Mumbai Indians,Mumbai Indians,field,Mumbai Indians,,10,,TA Boult,Indian Premier League,41,male,2020/10/23,6,,,22
1216522,2020/21,2020-10-17,Dubai International Cricket Stadium,,Rajasthan Royals,Royal Challengers Bangalore,Rajasthan Royals,bat,Royal Challengers Bangalore,,7,,AB de Villiers,Indian Premier League,33,male,2020/10/17,6,,,22
1216523,2020/21,2020-10-10,Sheikh Zayed Stadium,Abu Dhabi,Kolkata Knight Riders,Kings XI Punjab,Kolkata Knight Riders,bat,Kolkata Knight Riders,2,,,KD Karthik,Indian Premier League,24,male,2020/10/10,6,,,22
1216524,2020/21,2020-10-27,Dubai International Cricket Stadium,,Sunrisers Hyderabad,Delhi Capitals,Delhi Capitals,field,Sunrisers Hyderabad,88,,,WP Saha,Indian Premier League,47,male,2020/10/27,6,,,22
1216525,2020/21,2020-10-10,Dubai International Cricket Stadium,,Royal Challengers Bangalore,Chennai Super Kings,Royal Challengers Bangalore,bat,Royal Challengers Bangalore,37,,,V Kohli,Indian Premier League,25,male,2020/10/10,6,,,22
1216526,2020/21,2020-10-16,Sheikh Zayed Stadium,Abu Dhabi,Kolkata Knight Riders,Mumbai Indians,Kolkata Knight Riders,bat,Mumbai Indians,,8,,Q de Kock,Indian Premier League,32,male,2020/10/16,6,,,22
1216527,2020/21,2020-09-27,Sharjah Cricket Stadium,,Kings XI Punjab,Rajasthan Royals,Rajasthan Royals,field,Rajasthan Royals,,4,,SV Samson,Indian Premier League,9,male,2020/09/27,6,,,22
1216528,2020/21,2020-10-13,Dubai International Cricket Stadium,,Chennai Super Kings,Sunrisers Hyderabad,Chennai Super Kings,bat,Chennai Super Kings,20,,,RA Jadeja,Indian Premier League,29,male,2020/10/13,6,,,22
1216529,2020/21,2020-10-11,Sheikh Zayed Stadium,Abu Dhabi,Delhi Capitals,Mumbai Indians,Delhi Capitals,bat,Mumbai Indians,,5,,Q de Kock,Indian Premier League,27,male,2020/10/11,6,,,22
1216530,2020/21,2020-11-01,Dubai International Cricket Stadium,,Kolkata Knight Riders,Rajasthan Royals,Rajasthan Royals,field,Kolkata Knight Riders,60,,,PJ Cummins,Indian Premier League,54,male,2020/11/01,6,,,22
1216531,2020/21,2020-10-15,Sharjah Cricket Stadium,,Royal Challengers Bangalore,Kings XI Punjab,Royal Challengers Bangalore,bat,Kings XI Punjab,,8,,KL Rahul,Indian Premier League,31,male,2020/10/15,6,,,22
1216532,2020/21,2020-09-29,Sheikh Zayed Stadium,Abu Dhabi,Sunrisers Hyderabad,Delhi Capitals,Delhi Capitals,field,Sunrisers Hyderabad,15,,,Rashid Khan,Indian Premier League,11,male,2020/09/29,6,,,22
1216533,2020/21,2020-10-19,Sheikh Zayed Stadium,Abu Dhabi,Chennai Super Kings,Rajasthan Royals,Chennai Super Kings,bat,Rajasthan Royals,,7,,JC Buttler,Indian Premier League,37,male,2020/10/19,6,,,22
1216534,2020/21,2020-09-21,Dubai International Cricket Stadium,,Royal Challengers Bangalore,Sunrisers Hyderabad,Sunrisers Hyderabad,field,Royal Challengers Bangalore,10,,,YS Chahal,Indian Premier League,3,male,2020/09/21,6,,,22
1216535,2020/21,2020-10-31,Dubai International Cricket Stadium,,Delhi Capitals,Mumbai Indians,Mumbai Indians,field,Mumbai Indians,,9,,Ishan Kishan,Indian Premier League,51,male,2020/10/31,6,,,22
1216536,2020/21,2020-10-29,Dubai International Cricket Stadium,,Kolkata Knight Riders,Chennai Super Kings,Chennai Super Kings,field,Chennai Super Kings,,6,,RD Gaikwad,Indian Premier League,49,male,2020/10/29,6,,,22
1216537,2020/21,2020-10-30,Sheikh Zayed Stadium,Abu Dhabi,Kings XI Punjab,Rajasthan Royals,Rajasthan Royals,field,Rajasthan Royals,,7,,BA Stokes,Indian Premier League,50,male,2020/10/30,6,,,22
1216538,2020/21,2020-10-04,Sharjah Cricket Stadium,,Mumbai Indians,Sunrisers Hyderabad,Mumbai Indians,bat,Mumbai Indians,34,,,TA Boult,Indian Premier League,17,male,2020/10/04,6,,,22
1216539,2020/21,2020-09-25,Dubai International Cricket Stadium,,Delhi Capitals,Chennai Super Kings,Chennai Super Kings,field,Delhi Capitals,44,,,PP Shaw,Indian Premier League,7,male,2020/09/25,6,,,22
1216540,2020/21,2020-10-12,Sharjah Cricket Stadium,,Royal Challengers Bangalore,Kolkata Knight Riders,Royal Challengers Bangalore,bat,Royal Challengers Bangalore,82,,,AB de Villiers,Indian Premier League,28,male,2020/10/12,6,,,22
1216541,2020/21,2020-10-25,Sheikh Zayed Stadium,Abu Dhabi,Mumbai Indians,Rajasthan Royals,Mumbai Indians,bat,Rajasthan Royals,,8,,BA Stokes,Indian Premier League,45,male,2020/10/25,6,,,22
1216542,2020/21,2020-10-08,Dubai International Cricket Stadium,,Sunrisers Hyderabad,Kings XI Punjab,Sunrisers Hyderabad,bat,Sunrisers Hyderabad,69,,,JM Bairstow,Indian Premier League,22,male,2020/10/08,6,,,22
1216543,2020/21,2020-10-14,Dubai International Cricket Stadium,,Delhi Capitals,Rajasthan Royals,Delhi Capitals,bat,Delhi Capitals,13,,,A Nortje,Indian Premier League,30,male,2020/10/14,6,,,22
1216544,2020/21,2020-10-25,Dubai International Cricket Stadium,,Royal Challengers Bangalore,Chennai Super Kings,Royal Challengers Bangalore,bat,Chennai Super Kings,,8,,RD Gaikwad,Indian Premier League,44,male,2020/10/25,6,,,22
1216545,2020/21,2020-09-26,Sheikh Zayed Stadium,Abu Dhabi,Sunrisers Hyderabad,Kolkata Knight Riders,Sunrisers Hyderabad,bat,Kolkata Knight Riders,,7,,Shubman Gill,Indian Premier League,8,male,2020/09/26,6,,,22
1216546,2020/21,2020-10-20,Dubai International Cricket Stadium,,Delhi Capitals,Kings XI Punjab,Delhi Capitals,bat,Kings XI Punjab,,5,,S Dhawan,Indian Premier League,38,male,2020/10/20,6,,,22
1216547,2020/21,2020-09-28,Dubai International Cricket Stadium,,Royal Challengers Bangalore,Mumbai Indians,Mumbai Indians,field,,,,,AB de Villiers,Indian Premier League,10,male,2020/09/28,6,,Royal Challengers Bangalore,22
1237177,2020/21,2020-11-05,Dubai International Cricket Stadium,,Mumbai Indians,Delhi Capitals,Delhi Capitals,field,Mumbai Indians,57,,,JJ Bumrah,Indian Premier League,,male,2020/11/05,6,,,22
1237178,2020/21,2020-11-06,Sheikh Zayed Stadium,Abu Dhabi,Royal Challengers Bangalore,Sunrisers Hyderabad,Sunrisers Hyderabad,field,Sunrisers Hyderabad,,6,,KS Williamson,Indian Premier League,,male,2020/11/06,6,,,22
1237180,2020/21,2020-11-08,Sheikh Zayed Stadium,Abu Dhabi,Delhi Capitals,Sunrisers Hyderabad,Delhi Capitals,bat,Delhi Capitals,17,,,MP Stoinis,Indian Premier League,,male,2020/11/08,6,,,22
1237181,2020/21,2020-11-10,Dubai International Cricket Stadium,,Delhi Capitals,Mumbai Indians,Delhi Capitals,bat,Mumbai Indians,,5,,TA Boult,Indian Premier League,,male,2020/11/10,6,,,22
1254058,2021,2021-04-09,"MA Chidambaram Stadium, Chepauk, Chennai",Chennai,Mumbai Indians,Royal Challengers Bangalore,Royal Challengers Bangalore,field,Royal Challengers Bangalore,,2,,HV Patel,Indian Premier League,1,male,2021/04/09,6,,,22
1254059,2021,2021-04-10,"Wankhede Stadium, Mumbai",Mumbai,Chennai Super Kings,Delhi Capitals,Delhi Capitals,field,Delhi Capitals,,7,,S Dhawan,Indian Premier League,2,male,2021/04/10,6,,,22
1254060,2021,2021-04-11,"MA Chidambaram Stadium, Chepauk, Chennai",Chennai,Kolkata Knight Riders,Sunrisers Hyderabad,Sunrisers Hyderabad,field,Kolkata Knight Riders,10,,,N Rana,Indian Premier League,3,male,2021/04/11,6,,,22
1254061,2021,2021-04-12,"Wankhede Stadium, Mumbai",Mumbai,Punjab Kings,Rajasthan Royals,Rajasthan Royals,field,Punjab Kings,4,,,SV Samson,Indian Premier League,4,male,2021/04/12,6,,,22
1254062,2021,2021-04-13,"MA Chidambaram Stadium, Chepauk, Chennai",Chennai,Mumbai Indians,Kolkata Knight Riders,Kolkata Knight Riders,field,Mumbai Indians,10,,,RD Chahar,Indian Premier League,5,male,2021/04/13,6,,,22
1254063,2021,2021-04-14,"MA Chidambaram Stadium, Chepauk, Chennai",Chennai,Royal Challengers Bangalore,Sunrisers Hyderabad,Sunrisers Hyderabad,field,Royal Challengers Bangalore,6,,,GJ Maxwell,Indian Premier League,6,male,2021/04/14,6,,,22
1254064,2021,2021-04-15,"Wankhede Stadium, Mumbai",Mumbai,Delhi Capitals,Rajasthan Royals,Rajasthan Royals,field,Rajasthan Royals,,3,,JD Unadkat,Indian Premier League,7,male,2021/04/15,6,,,22
1254065,2021,2021-04-16,"Wankhede Stadium, Mumbai",Mumbai,Punjab Kings,Chennai Super Kings,Chennai Super Kings,field,Chennai Super Kings,,6,,DL Chahar,Indian Premier League,8,male,2021/04/16,6,,,22
1254066,2021,2021-04-17,"MA Chidambaram Stadium, Chepauk, Chennai",Chennai,Mumbai Indians,Sunrisers Hyderabad,Mumbai Indians,bat,Mumbai Indians,13,,,KA Pollard,Indian Premier League,9,male,2021/04/17,6,,,22
1254067,2021,2021-04-18,"MA Chidambaram Stadium, Chepauk, Chennai",Chennai,Royal Challengers Bangalore,Kolkata Knight Riders,Royal Challengers Bangalore,bat,Royal Challengers Bangalore,38,,,AB de Villiers,Indian Premier League,10,male,2021/04/18,6,,,22
1254068,2021,2021-04-18,"Wankhede Stadium, Mumbai",Mumbai,Punjab Kings,Delhi Capitals,Delhi Capitals,field,Delhi Capitals,,6,,S Dhawan,Indian Premier League,11,male,2021/04/18,6,,,22
1254069,2021,2021-04-19,"Wankhede Stadium, Mumbai",Mumbai,Chennai Super Kings,Rajasthan Royals,Rajasthan Royals,field,Chennai Super Kings,45,,,MM Ali,Indian Premier League,12,male,2021/04/19,6,,,22
1254070,2021,2021-04-20,"MA Chidambaram Stadium, Chepauk, Chennai",Chennai,Mumbai Indians,Delhi Capitals,Mumbai Indians,bat,Delhi Capitals,,6,,A Mishra,Indian Premier League,13,male,2021/04/20,6,,,22
1254071,2021,2021-04-21,"MA Chidambaram Stadium, Chepauk, Chennai",Chennai,Punjab Kings,Sunrisers Hyderabad,Punjab Kings,bat,Sunrisers Hyderabad,,9,,JM Bairstow,Indian Premier League,14,male,2021/04/21,6,,,22
1254072,2021,2021-04-21,"Wankhede Stadium, Mumbai",Mumbai,Chennai Super Kings,Kolkata Knight Riders,Kolkata Knight Riders,field,Chennai Super Kings,18,,,F du Plessis,Indian Premier League,15,male,2021/04/21,6,,,22
1254073,2021,2021-04-22,"Wankhede Stadium, Mumbai",Mumbai,Rajasthan Royals,Royal Challengers Bangalore,Royal Challengers Bangalore,field,Royal Challengers Bangalore,,10,,D Padikkal,Indian Premier League,16,male,2021/04/22,6,,,22
1254074,2021,2021-04-23,"MA Chidambaram Stadium, Chepauk, Chennai",Chennai,Mumbai Indians,Punjab Kings,Punjab Kings,field,Punjab Kings,,9,,KL Rahul,Indian Premier League,17,male,2021/04/23,6,,,22
1254075,2021,2021-04-24,"Wankhede Stadium, Mumbai",Mumbai,Kolkata Knight Riders,Rajasthan Royals,Rajasthan Royals,field,Rajasthan Royals,,6,,CH Morris,Indian Premier League,18,male,2021/04/24,6,,,22
1254076,2021,2021-04-25,"Wankhede Stadium, Mumbai",Mumbai,Chennai Super Kings,Royal Challengers Bangalore,Chennai Super Kings,bat,Chennai Super Kings,69,,,RA Jadeja,Indian Premier League,19,male,2021/04/25,6,,,22
1254077,2021,2021-04-25,"MA Chidambaram Stadium, Chepauk, Chennai",Chennai,Delhi Capitals,Sunrisers Hyderabad,Delhi Capitals,bat,,,,,PP Shaw,Indian Premier League,20,male,2021/04/25,6,,Delhi Capitals,22
1254078,2021,2021-04-26,"Narendra Modi Stadium, Ahmedabad",Ahmedabad,Punjab Kings,Kolkata Knight Riders,Kolkata Knight Riders,field,Kolkata Knight Riders,,5,,EJG Morgan,Indian Premier League,21,male,2021/04/26,6,,,22
1254079,2021,2021-04-27,"Narendra Modi Stadium, Ahmedabad",Ahmedabad,Royal Challengers Bangalore,Delhi Capitals,Delhi Capitals,field,Royal Challengers Bangalore,1,,,AB de Villiers,Indian Premier League,22,male,2021/04/27,6,,,22
1254080,2021,2021-04-28,"Arun Jaitley Stadium, Delhi",Delhi,Sunrisers Hyderabad,Chennai Super Kings,Sunrisers Hyderabad,bat,Chennai Super Kings,,7,,RD Gaikwad,Indian Premier League,23,male,2021/04/28,6,,,22
1254081,2021,2021-04-29,"Arun Jaitley Stadium, Delhi",Delhi,Rajasthan Royals,Mumbai Indians,Mumbai Indians,field,Mumbai Indians,,7,,Q de Kock,Indian Premier League,24,male,2021/04/29,6,,,22
1254082,2021,2021-04-29,"Narendra Modi Stadium, Ahmedabad",Ahmedabad,Kolkata Knight Riders,Delhi Capitals,Delhi Capitals,field,Delhi Capitals,,7,,PP Shaw,Indian Premier League,25,male,2021/04/29,6,,,22
1254083,2021,2021-04-30,"Narendra Modi Stadium, Ahmedabad",Ahmedabad,Punjab Kings,Royal Challengers Bangalore,Royal Challengers Bangalore,field,Punjab Kings,34,,,Harpreet Brar,Indian Premier League,26,male,2021/04/30,6,,,22
1254084,2021,2021-05-01,"Arun Jaitley Stadium, Delhi",Delhi,Chennai Super Kings,Mumbai Indians,Mumbai Indians,field,Mumbai Indians,,4,,KA Pollard,Indian Premier League,27,male,2021/05/01,6,,,22
1254085,2021,2021-05-02,"Arun Jaitley Stadium, Delhi",Delhi,Rajasthan Royals,Sunrisers Hyderabad,Sunrisers Hyderabad,field,Rajasthan Royals,55,,,JC Buttler,Indian Premier League,28,male,2021/05/02,6,,,22
1254086,2021,2021-05-02,"Narendra Modi Stadium, Ahmedabad",Ahmedabad,Punjab Kings,Delhi Capitals,Delhi Capitals,field,Delhi Capitals,,7,,MA Agarwal,Indian Premier League,29,male,2021/05/02,6,,,22
1254087,2021,2021-09-20,"Zayed Cricket Stadium, Abu Dhabi",Abu Dhabi,Royal Challengers Bangalore,Kolkata Knight Riders,Royal Challengers Bangalore,bat,Kolkata Knight Riders,,9,,CV Varun,Indian Premier League,31,male,2021/09/20,6,,,22
1254088,2021,2021-10-08,"Zayed Cricket Stadium, Abu Dhabi",Abu Dhabi,Mumbai Indians,Sunrisers Hyderabad,Mumbai Indians,bat,Mumbai Indians,42,,,Ishan Kishan,Indian Premier League,55,male,2021/10/08,6,,,22
1254089,2021,2021-10-02,"Zayed Cricket Stadium, Abu Dhabi",Abu Dhabi,Chennai Super Kings,Rajasthan Royals,Rajasthan Royals,field,Rajasthan Royals,,7,,RD Gaikwad,Indian Premier League,47,male,2021/10/02,6,,,22
1254090,2021,2021-10-03,Sharjah Cricket Stadium,Sharjah,Royal Challengers Bangalore,Punjab Kings,Royal Challengers Bangalore,bat,Royal Challengers Bangalore,6,,,GJ Maxwell,Indian Premier League,48,male,2021/10/03,6,,,22
1254091,2021,2021-09-30,Sharjah Cricket Stadium,Sharjah,Sunrisers Hyderabad,Chennai Super Kings,Chennai Super Kings,field,Chennai Super Kings,,6,,JR Hazlewood,Indian Premier League,44,male,2021/09/30,6,,,22
1254092,2021,2021-09-28,Sharjah Cricket Stadium,Sharjah,Delhi Capitals,Kolkata Knight Riders,Kolkata Knight Riders,field,Kolkata Knight Riders,,3,,SP Narine,Indian Premier League,41,male,2021/09/28,6,,,22
1254093,2021,2021-10-05,Sharjah Cricket Stadium,Sharjah,Rajasthan Royals,Mumbai Indians,Mumbai Indians,field,Mumbai Indians,,8,,NM Coulter-Nile,Indian Premier League,51,male,2021/10/05,6,,,22
1254094,2021,2021-10-07,Dubai International Cricket Stadium,Dubai,Chennai Super Kings,Punjab Kings,Punjab Kings,field,Punjab Kings,,6,,KL Rahul,Indian Premier League,53,male,2021/10/07,6,,,22
1254095,2021,2021-10-06,"Zayed Cricket Stadium, Abu Dhabi",Abu Dhabi,Sunrisers Hyderabad,Royal Challengers Bangalore,Royal Challengers Bangalore,field,Sunrisers Hyderabad,4,,,KS Williamson,Indian Premier League,52,male,2021/10/06,6,,,22
1254096,2021,2021-09-23,"Zayed Cricket Stadium, Abu Dhabi",Abu Dhabi,Mumbai Indians,Kolkata Knight Riders,Kolkata Knight Riders,field,Kolkata Knight Riders,,7,,SP Narine,Indian Premier League,34,male,2021/09/23,6,,,22
1254097,2021,2021-09-25,"Zayed Cricket Stadium, Abu Dhabi",Abu Dhabi,Delhi Capitals,Rajasthan Royals,Rajasthan Royals,field,Delhi Capitals,33,,,SS Iyer,Indian Premier League,36,male,2021/09/25,6,,,22
1254098,2021,2021-09-26,"Zayed Cricket Stadium, Abu Dhabi",Abu Dhabi,Kolkata Knight Riders,Chennai Super Kings,Kolkata Knight Riders,bat,Chennai Super Kings,,2,,RA Jadeja,Indian Premier League,38,male,2021/09/26,6,,,22
1254099,2021,2021-09-28,"Zayed Cricket Stadium, Abu Dhabi",Abu Dhabi,Punjab Kings,Mumbai Indians,Mumbai Indians,field,Mumbai Indians,,6,,KA Pollard,Indian Premier League,42,male,2021/09/28,6,,,22
1254100,2021,2021-09-27,Dubai International Cricket Stadium,Dubai,Rajasthan Royals,Sunrisers Hyderabad,Rajasthan Royals,bat,Sunrisers Hyderabad,,7,,JJ Roy,Indian Premier League,40,male,2021/09/27,6,,,22
1254101,2021,2021-10-08,Dubai International Cricket Stadium,Dubai,Delhi Capitals,Royal Challengers Bangalore,Royal Challengers Bangalore,field,Royal Challengers Bangalore,,7,,KS Bharat,Indian Premier League,56,male,2021/10/08,6,,,22
1254102,2021,2021-10-01,Dubai International Cricket Stadium,Dubai,Kolkata Knight Riders,Punjab Kings,Punjab Kings,field,Punjab Kings,,5,,KL Rahul,Indian Premier League,45,male,2021/10/01,6,,,22
1254103,2021,2021-09-29,Dubai International Cricket Stadium,Dubai,Rajasthan Royals,Royal Challengers Bangalore,Royal Challengers Bangalore,field,Royal Challengers Bangalore,,7,,YS Chahal,Indian Premier League,43,male,2021/09/29,6,,,22
1254104,2021,2021-09-19,Dubai International Cricket Stadium,Dubai,Chennai Super Kings,Mumbai Indians,Chennai Super Kings,bat,Chennai Super Kings,20,,,RD Gaikwad,Indian Premier League,30,male,2021/09/19,6,,,22
1254105,2021,2021-09-22,Dubai International Cricket Stadium,Dubai,Sunrisers Hyderabad,Delhi Capitals,Sunrisers Hyderabad,bat,Delhi Capitals,,8,,A Nortje,Indian Premier League,33,male,2021/09/22,6,,,22
1254106,2021,2021-10-07,Sharjah Cricket Stadium,Sharjah,Kolkata Knight Riders,Rajasthan Royals,Rajasthan Royals,field,Kolkata Knight Riders,86,,,Shivam Mavi,Indian Premier League,54,male,2021/10/07,6,,,22
1254107,2021,2021-09-25,Sharjah Cricket Stadium,Sharjah,Punjab Kings,Sunrisers Hyderabad,Sunrisers Hyderabad,field,Punjab Kings,5,,,JO Holder,Indian Premier League,37,male,2021/09/25,6,,,22
1254108,2021,2021-09-26,Dubai International Cricket Stadium,Dubai,Royal Challengers Bangalore,Mumbai Indians,Mumbai Indians,field,Royal Challengers Bangalore,54,,,GJ Maxwell,Indian Premier League,39,male,2021/09/26,6,,,22
1254109,2021,2021-10-03,Dubai International Cricket Stadium,Dubai,Sunrisers Hyderabad,Kolkata Knight Riders,Sunrisers Hyderabad,bat,Kolkata Knight Riders,,6,,Shubman Gill,Indian Premier League,49,male,2021/10/03,6,,,22
1254110,2021,2021-10-04,Dubai International Cricket Stadium,Dubai,Chennai Super Kings,Delhi Capitals,Delhi Capitals,field,Delhi Capitals,,3,,AR Patel,Indian Premier League,50,male,2021/10/04,6,,,22
1254111,2021,2021-09-21,Dubai International Cricket Stadium,Dubai,Rajasthan Royals,Punjab Kings,Punjab Kings,field,Rajasthan Royals,2,,,Kartik Tyagi,Indian Premier League,32,male,2021/09/21,6,,,22
1254112,2021,2021-10-02,Sharjah Cricket Stadium,Sharjah,Mumbai Indians,Delhi Capitals,Delhi Capitals,field,Delhi Capitals,,4,,AR Patel,Indian Premier League,46,male,2021/10/02,6,,,22
1254113,2021,2021-09-24,Sharjah Cricket Stadium,Sharjah,Royal Challengers Bangalore,Chennai Super Kings,Chennai Super Kings,field,Chennai Super Kings,,6,,DJ Bravo,Indian Premier League,35,male,2021/09/24,6,,,22
1254114,2021,2021-10-10,Dubai International Cricket Stadium,Dubai,Delhi Capitals,Chennai Super Kings,Chennai Super Kings,field,Chennai Super Kings,,4,,RD Gaikwad,Indian Premier League,,male,2021/10/10,6,,,22
1254115,2021,2021-10-11,Sharjah Cricket Stadium,Sharjah,Royal Challengers Bangalore,Kolkata Knight Riders,Royal Challengers Bangalore,bat,Kolkata Knight Riders,,4,,SP Narine,Indian Premier League,,male,2021/10/11,6,,,22
1254116,2021,2021-10-13,Sharjah Cricket Stadium,Sharjah,Delhi Capitals,Kolkata Knight Riders,Kolkata Knight Riders,field,Kolkata Knight Riders,,3,,VR Iyer,Indian Premier League,,male,2021/10/13,6,,,22
1254117,2021,2021-10-15,Dubai International Cricket Stadium,Dubai,Chennai Super Kings,Kolkata Knight Riders,Kolkata Knight Riders,field,Chennai Super Kings,27,,,F du Plessis,Indian Premier League,,male,2021/10/15,6,,,22
1304047,2022,2022-03-26,"Wankhede Stadium, Mumbai",Mumbai,Chennai Super Kings,Kolkata Knight Riders,Kolkata Knight Riders,field,Kolkata Knight Riders,,6,,UT Yadav,Indian Premier League,1,male,2022/03/26,6,,,22
1304048,2022,2022-03-27,"Brabourne Stadium, Mumbai",Mumbai,Mumbai Indians,Delhi Capitals,Delhi Capitals,field,Delhi Capitals,,4,,Kuldeep Yadav,Indian Premier League,2,male,2022/03/27,6,,,22
1304049,2022,2022-03-27,"Dr DY Patil Sports Academy, Mumbai",Mumbai,Royal Challengers Bangalore,Punjab Kings,Punjab Kings,field,Punjab Kings,,5,,OF Smith,Indian Premier League,3,male,2022/03/27,6,,,22
1304050,2022,2022-03-28,"Wankhede Stadium, Mumbai",Mumbai,Lucknow Super Giants,Gujarat Titans,Gujarat Titans,field,Gujarat Titans,,5,,Mohammed Shami,Indian Premier League,4,male,2022/03/28,6,,,22
1304051,2022,2022-03-29,"Maharashtra Cricket Association Stadium, Pune",Pune,Rajasthan Royals,Sunrisers Hyderabad,Sunrisers Hyderabad,field,Rajasthan Royals,61,,,SV Samson,Indian Premier League,5,male,2022/03/29,6,,,22
1304052,2022,2022-03-30,"Dr DY Patil Sports Academy, Mumbai",Mumbai,Kolkata Knight Riders,Royal Challengers Bangalore,Royal Challengers Bangalore,field,Royal Challengers Bangalore,,3,,PWH de Silva,Indian Premier League,6,male,2022/03/30,6,,,22
1304053,2022,2022-03-31,"Brabourne Stadium, Mumbai",Mumbai,Chennai Super Kings,Lucknow Super Giants,Lucknow Super Giants,field,Lucknow Super Giants,,6,,E Lewis,Indian Premier League,7,male,2022/03/31,6,,,22
1304054,2022,2022-04-01,"Wankhede Stadium, Mumbai",Mumbai,Punjab Kings,Kolkata Knight Riders,Kolkata Knight Riders,field,Kolkata Knight Riders,,6,,UT Yadav,Indian Premier League,8,male,2022/04/01,6,,,22
1304055,2022,2022-04-02,"Dr DY Patil Sports Academy, Mumbai",Mumbai,Rajasthan Royals,Mumbai Indians,Mumbai Indians,field,Rajasthan Royals,23,,,JC Buttler,Indian Premier League,9,male,2022/04/02,6,,,22
1304056,2022,2022-04-02,"Maharashtra Cricket Association Stadium, Pune",Pune,Gujarat Titans,Delhi Capitals,Delhi Capitals,field,Gujarat Titans,14,,,LH Ferguson,Indian Premier League,10,male,2022/04/02,6,,,22
1304057,2022,2022-04-03,"Brabourne Stadium, Mumbai",Mumbai,Punjab Kings,Chennai Super Kings,Chennai Super Kings,field,Punjab Kings,54,,,LS Livingstone,Indian Premier League,11,male,2022/04/03,6,,,22
1304058,2022,2022-04-04,"Dr DY Patil Sports Academy, Mumbai",Mumbai,Lucknow Super Giants,Sunrisers Hyderabad,Sunrisers Hyderabad,field,Lucknow Super Giants,12,,,Avesh Khan,Indian Premier League,12,male,2022/04/04,6,,,22
1304059,2022,2022-04-05,"Wankhede Stadium, Mumbai",Mumbai,Rajasthan Royals,Royal Challengers Bangalore,Royal Challengers Bangalore,field,Royal Challengers Bangalore,,4,,KD Karthik,Indian Premier League,13,male,2022/04/05,6,,,22
1304060,2022,2022-04-06,"Maharashtra Cricket Association Stadium, Pune",Pune,Mumbai Indians,Kolkata Knight Riders,Kolkata Knight Riders,field,Kolkata Knight Riders,,5,,PJ Cummins,Indian Premier League,14,male,2022/04/06,6,,,22
1304061,2022,2022-04-07,"Dr DY Patil Sports Academy, Mumbai",Mumbai,Delhi Capitals,Lucknow Super Giants,Lucknow Super Giants,field,Lucknow Super Giants,,6,,Q de Kock,Indian Premier League,15,male,2022/04/07,6,,,22
1304062,2022,2022-04-08,"Brabourne Stadium, Mumbai",Mumbai,Punjab Kings,Gujarat Titans,Gujarat Titans,field,Gujarat Titans,,6,,Shubman Gill,Indian Premier League,16,male,2022/04/08,6,,,22
1304063,2022,2022-04-09,"Dr DY Patil Sports Academy, Mumbai",Mumbai,Chennai Super Kings,Sunrisers Hyderabad,Sunrisers Hyderabad,field,Sunrisers Hyderabad,,8,,Abhishek Sharma,Indian Premier League,17,male,2022/04/09,6,,,22
1304064,2022,2022-04-09,"Maharashtra Cricket Association Stadium, Pune",Pune,Mumbai Indians,Royal Challengers Bangalore,Royal Challengers Bangalore,field,Royal Challengers Bangalore,,7,,Anuj Rawat,Indian Premier League,18,male,2022/04/09,6,,,22
1304065,2022,2022-04-10,"Brabourne Stadium, Mumbai",Mumbai,Delhi Capitals,Kolkata Knight Riders,Kolkata Knight Riders,field,Delhi Capitals,44,,,Kuldeep Yadav,Indian Premier League,19,male,2022/04/10,6,,,22
1304066,2022,2022-04-10,"Wankhede Stadium, Mumbai",Mumbai,Rajasthan Royals,Lucknow Super Giants,Lucknow Super Giants,field,Rajasthan Royals,3,,,YS Chahal,Indian Premier League,20,male,2022/04/10,6,,,22
1304067,2022,2022-04-11,"Dr DY Patil Sports Academy, Mumbai",Mumbai,Gujarat Titans,Sunrisers Hyderabad,Sunrisers Hyderabad,field,Sunrisers Hyderabad,,8,,KS Williamson,Indian Premier League,21,male,2022/04/11,6,,,22
1304068,2022,2022-04-12,"Dr DY Patil Sports Academy, Mumbai",Mumbai,Chennai Super Kings,Royal Challengers Bangalore,Royal Challengers Bangalore,field,Chennai Super Kings,23,,,S Dube,Indian Premier League,22,male,2022/04/12,6,,,22
1304069,2022,2022-04-13,"Maharashtra Cricket Association Stadium, Pune",Pune,Punjab Kings,Mumbai Indians,Mumbai Indians,field,Punjab Kings,12,,,MA Agarwal,Indian Premier League,23,male,2022/04/13,6,,,22
1304070,2022,2022-04-14,"Dr DY Patil Sports Academy, Mumbai",Mumbai,Gujarat Titans,Rajasthan Royals,Rajasthan Royals,field,Gujarat Titans,37,,,HH Pandya,Indian Premier League,24,male,2022/04/14,6,,,22
1304071,2022,2022-04-15,"Brabourne Stadium, Mumbai",Mumbai,Kolkata Knight Riders,Sunrisers Hyderabad,Sunrisers Hyderabad,field,Sunrisers Hyderabad,,7,,RA Tripathi,Indian Premier League,25,male,2022/04/15,6,,,22
1304072,2022,2022-04-16,"Brabourne Stadium, Mumbai",Mumbai,Lucknow Super Giants,Mumbai Indians,Mumbai Indians,field,Lucknow Super Giants,18,,,KL Rahul,Indian Premier League,26,male,2022/04/16,6,,,22
1304073,2022,2022-04-16,"Wankhede Stadium, Mumbai",Mumbai,Royal Challengers Bangalore,Delhi Capitals,Delhi Capitals,field,Royal Challengers Bangalore,16,,,KD Karthik,Indian Premier League,27,male,2022/04/16,6,,,22
1304074,2022,2022-04-17,"Dr DY Patil Sports Academy, Mumbai",Mumbai,Punjab Kings,Sunrisers Hyderabad,Sunrisers Hyderabad,field,Sunrisers Hyderabad,,7,,Umran Malik,Indian Premier League,28,male,2022/04/17,6,,,22
1304075,2022,2022-04-17,"Maharashtra Cricket Association Stadium, Pune",Pune,Chennai Super Kings,Gujarat Titans,Gujarat Titans,field,Gujarat Titans,,3,,DA Miller,Indian Premier League,29,male,2022/04/17,6,,,22
1304076,2022,2022-04-18,"Brabourne Stadium, Mumbai",Mumbai,Rajasthan Royals,Kolkata Knight Riders,Kolkata Knight Riders,field,Rajasthan Royals,7,,,YS Chahal,Indian Premier League,30,male,2022/04/18,6,,,22
1304077,2022,2022-04-19,"Dr DY Patil Sports Academy, Mumbai",Mumbai,Royal Challengers Bangalore,Lucknow Super Giants,Lucknow Super Giants,field,Royal Challengers Bangalore,18,,,F du Plessis,Indian Premier League,31,male,2022/04/19,6,,,22
1304078,2022,2022-04-20,"Brabourne Stadium, Mumbai",Mumbai,Punjab Kings,Delhi Capitals,Delhi Capitals,field,Delhi Capitals,,9,,Kuldeep Yadav,Indian Premier League,32,male,2022/04/20,6,,,22
1304079,2022,2022-04-21,"Dr DY Patil Sports Academy, Mumbai",Navi Mumbai,Mumbai Indians,Chennai Super Kings,Chennai Super Kings,field,Chennai Super Kings,,3,,Mukesh Choudhary,Indian Premier League,33,male,2022/04/21,6,,,22
1304080,2022,2022-04-22,"Wankhede Stadium, Mumbai",Mumbai,Rajasthan Royals,Delhi Capitals,Delhi Capitals,field,Rajasthan Royals,15,,,JC Buttler,Indian Premier League,34,male,2022/04/22,6,,,22
1304081,2022,2022-04-23,"Dr DY Patil Sports Academy, Mumbai",Navi Mumbai,Gujarat Titans,Kolkata Knight Riders,Gujarat Titans,bat,Gujarat Titans,8,,,Rashid Khan,Indian Premier League,35,male,2022/04/23,6,,,22
1304082,2022,2022-04-23,"Brabourne Stadium, Mumbai",Mumbai,Royal Challengers Bangalore,Sunrisers Hyderabad,Sunrisers Hyderabad,field,Sunrisers Hyderabad,,9,,M Jansen,Indian Premier League,36,male,2022/04/23,6,,,22
1304083,2022,2022-04-24,"Wankhede Stadium, Mumbai",Mumbai,Lucknow Super Giants,Mumbai Indians,Mumbai Indians,field,Lucknow Super Giants,36,,,KL Rahul,Indian Premier League,37,male,2022/04/24,6,,,22
1304084,2022,2022-04-25,"Wankhede Stadium, Mumbai",Mumbai,Punjab Kings,Chennai Super Kings,Chennai Super Kings,field,Punjab Kings,11,,,S Dhawan,Indian Premier League,38,male,2022/04/25,6,,,22
1304085,2022,2022-04-26,"Maharashtra Cricket Association Stadium, Pune",Pune,Rajasthan Royals,Royal Challengers Bangalore,Royal Challengers Bangalore,field,Rajasthan Royals,29,,,R Parag,Indian Premier League,39,male,2022/04/26,6,,,22
1304086,2022,2022-04-27,"Wankhede Stadium, Mumbai",Mumbai,Sunrisers Hyderabad,Gujarat Titans,Gujarat Titans,field,Gujarat Titans,,5,,Umran Malik,Indian Premier League,40,male,2022/04/27,6,,,22
1304087,2022,2022-04-28,"Wankhede Stadium, Mumbai",Mumbai,Kolkata Knight Riders,Delhi Capitals,Delhi Capitals,field,Delhi Capitals,,4,,Kuldeep Yadav,Indian Premier League,41,male,2022/04/28,6,,,22
1304088,2022,2022-04-29,"Maharashtra Cricket Association Stadium, Pune",Pune,Lucknow Super Giants,Punjab Kings,Punjab Kings,field,Lucknow Super Giants,20,,,KH Pandya,Indian Premier League,42,male,2022/04/29,6,,,22
1304089,2022,2022-04-30,"Brabourne Stadium, Mumbai",Mumbai,Royal Challengers Bangalore,Gujarat Titans,Royal Challengers Bangalore,bat,Gujarat Titans,,6,,R Tewatia,Indian Premier League,43,male,2022/04/30,6,,,22
1304090,2022,2022-04-30,"Dr DY Patil Sports Academy, Mumbai",Navi Mumbai,Rajasthan Royals,Mumbai Indians,Mumbai Indians,field,Mumbai Indians,,5,,SA Yadav,Indian Premier League,44,male,2022/04/30,6,,,22
1304091,2022,2022-05-01,"Wankhede Stadium, Mumbai",Mumbai,Lucknow Super Giants,Delhi Capitals,Lucknow Super Giants,bat,Lucknow Super Giants,6,,,Mohsin Khan,Indian Premier League,45,male,2022/05/01,6,,,22
1304092,2022,2022-05-01,"Maharashtra Cricket Association Stadium, Pune",Pune,Chennai Super Kings,Sunrisers Hyderabad,Sunrisers Hyderabad,field,Chennai Super Kings,13,,,RD Gaikwad,Indian Premier League,46,male,2022/05/01,6,,,22
1304093,2022,2022-05-02,"Wankhede Stadium, Mumbai",Mumbai,Rajasthan Royals,Kolkata Knight Riders,Kolkata Knight Riders,field,Kolkata Knight Riders,,7,,RK Singh,Indian Premier League,47,male,2022/05/02,6,,,22
1304094,2022,2022-05-03,"Dr DY Patil Sports Academy, Mumbai",Navi Mumbai,Gujarat Titans,Punjab Kings,Gujarat Titans,bat,Punjab Kings,,8,,K Rabada,Indian Premier League,48,male,2022/05/03,6,,,22
1304095,2022,2022-05-04,"Maharashtra Cricket Association Stadium, Pune",Pune,Royal Challengers Bangalore,Chennai Super Kings,Chennai Super Kings,field,Royal Challengers Bangalore,13,,,HV Patel,Indian Premier League,49,male,2022/05/04,6,,,22
1304096,2022,2022-05-05,"Brabourne Stadium, Mumbai",Mumbai,Delhi Capitals,Sunrisers Hyderabad,Sunrisers Hyderabad,field,Delhi Capitals,21,,,DA Warner,Indian Premier League,50,male,2022/05/05,6,,,22
1304097,2022,2022-05-06,"Brabourne Stadium, Mumbai",Mumbai,Mumbai Indians,Gujarat Titans,Gujarat Titans,field,Mumbai Indians,5,,,TH David,Indian Premier League,51,male,2022/05/06,6,,,22
1304098,2022,2022-05-07,"Wankhede Stadium, Mumbai",Mumbai,Punjab Kings,Rajasthan Royals,Punjab Kings,bat,Rajasthan Royals,,6,,YBK Jaiswal,Indian Premier League,52,male,2022/05/07,6,,,22
1304099,2022,2022-05-07,"Maharashtra Cricket Association Stadium, Pune",Pune,Lucknow Super Giants,Kolkata Knight Riders,Kolkata Knight Riders,field,Lucknow Super Giants,75,,,Avesh Khan,Indian Premier League,53,male,2022/05/07,6,,,22
1304100,2022,2022-05-08,"Wankhede Stadium, Mumbai",Mumbai,Royal Challengers Bangalore,Sunrisers Hyderabad,Royal Challengers Bangalore,bat,Royal Challengers Bangalore,67,,,PWH de Silva,Indian Premier League,54,male,2022/05/08,6,,,22
1304101,2022,2022-05-08,"Dr DY Patil Sports Academy, Mumbai",Navi Mumbai,Chennai Super Kings,Delhi Capitals,Delhi Capitals,field,Chennai Super Kings,91,,,DP Conway,Indian Premier League,55,male,2022/05/08,6,,,22
1304102,2022,2022-05-09,"Dr DY Patil Sports Academy, Mumbai",Navi Mumbai,Kolkata Knight Riders,Mumbai Indians,Mumbai Indians,field,Kolkata Knight Riders,52,,,JJ Bumrah,Indian Premier League,56,male,2022/05/09,6,,,22
1304103,2022,2022-05-10,"Maharashtra Cricket Association Stadium, Pune",Pune,Gujarat Titans,Lucknow Super Giants,Gujarat Titans,bat,Gujarat Titans,62,,,Shubman Gill,Indian Premier League,57,male,2022/05/10,6,,,22
1304104,2022,2022-05-11,"Dr DY Patil Sports Academy, Mumbai",Navi Mumbai,Rajasthan Royals,Delhi Capitals,Delhi Capitals,field,Delhi Capitals,,8,,MR Marsh,Indian Premier League,58,male,2022/05/11,6,,,22
1304105,2022,2022-05-12,"Wankhede Stadium, Mumbai",Mumbai,Chennai Super Kings,Mumbai Indians,Mumbai Indians,field,Mumbai Indians,,5,,DR Sams,Indian Premier League,59,male,2022/05/12,6,,,22
1304106,2022,2022-05-13,"Brabourne Stadium, Mumbai",Mumbai,Punjab Kings,Royal Challengers Bangalore,Royal Challengers Bangalore,field,Punjab Kings,54,,,JM Bairstow,Indian Premier League,60,male,2022/05/13,6,,,22
1304107,2022,2022-05-14,"Maharashtra Cricket Association Stadium, Pune",Pune,Kolkata Knight Riders,Sunrisers Hyderabad,Kolkata Knight Riders,bat,Kolkata Knight Riders,54,,,AD Russell,Indian Premier League,61,male,2022/05/14,6,,,22
1304108,2022,2022-05-15,"Wankhede Stadium, Mumbai",Mumbai,Chennai Super Kings,Gujarat Titans,Chennai Super Kings,bat,Gujarat Titans,,7,,WP Saha,Indian Premier League,62,male,2022/05/15,6,,,22
1304109,2022,2022-05-15,"Brabourne Stadium, Mumbai",Mumbai,Rajasthan Royals,Lucknow Super Giants,Rajasthan Royals,bat,Rajasthan Royals,24,,,TA Boult,Indian Premier League,63,male,2022/05/15,6,,,22
1304110,2022,2022-05-16,"Dr DY Patil Sports Academy, Mumbai",Navi Mumbai,Delhi Capitals,Punjab Kings,Punjab Kings,field,Delhi Capitals,17,,,SN Thakur,Indian Premier League,64,male,2022/05/16,6,,,22
1304111,2022,2022-05-17,"Wankhede Stadium, Mumbai",Mumbai,Sunrisers Hyderabad,Mumbai Indians,Mumbai Indians,field,Sunrisers Hyderabad,3,,,RA Tripathi,Indian Premier League,65,male,2022/05/17,6,,,22
1304112,2022,2022-05-18,"Dr DY Patil Sports Academy, Mumbai",Navi Mumbai,Lucknow Super Giants,Kolkata Knight Riders,Lucknow Super Giants,bat,Lucknow Super Giants,2,,,Q de Kock,Indian Premier League,66,male,2022/05/18,6,,,22
1304113,2022,2022-05-19,"Wankhede Stadium, Mumbai",Mumbai,Gujarat Titans,Royal Challengers Bangalore,Gujarat Titans,bat,Royal Challengers Bangalore,,8,,V Kohli,Indian Premier League,67,male,2022/05/19,6,,,22
1304114,2022,2022-05-20,"Brabourne Stadium, Mumbai",Mumbai,Chennai Super Kings,Rajasthan Royals,Chennai Super Kings,bat,Rajasthan Royals,,5,,R Ashwin,Indian Premier League,68,male,2022/05/20,6,,,22
1304115,2022,2022-05-21,"Wankhede Stadium, Mumbai",Mumbai,Delhi Capitals,Mumbai Indians,Mumbai Indians,field,Mumbai Indians,,5,,JJ Bumrah,Indian Premier League,69,male,2022/05/21,6,,,22
1304116,2022,2022-05-22,"Wankhede Stadium, Mumbai",Mumbai,Sunrisers Hyderabad,Punjab Kings,Sunrisers Hyderabad,bat,Punjab Kings,,5,,Harpreet Brar,Indian Premier League,70,male,2022/05/22,6,,,22
1312197,2022,2022-05-24,"Eden Gardens, Kolkata",Kolkata,Rajasthan Royals,Gujarat Titans,Gujarat Titans,field,Gujarat Titans,,7,,DA Miller,Indian Premier League,,male,2022/05/24,6,,,22
1312198,2022,2022-05-25,"Eden Gardens, Kolkata",Kolkata,Royal Challengers Bangalore,Lucknow Super Giants,Lucknow Super Giants,field,Royal Challengers Bangalore,14,,,RM Patidar,Indian Premier League,,male,2022/05/25,6,,,22
1312199,2022,2022-05-27,"Narendra Modi Stadium, Ahmedabad",Ahmedabad,Royal Challengers Bangalore,Rajasthan Royals,Rajasthan Royals,field,Rajasthan Royals,,7,,JC Buttler,Indian Premier League,,male,2022/05/27,6,,,22
1312200,2022,2022-05-29,"Narendra Modi Stadium, Ahmedabad",Ahmedabad,Rajasthan Royals,Gujarat Titans,Rajasthan Royals,bat,Gujarat Titans,,7,,HH Pandya,Indian Premier League,,male,2022/05/29,6,,,22
1359475,2023,2023-03-31,"Narendra Modi Stadium, Ahmedabad",Ahmedabad,Chennai Super Kings,Gujarat Titans,Gujarat Titans,field,Gujarat Titans,,5,,Rashid Khan,Indian Premier League,1,male,2023/03/31,6,,,24
1359476,2023,2023-04-01,"Punjab Cricket Association IS Bindra Stadium, Mohali, Chandigarh",Chandigarh,Punjab Kings,Kolkata Knight Riders,Kolkata Knight Riders,field,Punjab Kings,7,,,Arshdeep Singh,Indian Premier League,2,male,2023/04/01,6,D/L,,24
1359477,2023,2023-04-01,"Bharat Ratna Shri Atal Bihari Vajpayee Ekana Cricket Stadium, Lucknow",Lucknow,Lucknow Super Giants,Delhi Capitals,Delhi Capitals,field,Lucknow Super Giants,50,,,MA Wood,Indian Premier League,3,male,2023/04/01,6,,,24
1359478,2023,2023-04-02,"Rajiv Gandhi International Stadium, Uppal, Hyderabad",Hyderabad,Rajasthan Royals,Sunrisers Hyderabad,Sunrisers Hyderabad,field,Rajasthan Royals,72,,,JC Buttler,Indian Premier League,4,male,2023/04/02,6,,,24
1359479,2023,2023-04-02,"M Chinnaswamy Stadium, Bengaluru",Bengaluru,Mumbai Indians,Royal Challengers Bangalore,Royal Challengers Bangalore,field,Royal Challengers Bangalore,,8,,F du Plessis,Indian Premier League,5,male,2023/04/02,6,,,23
1359480,2023,2023-04-03,"MA Chidambaram Stadium, Chepauk, Chennai",Chennai,Chennai Super Kings,Lucknow Super Giants,Lucknow Super Giants,field,Chennai Super Kings,12,,,MM Ali,Indian Premier League,6,male,2023/04/03,6,,,24
1359481,2023,2023-04-04,"Arun Jaitley Stadium, Delhi",Delhi,Delhi Capitals,Gujarat Titans,Gujarat Titans,field,Gujarat Titans,,6,,B Sai Sudharsan,Indian Premier League,7,male,2023/04/04,6,,,24
1359482,2023,2023-04-05,"Barsapara Cricket Stadium, Guwahati",Guwahati,Punjab Kings,Rajasthan Royals,Rajasthan Royals,field,Punjab Kings,5,,,NT Ellis,Indian Premier League,8,male,2023/04/05,6,,,24
1359483,2023,2023-04-06,"Eden Gardens, Kolkata",Kolkata,Kolkata Knight Riders,Royal Challengers Bangalore,Royal Challengers Bangalore,field,Kolkata Knight Riders,81,,,SN Thakur,Indian Premier League,9,male,2023/04/06,6,,,24
1359484,2023,2023-04-07,"Bharat Ratna Shri Atal Bihari Vajpayee Ekana Cricket Stadium, Lucknow",Lucknow,Sunrisers Hyderabad,Lucknow Super Giants,Sunrisers Hyderabad,bat,Lucknow Super Giants,,5,,KH Pandya,Indian Premier League,10,male,2023/04/07,6,,,24
1359485,2023,2023-04-08,"Barsapara Cricket Stadium, Guwahati",Guwahati,Rajasthan Royals,Delhi Capitals,Delhi Capitals,field,Rajasthan Royals,57,,,YBK Jaiswal,Indian Premier League,11,male,2023/04/08,6,,,24
1359486,2023,2023-04-08,"Wankhede Stadium, Mumbai",Mumbai,Mumbai Indians,Chennai Super Kings,Chennai Super Kings,field,Chennai Super Kings,,7,,RA Jadeja,Indian Premier League,12,male,2023/04/08,6,,,24
1359487,2023,2023-04-09,"Narendra Modi Stadium, Ahmedabad",Ahmedabad,Gujarat Titans,Kolkata Knight Riders,Gujarat Titans,bat,Kolkata Knight Riders,,3,,RK Singh,Indian Premier League,13,male,2023/04/09,6,,,24
1359488,2023,2023-04-09,"Rajiv Gandhi International Stadium, Uppal, Hyderabad",Hyderabad,Punjab Kings,Sunrisers Hyderabad,Sunrisers Hyderabad,field,Sunrisers Hyderabad,,8,,S Dhawan,Indian Premier League,14,male,2023/04/09,6,,,23
1359489,2023,2023-04-10,"M Chinnaswamy Stadium, Bengaluru",Bengaluru,Royal Challengers Bangalore,Lucknow Super Giants,Lucknow Super Giants,field,Lucknow Super Giants,,1,,N Pooran,Indian Premier League,15,male,2023/04/10,6,,,24
1359490,2023,2023-04-11,"Arun Jaitley Stadium, Delhi",Delhi,Delhi Capitals,Mumbai Indians,Mumbai Indians,field,Mumbai Indians,,6,,RG Sharma,Indian Premier League,16,male,2023/04/11,6,,,24
1359491,2023,2023-04-12,"MA Chidambaram Stadium, Chepauk, Chennai",Chennai,Rajasthan Royals,Chennai Super Kings,Chennai Super Kings,field,Rajasthan Royals,3,,,R Ashwin,Indian Premier League,17,male,2023/04/12,6,,,24
1359492,2023,2023-04-13,"Punjab Cricket Association IS Bindra Stadium, Mohali, Chandigarh",Chandigarh,Punjab Kings,Gujarat Titans,Gujarat Titans,field,Gujarat Titans,,6,,MM Sharma,Indian Premier League,18,male,2023/04/13,6,,,23
1359493,2023,2023-04-14,"Eden Gardens, Kolkata",Kolkata,Sunrisers Hyderabad,Kolkata Knight Riders,Kolkata Knight Riders,field,Sunrisers Hyderabad,23,,,HC Brook,Indian Premier League,19,male,2023/04/14,6,,,24
1359494,2023,2023-04-15,"M Chinnaswamy Stadium, Bengaluru",Bengaluru,Royal Challengers Bangalore,Delhi Capitals,Delhi Capitals,field,Royal Challengers Bangalore,23,,,V Kohli,Indian Premier League,20,male,2023/04/15,6,,,24
1359495,2023,2023-04-15,"Bharat Ratna Shri Atal Bihari Vajpayee Ekana Cricket Stadium, Lucknow",Lucknow,Lucknow Super Giants,Punjab Kings,Punjab Kings,field,Punjab Kings,,2,,Sikandar Raza,Indian Premier League,21,male,2023/04/15,6,,,24
1359496,2023,2023-04-16,"Wankhede Stadium, Mumbai",Mumbai,Kolkata Knight Riders,Mumbai Indians,Mumbai Indians,field,Mumbai Indians,,5,,VR Iyer,Indian Premier League,22,male,2023/04/16,6,,,24
1359497,2023,2023-04-16,"Narendra Modi Stadium, Ahmedabad",Ahmedabad,Gujarat Titans,Rajasthan Royals,Rajasthan Royals,field,Rajasthan Royals,,3,,SO Hetmyer,Indian Premier League,23,male,2023/04/16,6,,,24
1359498,2023,2023-04-17,"M Chinnaswamy Stadium, Bengaluru",Bengaluru,Chennai Super Kings,Royal Challengers Bangalore,Royal Challengers Bangalore,field,Chennai Super Kings,8,,,DP Conway,Indian Premier League,24,male,2023/04/17,6,,,24
1359499,2023,2023-04-18,"Rajiv Gandhi International Stadium, Uppal, Hyderabad",Hyderabad,Mumbai Indians,Sunrisers Hyderabad,Sunrisers Hyderabad,field,Mumbai Indians,14,,,C Green,Indian Premier League,25,male,2023/04/18,6,,,24
1359500,2023,2023-04-19,"Sawai Mansingh Stadium, Jaipur",Jaipur,Lucknow Super Giants,Rajasthan Royals,Rajasthan Royals,field,Lucknow Super Giants,10,,,MP Stoinis,Indian Premier League,26,male,2023/04/19,6,,,24
1359501,2023,2023-04-20,"Punjab Cricket Association IS Bindra Stadium, Mohali, Chandigarh",Chandigarh,Royal Challengers Bangalore,Punjab Kings,Punjab Kings,field,Royal Challengers Bangalore,24,,,Mohammed Siraj,Indian Premier League,27,male,2023/04/20,6,,,24
1359502,2023,2023-04-20,"Arun Jaitley Stadium, Delhi",Delhi,Kolkata Knight Riders,Delhi Capitals,Delhi Capitals,field,Delhi Capitals,,4,,I Sharma,Indian Premier League,28,male,2023/04/20,6,,,24
1359503,2023,2023-04-21,"MA Chidambaram Stadium, Chepauk, Chennai",Chennai,Sunrisers Hyderabad,Chennai Super Kings,Chennai Super Kings,field,Chennai Super Kings,,7,,RA Jadeja,Indian Premier League,29,male,2023/04/21,6,,,24
1359504,2023,2023-04-22,"Bharat Ratna Shri Atal Bihari Vajpayee Ekana Cricket Stadium, Lucknow",Lucknow,Gujarat Titans,Lucknow Super Giants,Gujarat Titans,bat,Gujarat Titans,7,,,MM Sharma,Indian Premier League,30,male,2023/04/22,6,,,24
1359505,2023,2023-04-22,"Wankhede Stadium, Mumbai",Mumbai,Punjab Kings,Mumbai Indians,Mumbai Indians,field,Punjab Kings,13,,,SM Curran,Indian Premier League,31,male,2023/04/22,6,,,24
1359506,2023,2023-04-23,"M Chinnaswamy Stadium, Bengaluru",Bengaluru,Royal Challengers Bangalore,Rajasthan Royals,Rajasthan Royals,field,Royal Challengers Bangalore,7,,,GJ Maxwell,Indian Premier League,32,male,2023/04/23,6,,,24
1359507,2023,2023-04-23,"Eden Gardens, Kolkata",Kolkata,Chennai Super Kings,Kolkata Knight Riders,Kolkata Knight Riders,field,Chennai Super Kings,49,,,AM Rahane,Indian Premier League,33,male,2023/04/23,6,,,24
1359508,2023,2023-04-24,"Rajiv Gandhi International Stadium, Uppal, Hyderabad",Hyderabad,Delhi Capitals,Sunrisers Hyderabad,Delhi Capitals,bat,Delhi Capitals,7,,,AR Patel,Indian Premier League,34,male,2023/04/24,6,,,24
1359509,2023,2023-04-25,"Narendra Modi Stadium, Ahmedabad",Ahmedabad,Gujarat Titans,Mumbai Indians,Mumbai Indians,field,Gujarat Titans,55,,,A Manohar,Indian Premier League,35,male,2023/04/25,6,,,24
1359510,2023,2023-04-26,"M Chinnaswamy Stadium, Bengaluru",Bengaluru,Kolkata Knight Riders,Royal Challengers Bangalore,Royal Challengers Bangalore,field,Kolkata Knight Riders,21,,,CV Varun,Indian Premier League,36,male,2023/04/26,6,,,24
1359511,2023,2023-04-27,"Sawai Mansingh Stadium, Jaipur",Jaipur,Rajasthan Royals,Chennai Super Kings,Rajasthan Royals,bat,Rajasthan Royals,32,,,YBK Jaiswal,Indian Premier League,37,male,2023/04/27,6,,,24
1359512,2023,2023-04-28,"Punjab Cricket Association IS Bindra Stadium, Mohali, Chandigarh",Chandigarh,Lucknow Super Giants,Punjab Kings,Punjab Kings,field,Lucknow Super Giants,56,,,MP Stoinis,Indian Premier League,38,male,2023/04/28,6,,,24
1359513,2023,2023-04-29,"Eden Gardens, Kolkata",Kolkata,Kolkata Knight Riders,Gujarat Titans,Gujarat Titans,field,Gujarat Titans,,7,,J Little,Indian Premier League,39,male,2023/04/29,6,,,24
1359514,2023,2023-04-29,"Arun Jaitley Stadium, Delhi",Delhi,Sunrisers Hyderabad,Delhi Capitals,Sunrisers Hyderabad,bat,Sunrisers Hyderabad,9,,,MR Marsh,Indian Premier League,40,male,2023/04/29,6,,,24
1359515,2023,2023-04-30,"MA Chidambaram Stadium, Chepauk, Chennai",Chennai,Chennai Super Kings,Punjab Kings,Chennai Super Kings,bat,Punjab Kings,,4,,DP Conway,Indian Premier League,41,male,2023/04/30,6,,,24
1359516,2023,2023-04-30,"Wankhede Stadium, Mumbai",Mumbai,Rajasthan Royals,Mumbai Indians,Rajasthan Royals,bat,Mumbai Indians,,6,,YBK Jaiswal,Indian Premier League,42,male,2023/04/30,6,,,23
1359517,2023,2023-05-01,"Bharat Ratna Shri Atal Bihari Vajpayee Ekana Cricket Stadium, Lucknow",Lucknow,Royal Challengers Bangalore,Lucknow Super Giants,Royal Challengers Bangalore,bat,Royal Challengers Bangalore,18,,,F du Plessis,Indian Premier League,43,male,2023/05/01,6,,,24
1359518,2023,2023-05-02,"Narendra Modi Stadium, Ahmedabad",Ahmedabad,Delhi Capitals,Gujarat Titans,Delhi Capitals,bat,Delhi Capitals,5,,,Mohammed Shami,Indian Premier League,44,male,2023/05/02,6,,,24
1359519,2023,2023-05-03,"Bharat Ratna Shri Atal Bihari Vajpayee Ekana Cricket Stadium, Lucknow",Lucknow,Lucknow Super Giants,Chennai Super Kings,Chennai Super Kings,field,,,,,,Indian Premier League,45,male,2023/05/03,6,,,23
1359520,2023,2023-05-03,"Punjab Cricket Association IS Bindra Stadium, Mohali, Chandigarh",Chandigarh,Punjab Kings,Mumbai Indians,Mumbai Indians,field,Mumbai Indians,,6,,Ishan Kishan,Indian Premier League,46,male,2023/05/03,6,,,24
1359521,2023,2023-05-04,"Rajiv Gandhi International Stadium, Uppal, Hyderabad",Hyderabad,Kolkata Knight Riders,Sunrisers Hyderabad,Kolkata Knight Riders,bat,Kolkata Knight Riders,5,,,CV Varun,Indian Premier League,47,male,2023/05/04,6,,,24
1359522,2023,2023-05-05,"Sawai Mansingh Stadium, Jaipur",Jaipur,Rajasthan Royals,Gujarat Titans,Rajasthan Royals,bat,Gujarat Titans,,9,,Rashid Khan,Indian Premier League,48,male,2023/05/05,6,,,24
1359523,2023,2023-05-06,"MA Chidambaram Stadium, Chepauk, Chennai",Chennai,Mumbai Indians,Chennai Super Kings,Chennai Super Kings,field,Chennai Super Kings,,6,,M Pathirana,Indian Premier League,49,male,2023/05/06,6,,,24
1359524,2023,2023-05-06,"Arun Jaitley Stadium, Delhi",Delhi,Royal Challengers Bangalore,Delhi Capitals,Royal Challengers Bangalore,bat,Delhi Capitals,,7,,PD Salt,Indian Premier League,50,male,2023/05/06,6,,,24
1359525,2023,2023-05-07,"Narendra Modi Stadium, Ahmedabad",Ahmedabad,Gujarat Titans,Lucknow Super Giants,Lucknow Super Giants,field,Gujarat Titans,56,,,Shubman Gill,Indian Premier League,51,male,2023/05/07,6,,,24
1359526,2023,2023-05-07,"Sawai Mansingh Stadium, Jaipur",Jaipur,Rajasthan Royals,Sunrisers Hyderabad,Rajasthan Royals,bat,Sunrisers Hyderabad,,4,,GD Phillips,Indian Premier League,52,male,2023/05/07,6,,,24
1359527,2023,2023-05-08,"Eden Gardens, Kolkata",Kolkata,Punjab Kings,Kolkata Knight Riders,Punjab Kings,bat,Kolkata Knight Riders,,5,,AD Russell,Indian Premier League,53,male,2023/05/08,6,,,24
1359528,2023,2023-05-09,"Wankhede Stadium, Mumbai",Mumbai,Royal Challengers Bangalore,Mumbai Indians,Mumbai Indians,field,Mumbai Indians,,6,,SA Yadav,Indian Premier League,54,male,2023/05/09,6,,,23
1359529,2023,2023-05-10,"MA Chidambaram Stadium, Chepauk, Chennai",Chennai,Chennai Super Kings,Delhi Capitals,Chennai Super Kings,bat,Chennai Super Kings,27,,,RA Jadeja,Indian Premier League,55,male,2023/05/10,6,,,24
1359530,2023,2023-05-11,"Eden Gardens, Kolkata",Kolkata,Kolkata Knight Riders,Rajasthan Royals,Rajasthan Royals,field,Rajasthan Royals,,9,,YBK Jaiswal,Indian Premier League,56,male,2023/05/11,6,,,23
1359531,2023,2023-05-12,"Wankhede Stadium, Mumbai",Mumbai,Mumbai Indians,Gujarat Titans,Gujarat Titans,field,Mumbai Indians,27,,,SA Yadav,Indian Premier League,57,male,2023/05/12,6,,,24
1359532,2023,2023-05-13,"Rajiv Gandhi International Stadium, Uppal, Hyderabad",Hyderabad,Sunrisers Hyderabad,Lucknow Super Giants,Sunrisers Hyderabad,bat,Lucknow Super Giants,,7,,PN Mankad,Indian Premier League,58,male,2023/05/13,6,,,24
1359533,2023,2023-05-13,"Arun Jaitley Stadium, Delhi",Delhi,Punjab Kings,Delhi Capitals,Delhi Capitals,field,Punjab Kings,31,,,P Simran Singh,Indian Premier League,59,male,2023/05/13,6,,,24
1359534,2023,2023-05-14,"Sawai Mansingh Stadium, Jaipur",Jaipur,Royal Challengers Bangalore,Rajasthan Royals,Royal Challengers Bangalore,bat,Royal Challengers Bangalore,112,,,WD Parnell,Indian Premier League,60,male,2023/05/14,6,,,24
1359535,2023,2023-05-14,"MA Chidambaram Stadium, Chepauk, Chennai",Chennai,Chennai Super Kings,Kolkata Knight Riders,Chennai Super Kings,bat,Kolkata Knight Riders,,6,,RK Singh,Indian Premier League,61,male,2023/05/14,6,,,24
1359536,2023,2023-05-15,"Narendra Modi Stadium, Ahmedabad",Ahmedabad,Gujarat Titans,Sunrisers Hyderabad,Sunrisers Hyderabad,field,Gujarat Titans,34,,,Shubman Gill,Indian Premier League,62,male,2023/05/15,6,,,24
1359537,2023,2023-05-16,"Bharat Ratna Shri Atal Bihari Vajpayee Ekana Cricket Stadium, Lucknow",Lucknow,Lucknow Super Giants,Mumbai Indians,Mumbai Indians,field,Lucknow Super Giants,5,,,MP Stoinis,Indian Premier League,63,male,2023/05/16,6,,,24
1359538,2023,2023-05-17,"Himachal Pradesh Cricket Association Stadium, Dharamsala",Dharamsala,Delhi Capitals,Punjab Kings,Punjab Kings,field,Delhi Capitals,15,,,RR Rossouw,Indian Premier League,64,male,2023/05/17,6,,,24
1359539,2023,2023-05-18,"Rajiv Gandhi International Stadium, Uppal, Hyderabad",Hyderabad,Sunrisers Hyderabad,Royal Challengers Bangalore,Royal Challengers Bangalore,field,Royal Challengers Bangalore,,8,,V Kohli,Indian Premier League,65,male,2023/05/18,6,,,23
1359540,2023,2023-05-19,"Himachal Pradesh Cricket Association Stadium, Dharamsala",Dharamsala,Punjab Kings,Rajasthan Royals,Rajasthan Royals,field,Rajasthan Royals,,4,,D Padikkal,Indian Premier League,66,male,2023/05/19,6,,,24
1359541,2023,2023-05-20,"Arun Jaitley Stadium, Delhi",Delhi,Chennai Super Kings,Delhi Capitals,Chennai Super Kings,bat,Chennai Super Kings,77,,,RD Gaikwad,Indian Premier League,67,male,2023/05/20,6,,,24
1359542,2023,2023-05-20,"Eden Gardens, Kolkata",Kolkata,Lucknow Super Giants,Kolkata Knight Riders,Kolkata Knight Riders,field,Lucknow Super Giants,1,,,N Pooran,Indian Premier League,68,male,2023/05/20,6,,,24
1359543,2023,2023-05-21,"Wankhede Stadium, Mumbai",Mumbai,Sunrisers Hyderabad,Mumbai Indians,Mumbai Indians,field,Mumbai Indians,,8,,C Green,Indian Premier League,69,male,2023/05/21,6,,,23
1359544,2023,2023-05-21,"M Chinnaswamy Stadium, Bengaluru",Bengaluru,Royal Challengers Bangalore,Gujarat Titans,Gujarat Titans,field,Gujarat Titans,,6,,Shubman Gill,Indian Premier League,70,male,2023/05/21,6,,,24
1370350,2023,2023-05-23,"MA Chidambaram Stadium, Chepauk, Chennai",Chennai,Chennai Super Kings,Gujarat Titans,Gujarat Titans,field,Chennai Super Kings,15,,,RD Gaikwad,Indian Premier League,,male,2023/05/23,6,,,24
1370351,2023,2023-05-24,"MA Chidambaram Stadium, Chepauk, Chennai",Chennai,Mumbai Indians,Lucknow Super Giants,Mumbai Indians,bat,Mumbai Indians,81,,,Akash Madhwal,Indian Premier League,,male,2023/05/24,6,,,24
1370352,2023,2023-05-26,"Narendra Modi Stadium, Ahmedabad",Ahmedabad,Gujarat Titans,Mumbai Indians,Mumbai Indians,field,Gujarat Titans,62,,,Shubman Gill,Indian Premier League,,male,2023/05/26,6,,,25
1370353,2023,2023-05-29,"Narendra Modi Stadium, Ahmedabad",Ahmedabad,Gujarat Titans,Chennai Super Kings,Chennai Super Kings,field,Chennai Super Kings,,5,,DP Conway,Indian Premier League,,male,2023/05/29,6,D/L,,24
1422119,2024,2024-03-22,"MA Chidambaram Stadium, Chepauk, Chennai",Chennai,Royal Challengers Bengaluru,Chennai Super Kings,Royal Challengers Bengaluru,bat,Chennai Super Kings,,6,,Mustafizur Rahman,Indian Premier League,1,male,2024/03/22,6,,,24
1422120,2024,2024-03-23,"Maharaja Yadavindra Singh International Cricket Stadium, Mullanpur",Mohali,Delhi Capitals,Punjab Kings,Punjab Kings,field,Punjab Kings,,4,,SM Curran,Indian Premier League,2,male,2024/03/23,6,,,24
1422121,2024,2024-03-23,"Eden Gardens, Kolkata",Kolkata,Kolkata Knight Riders,Sunrisers Hyderabad,Sunrisers Hyderabad,field,Kolkata Knight Riders,4,,,AD Russell,Indian Premier League,3,male,2024/03/23,6,,,24
1422122,2024,2024-03-24,"Sawai Mansingh Stadium, Jaipur",Jaipur,Rajasthan Royals,Lucknow Super Giants,Rajasthan Royals,bat,Rajasthan Royals,20,,,SV Samson,Indian Premier League,4,male,2024/03/24,6,,,24
1422123,2024,2024-03-24,"Narendra Modi Stadium, Ahmedabad",Ahmedabad,Gujarat Titans,Mumbai Indians,Mumbai Indians,field,Gujarat Titans,6,,,B Sai Sudharsan,Indian Premier League,5,male,2024/03/24,6,,,24
1422124,2024,2024-03-25,"M Chinnaswamy Stadium, Bengaluru",Bengaluru,Punjab Kings,Royal Challengers Bengaluru,Royal Challengers Bengaluru,field,Royal Challengers Bengaluru,,4,,V Kohli,Indian Premier League,6,male,2024/03/25,6,,,24
1422125,2024,2024-03-26,"MA Chidambaram Stadium, Chepauk, Chennai",Chennai,Chennai Super Kings,Gujarat Titans,Gujarat Titans,field,Chennai Super Kings,63,,,S Dube,Indian Premier League,7,male,2024/03/26,6,,,24
1422126,2024,2024-03-27,"Rajiv Gandhi International Stadium, Uppal, Hyderabad",Hyderabad,Sunrisers Hyderabad,Mumbai Indians,Mumbai Indians,field,Sunrisers Hyderabad,31,,,Abhishek Sharma,Indian Premier League,8,male,2024/03/27,6,,,24
1422127,2024,2024-03-28,"Sawai Mansingh Stadium, Jaipur",Jaipur,Rajasthan Royals,Delhi Capitals,Delhi Capitals,field,Rajasthan Royals,12,,,R Parag,Indian Premier League,9,male,2024/03/28,6,,,24
1422128,2024,2024-03-29,"M Chinnaswamy Stadium, Bengaluru",Bengaluru,Royal Challengers Bengaluru,Kolkata Knight Riders,Kolkata Knight Riders,field,Kolkata Knight Riders,,7,,SP Narine,Indian Premier League,10,male,2024/03/29,6,,,24
1422129,2024,2024-03-30,"Bharat Ratna Shri Atal Bihari Vajpayee Ekana Cricket Stadium, Lucknow",Lucknow,Lucknow Super Giants,Punjab Kings,Lucknow Super Giants,bat,Lucknow Super Giants,21,,,MP Yadav,Indian Premier League,11,male,2024/03/30,6,,,24
1422130,2024,2024-03-31,"Narendra Modi Stadium, Ahmedabad",Ahmedabad,Sunrisers Hyderabad,Gujarat Titans,Sunrisers Hyderabad,bat,Gujarat Titans,,7,,MM Sharma,Indian Premier League,12,male,2024/03/31,6,,,24
1422131,2024,2024-03-31,"Dr. Y.S. Rajasekhara Reddy ACA-VDCA Cricket Stadium, Visakhapatnam",Visakhapatnam,Delhi Capitals,Chennai Super Kings,Delhi Capitals,bat,Delhi Capitals,20,,,KK Ahmed,Indian Premier League,13,male,2024/03/31,6,,,24
1422132,2024,2024-04-01,"Wankhede Stadium, Mumbai",Mumbai,Mumbai Indians,Rajasthan Royals,Rajasthan Royals,field,Rajasthan Royals,,6,,TA Boult,Indian Premier League,14,male,2024/04/01,6,,,24
1422133,2024,2024-04-02,"M Chinnaswamy Stadium, Bengaluru",Bengaluru,Lucknow Super Giants,Royal Challengers Bengaluru,Royal Challengers Bengaluru,field,Lucknow Super Giants,28,,,MP Yadav,Indian Premier League,15,male,2024/04/02,6,,,24
1422134,2024,2024-04-03,"Dr. Y.S. Rajasekhara Reddy ACA-VDCA Cricket Stadium, Visakhapatnam",Visakhapatnam,Kolkata Knight Riders,Delhi Capitals,Kolkata Knight Riders,bat,Kolkata Knight Riders,106,,,SP Narine,Indian Premier League,16,male,2024/04/03,6,,,24
1422135,2024,2024-04-04,"Narendra Modi Stadium, Ahmedabad",Ahmedabad,Gujarat Titans,Punjab Kings,Punjab Kings,field,Punjab Kings,,3,,Shashank Singh,Indian Premier League,17,male,2024/04/04,6,,,24
1422136,2024,2024-04-05,"Rajiv Gandhi International Stadium, Uppal, Hyderabad",Hyderabad,Chennai Super Kings,Sunrisers Hyderabad,Sunrisers Hyderabad,field,Sunrisers Hyderabad,,6,,Abhishek Sharma,Indian Premier League,18,male,2024/04/05,6,,,24
1422137,2024,2024-04-06,"Sawai Mansingh Stadium, Jaipur",Jaipur,Royal Challengers Bengaluru,Rajasthan Royals,Rajasthan Royals,field,Rajasthan Royals,,6,,JC Buttler,Indian Premier League,19,male,2024/04/06,6,,,24
1422138,2024,2024-04-07,"Wankhede Stadium, Mumbai",Mumbai,Mumbai Indians,Delhi Capitals,Delhi Capitals,field,Mumbai Indians,29,,,R Shepherd,Indian Premier League,20,male,2024/04/07,6,,,24
1422139,2024,2024-04-07,"Bharat Ratna Shri Atal Bihari Vajpayee Ekana Cricket Stadium, Lucknow",Lucknow,Lucknow Super Giants,Gujarat Titans,Lucknow Super Giants,bat,Lucknow Super Giants,33,,,Yash Thakur,Indian Premier League,21,male,2024/04/07,6,,,24
1426260,2024,2024-04-08,"MA Chidambaram Stadium, Chepauk, Chennai",Chennai,Kolkata Knight Riders,Chennai Super Kings,Chennai Super Kings,field,Chennai Super Kings,,7,,RA Jadeja,Indian Premier League,22,male,2024/04/08,6,,,24
1426261,2024,2024-04-09,"Maharaja Yadavindra Singh International Cricket Stadium, Mullanpur",Mohali,Sunrisers Hyderabad,Punjab Kings,Punjab Kings,field,Sunrisers Hyderabad,2,,,Nithish Kumar Reddy,Indian Premier League,23,male,2024/04/09,6,,,24
1426262,2024,2024-04-10,"Sawai Mansingh Stadium, Jaipur",Jaipur,Rajasthan Royals,Gujarat Titans,Gujarat Titans,field,Gujarat Titans,,3,,Rashid Khan,Indian Premier League,24,male,2024/04/10,6,,,24
1426263,2024,2024-04-11,"Wankhede Stadium, Mumbai",Mumbai,Royal Challengers Bengaluru,Mumbai Indians,Mumbai Indians,field,Mumbai Indians,,7,,JJ Bumrah,Indian Premier League,25,male,2024/04/11,6,,,24
1426264,2024,2024-04-12,"Bharat Ratna Shri Atal Bihari Vajpayee Ekana Cricket Stadium, Lucknow",Lucknow,Lucknow Super Giants,Delhi Capitals,Lucknow Super Giants,bat,Delhi Capitals,,6,,Kuldeep Yadav,Indian Premier League,26,male,2024/04/12,6,,,24
1426265,2024,2024-04-13,"Maharaja Yadavindra Singh International Cricket Stadium, Mullanpur",Mohali,Punjab Kings,Rajasthan Royals,Rajasthan Royals,field,Rajasthan Royals,,3,,SO Hetmyer,Indian Premier League,27,male,2024/04/13,6,,,24
1426266,2024,2024-04-14,"Eden Gardens, Kolkata",Kolkata,Lucknow Super Giants,Kolkata Knight Riders,Kolkata Knight Riders,field,Kolkata Knight Riders,,8,,PD Salt,Indian Premier League,28,male,2024/04/14,6,,,24
1426267,2024,2024-04-14,"Wankhede Stadium, Mumbai",Mumbai,Chennai Super Kings,Mumbai Indians,Mumbai Indians,field,Chennai Super Kings,20,,,M Pathirana,Indian Premier League,29,male,2024/04/14,6,,,24
1426268,2024,2024-04-15,"M Chinnaswamy Stadium, Bengaluru",Bengaluru,Sunrisers Hyderabad,Royal Challengers Bengaluru,Royal Challengers Bengaluru,field,Sunrisers Hyderabad,25,,,TM Head,Indian Premier League,30,male,2024/04/15,6,,,24
1426269,2024,2024-04-16,"Eden Gardens, Kolkata",Kolkata,Kolkata Knight Riders,Rajasthan Royals,Rajasthan Royals,field,Rajasthan Royals,,2,,JC Buttler,Indian Premier League,31,male,2024/04/16,6,,,24
1426270,2024,2024-04-17,"Narendra Modi Stadium, Ahmedabad",Ahmedabad,Gujarat Titans,Delhi Capitals,Delhi Capitals,field,Delhi Capitals,,6,,RR Pant,Indian Premier League,32,male,2024/04/17,6,,,24
1426271,2024,2024-04-18,"Maharaja Yadavindra Singh International Cricket Stadium, Mullanpur",Mohali,Mumbai Indians,Punjab Kings,Punjab Kings,field,Mumbai Indians,9,,,JJ Bumrah,Indian Premier League,33,male,2024/04/18,6,,,24
1426272,2024,2024-04-19,"Bharat Ratna Shri Atal Bihari Vajpayee Ekana Cricket Stadium, Lucknow",Lucknow,Chennai Super Kings,Lucknow Super Giants,Lucknow Super Giants,field,Lucknow Super Giants,,8,,KL Rahul,Indian Premier League,34,male,2024/04/19,6,,,23
1426273,2024,2024-04-20,"Arun Jaitley Stadium, Delhi",Delhi,Sunrisers Hyderabad,Delhi Capitals,Delhi Capitals,field,Sunrisers Hyderabad,67,,,TM Head,Indian Premier League,35,male,2024/04/20,6,,,24
1426274,2024,2024-04-21,"Eden Gardens, Kolkata",Kolkata,Kolkata Knight Riders,Royal Challengers Bengaluru,Royal Challengers Bengaluru,field,Kolkata Knight Riders,1,,,AD Russell,Indian Premier League,36,male,2024/04/21,6,,,24
1426275,2024,2024-04-21,"Maharaja Yadavindra Singh International Cricket Stadium, Mullanpur",Mohali,Punjab Kings,Gujarat Titans,Punjab Kings,bat,Gujarat Titans,,3,,R Sai Kishore,Indian Premier League,37,male,2024/04/21,6,,,24
1426276,2024,2024-04-22,"Sawai Mansingh Stadium, Jaipur",Jaipur,Mumbai Indians,Rajasthan Royals,Mumbai Indians,bat,Rajasthan Royals,,9,,Sandeep Sharma,Indian Premier League,38,male,2024/04/22,6,,,24
1426277,2024,2024-04-23,"MA Chidambaram Stadium, Chepauk, Chennai",Chennai,Chennai Super Kings,Lucknow Super Giants,Lucknow Super Giants,field,Lucknow Super Giants,,6,,MP Stoinis,Indian Premier League,39,male,2024/04/23,6,,,24
1426278,2024,2024-04-24,"Arun Jaitley Stadium, Delhi",Delhi,Delhi Capitals,Gujarat Titans,Gujarat Titans,field,Delhi Capitals,4,,,RR Pant,Indian Premier League,40,male,2024/04/24,6,,,24
1426279,2024,2024-04-25,"Rajiv Gandhi International Stadium, Uppal, Hyderabad",Hyderabad,Royal Challengers Bengaluru,Sunrisers Hyderabad,Royal Challengers Bengaluru,bat,Royal Challengers Bengaluru,35,,,RM Patidar,Indian Premier League,41,male,2024/04/25,6,,,24
1426280,2024,2024-04-26,"Eden Gardens, Kolkata",Kolkata,Kolkata Knight Riders,Punjab Kings,Punjab Kings,field,Punjab Kings,,8,,JM Bairstow,Indian Premier League,42,male,2024/04/26,6,,,24
1426281,2024,2024-04-27,"Arun Jaitley Stadium, Delhi",Delhi,Delhi Capitals,Mumbai Indians,Mumbai Indians,field,Delhi Capitals,10,,,J Fraser-McGurk,Indian Premier League,43,male,2024/04/27,6,,,24
1426282,2024,2024-04-27,"Bharat Ratna Shri Atal Bihari Vajpayee Ekana Cricket Stadium, Lucknow",Lucknow,Lucknow Super Giants,Rajasthan Royals,Rajasthan Royals,field,Rajasthan Royals,,7,,SV Samson,Indian Premier League,44,male,2024/04/27,6,,,24
1426283,2024,2024-04-28,"Narendra Modi Stadium, Ahmedabad",Ahmedabad,Gujarat Titans,Royal Challengers Bengaluru,Royal Challengers Bengaluru,field,Royal Challengers Bengaluru,,9,,WG Jacks,Indian Premier League,45,male,2024/04/28,6,,,23
1426284,2024,2024-04-28,"MA Chidambaram Stadium, Chepauk, Chennai",Chennai,Chennai Super Kings,Sunrisers Hyderabad,Sunrisers Hyderabad,field,Chennai Super Kings,78,,,RD Gaikwad,Indian Premier League,46,male,2024/04/28,6,,,24
1426285,2024,2024-04-29,"Eden Gardens, Kolkata",Kolkata,Delhi Capitals,Kolkata Knight Riders,Delhi Capitals,bat,Kolkata Knight Riders,,7,,CV Varun,Indian Premier League,47,male,2024/04/29,6,,,24
1426286,2024,2024-04-30,"Bharat Ratna Shri Atal Bihari Vajpayee Ekana Cricket Stadium, Lucknow",Lucknow,Mumbai Indians,Lucknow Super Giants,Lucknow Super Giants,field,Lucknow Super Giants,,4,,MP Stoinis,Indian Premier League,48,male,2024/04/30,6,,,24
1426287,2024,2024-05-01,"MA Chidambaram Stadium, Chepauk, Chennai",Chennai,Chennai Super Kings,Punjab Kings,Punjab Kings,field,Punjab Kings,,7,,Harpreet Brar,Indian Premier League,49,male,2024/05/01,6,,,24
1426288,2024,2024-05-02,"Rajiv Gandhi International Stadium, Uppal, Hyderabad",Hyderabad,Sunrisers Hyderabad,Rajasthan Royals,Sunrisers Hyderabad,bat,Sunrisers Hyderabad,1,,,B Kumar,Indian Premier League,50,male,2024/05/02,6,,,24
1426289,2024,2024-05-03,"Wankhede Stadium, Mumbai",Mumbai,Kolkata Knight Riders,Mumbai Indians,Mumbai Indians,field,Kolkata Knight Riders,24,,,VR Iyer,Indian Premier League,51,male,2024/05/03,6,,,24
1426290,2024,2024-05-04,"M Chinnaswamy Stadium, Bengaluru",Bengaluru,Gujarat Titans,Royal Challengers Bengaluru,Royal Challengers Bengaluru,field,Royal Challengers Bengaluru,,4,,Mohammed Siraj,Indian Premier League,52,male,2024/05/04,6,,,24
1426291,2024,2024-05-05,"Himachal Pradesh Cricket Association Stadium, Dharamsala",Dharamsala,Chennai Super Kings,Punjab Kings,Punjab Kings,field,Chennai Super Kings,28,,,RA Jadeja,Indian Premier League,53,male,2024/05/05,6,,,24
1426292,2024,2024-05-05,"Bharat Ratna Shri Atal Bihari Vajpayee Ekana Cricket Stadium, Lucknow",Lucknow,Kolkata Knight Riders,Lucknow Super Giants,Lucknow Super Giants,field,Kolkata Knight Riders,98,,,SP Narine,Indian Premier League,54,male,2024/05/05,6,,,25
1426293,2024,2024-05-06,"Wankhede Stadium, Mumbai",Mumbai,Sunrisers Hyderabad,Mumbai Indians,Mumbai Indians,field,Mumbai Indians,,7,,SA Yadav,Indian Premier League,55,male,2024/05/06,6,,,23
1426294,2024,2024-05-07,"Arun Jaitley Stadium, Delhi",Delhi,Delhi Capitals,Rajasthan Royals,Rajasthan Royals,field,Delhi Capitals,20,,,Kuldeep Yadav,Indian Premier League,56,male,2024/05/07,6,,,24
1426295,2024,2024-05-08,"Rajiv Gandhi International Stadium, Uppal, Hyderabad",Hyderabad,Lucknow Super Giants,Sunrisers Hyderabad,Lucknow Super Giants,bat,Sunrisers Hyderabad,,10,,TM Head,Indian Premier League,57,male,2024/05/08,6,,,23
1426296,2024,2024-05-09,"Himachal Pradesh Cricket Association Stadium, Dharamsala",Dharamsala,Royal Challengers Bengaluru,Punjab Kings,Punjab Kings,field,Royal Challengers Bengaluru,60,,,V Kohli,Indian Premier League,58,male,2024/05/09,6,,,24
1426297,2024,2024-05-10,"Narendra Modi Stadium, Ahmedabad",Ahmedabad,Gujarat Titans,Chennai Super Kings,Chennai Super Kings,field,Gujarat Titans,35,,,Shubman Gill,Indian Premier League,59,male,2024/05/10,6,,,24
1426298,2024,2024-05-11,"Eden Gardens, Kolkata",Kolkata,Kolkata Knight Riders,Mumbai Indians,Mumbai Indians,field,Kolkata Knight Riders,18,,,CV Varun,Indian Premier League,60,male,2024/05/11,6,,,24
1426299,2024,2024-05-12,"MA Chidambaram Stadium, Chepauk, Chennai",Chennai,Rajasthan Royals,Chennai Super Kings,Rajasthan Royals,bat,Chennai Super Kings,,5,,Simarjeet Singh,Indian Premier League,61,male,2024/05/12,6,,,24
1426300,2024,2024-05-12,"M Chinnaswamy Stadium, Bengaluru",Bengaluru,Royal Challengers Bengaluru,Delhi Capitals,Delhi Capitals,field,Royal Challengers Bengaluru,47,,,C Green,Indian Premier League,62,male,2024/05/12,6,,,24
1426302,2024,2024-05-14,"Arun Jaitley Stadium, Delhi",Delhi,Delhi Capitals,Lucknow Super Giants,Lucknow Super Giants,field,Delhi Capitals,19,,,I Sharma,Indian Premier League,64,male,2024/05/14,6,,,24
1426303,2024,2024-05-15,"Barsapara Cricket Stadium, Guwahati",Guwahati,Rajasthan Royals,Punjab Kings,Rajasthan Royals,bat,Punjab Kings,,5,,SM Curran,Indian Premier League,65,male,2024/05/15,6,,,24
1426305,2024,2024-05-17,"Wankhede Stadium, Mumbai",Mumbai,Lucknow Super Giants,Mumbai Indians,Mumbai Indians,field,Lucknow Super Giants,18,,,N Pooran,Indian Premier League,67,male,2024/05/17,6,,,24
1426306,2024,2024-05-18,"M Chinnaswamy Stadium, Bengaluru",Bengaluru,Royal Challengers Bengaluru,Chennai Super Kings,Chennai Super Kings,field,Royal Challengers Bengaluru,27,,,F du Plessis,Indian Premier League,68,male,2024/05/18,6,,,24
1426307,2024,2024-05-19,"Rajiv Gandhi International Stadium, Uppal, Hyderabad",Hyderabad,Punjab Kings,Sunrisers Hyderabad,Punjab Kings,bat,Sunrisers Hyderabad,,4,,Abhishek Sharma,Indian Premier League,69,male,2024/05/19,6,,,24
1426309,2024,2024-05-21,"Narendra Modi Stadium, Ahmedabad",Ahmedabad,Sunrisers Hyderabad,Kolkata Knight Riders,Sunrisers Hyderabad,bat,Kolkata Knight Riders,,8,,MA Starc,Indian Premier League,,male,2024/05/21,6,,,23
1426310,2024,2024-05-22,"Narendra Modi Stadium, Ahmedabad",Ahmedabad,Royal Challengers Bengaluru,Rajasthan Royals,Rajasthan Royals,field,Rajasthan Royals,,4,,R Ashwin,Indian Premier League,,male,2024/05/22,6,,,24
1426311,2024,2024-05-24,"MA Chidambaram Stadium, Chepauk, Chennai",Chennai,Sunrisers Hyderabad,Rajasthan Royals,Rajasthan Royals,field,Sunrisers Hyderabad,36,,,Shahbaz Ahmed,Indian Premier League,,male,2024/05/24,6,,,24
1426312,2024,2024-05-26,"MA Chidambaram Stadium, Chepauk, Chennai",Chennai,Sunrisers Hyderabad,Kolkata Knight Riders,Sunrisers Hyderabad,bat,Kolkata Knight Riders,,8,,MA Starc,Indian Premier League,,male,2024/05/26,6,,,23
1473438,2025,2025-03-22,"Eden Gardens, Kolkata",Kolkata,Kolkata Knight Riders,Royal Challengers Bengaluru,Royal Challengers Bengaluru,field,Royal Challengers Bengaluru,,7,,KH Pandya,Indian Premier League,1,male,2025/03/22,6,,,24
1473439,2025,2025-03-23,"Rajiv Gandhi International Stadium, Uppal, Hyderabad",Hyderabad,Sunrisers Hyderabad,Rajasthan Royals,Rajasthan Royals,field,Sunrisers Hyderabad,44,,,Ishan Kishan,Indian Premier League,2,male,2025/03/23,6,,,24
1473440,2025,2025-03-23,"MA Chidambaram Stadium, Chepauk, Chennai",Chennai,Mumbai Indians,Chennai Super Kings,Chennai Super Kings,field,Chennai Super Kings,,4,,Noor Ahmad,Indian Premier League,3,male,2025/03/23,6,,,24
1473441,2025,2025-03-24,"Dr. Y.S. Rajasekhara Reddy ACA-VDCA Cricket Stadium, Visakhapatnam",Visakhapatnam,Lucknow Super Giants,Delhi Capitals,Delhi Capitals,field,Delhi Capitals,,1,,Ashutosh Sharma,Indian Premier League,4,male,2025/03/24,6,,,24
1473442,2025,2025-03-25,"Narendra Modi Stadium, Ahmedabad",Ahmedabad,Punjab Kings,Gujarat Titans,Gujarat Titans,field,Punjab Kings,11,,,SS Iyer,Indian Premier League,5,male,2025/03/25,6,,,24
1473443,2025,2025-03-26,"Barsapara Cricket Stadium, Guwahati",Guwahati,Rajasthan Royals,Kolkata Knight Riders,Kolkata Knight Riders,field,Kolkata Knight Riders,,8,,Q de Kock,Indian Premier League,6,male,2025/03/26,6,,,24
1473444,2025,2025-03-27,"Rajiv Gandhi International Stadium, Uppal, Hyderabad",Hyderabad,Sunrisers Hyderabad,Lucknow Super Giants,Lucknow Super Giants,field,Lucknow Super Giants,,5,,SN Thakur,Indian Premier League,7,male,2025/03/27,6,,,24
1473445,2025,2025-03-28,"MA Chidambaram Stadium, Chepauk, Chennai",Chennai,Royal Challengers Bengaluru,Chennai Super Kings,Chennai Super Kings,field,Royal Challengers Bengaluru,50,,,RM Patidar,Indian Premier League,8,male,2025/03/28,6,,,24
1473446,2025,2025-03-29,"Narendra Modi Stadium, Ahmedabad",Ahmedabad,Gujarat Titans,Mumbai Indians,Mumbai Indians,field,Gujarat Titans,36,,,M Prasidh Krishna,Indian Premier League,9,male,2025/03/29,6,,,24
1473447,2025,2025-03-30,"Dr. Y.S. Rajasekhara Reddy ACA-VDCA Cricket Stadium, Visakhapatnam",Visakhapatnam,Sunrisers Hyderabad,Delhi Capitals,Sunrisers Hyderabad,bat,Delhi Capitals,,7,,MA Starc,Indian Premier League,10,male,2025/03/30,6,,,23
1473448,2025,2025-03-30,"Barsapara Cricket Stadium, Guwahati",Guwahati,Rajasthan Royals,Chennai Super Kings,Chennai Super Kings,field,Rajasthan Royals,6,,,N Rana,Indian Premier League,11,male,2025/03/30,6,,,24
1473449,2025,2025-03-31,"Wankhede Stadium, Mumbai",Mumbai,Kolkata Knight Riders,Mumbai Indians,Mumbai Indians,field,Mumbai Indians,,8,,Ashwani Kumar,Indian Premier League,12,male,2025/03/31,6,,,24
1473450,2025,2025-04-01,"Bharat Ratna Shri Atal Bihari Vajpayee Ekana Cricket Stadium, Lucknow",Lucknow,Lucknow Super Giants,Punjab Kings,Punjab Kings,field,Punjab Kings,,8,,P Simran Singh,Indian Premier League,13,male,2025/04/01,6,,,24
1473451,2025,2025-04-02,"M Chinnaswamy Stadium, Bengaluru",Bengaluru,Royal Challengers Bengaluru,Gujarat Titans,Gujarat Titans,field,Gujarat Titans,,8,,Mohammed Siraj,Indian Premier League,14,male,2025/04/02,6,,,24
1473452,2025,2025-04-03,"Eden Gardens, Kolkata",Kolkata,Kolkata Knight Riders,Sunrisers Hyderabad,Sunrisers Hyderabad,field,Kolkata Knight Riders,80,,,VG Arora,Indian Premier League,15,male,2025/04/03,6,,,24
1473453,2025,2025-04-04,"Bharat Ratna Shri Atal Bihari Vajpayee Ekana Cricket Stadium, Lucknow",Lucknow,Lucknow Super Giants,Mumbai Indians,Mumbai Indians,field,Lucknow Super Giants,12,,,DS Rathi,Indian Premier League,16,male,2025/04/04,6,,,24
1473454,2025,2025-04-05,"MA Chidambaram Stadium, Chepauk, Chennai",Chennai,Delhi Capitals,Chennai Super Kings,Delhi Capitals,bat,Delhi Capitals,25,,,KL Rahul,Indian Premier League,17,male,2025/04/05,6,,,24
1473455,2025,2025-04-05,"Maharaja Yadavindra Singh International Cricket Stadium, Mullanpur",Mohali,Rajasthan Royals,Punjab Kings,Punjab Kings,field,Rajasthan Royals,50,,,JC Archer,Indian Premier League,18,male,2025/04/05,6,,,24
1473456,2025,2025-04-08,"Eden Gardens, Kolkata",Kolkata,Lucknow Super Giants,Kolkata Knight Riders,Kolkata Knight Riders,field,Lucknow Super Giants,4,,,N Pooran,Indian Premier League,21,male,2025/04/08,6,,,24
1473457,2025,2025-04-06,"Rajiv Gandhi International Stadium, Uppal, Hyderabad",Hyderabad,Sunrisers Hyderabad,Gujarat Titans,Gujarat Titans,field,Gujarat Titans,,7,,Mohammed Siraj,Indian Premier League,19,male,2025/04/06,6,,,24
1473458,2025,2025-04-07,"Wankhede Stadium, Mumbai",Mumbai,Royal Challengers Bengaluru,Mumbai Indians,Mumbai Indians,field,Royal Challengers Bengaluru,12,,,RM Patidar,Indian Premier League,20,male,2025/04/07,6,,,24
1473459,2025,2025-04-08,"Maharaja Yadavindra Singh International Cricket Stadium, Mullanpur",Mohali,Punjab Kings,Chennai Super Kings,Punjab Kings,bat,Punjab Kings,18,,,Priyansh Arya,Indian Premier League,22,male,2025/04/08,6,,,24
1473460,2025,2025-04-09,"Narendra Modi Stadium, Ahmedabad",Ahmedabad,Gujarat Titans,Rajasthan Royals,Rajasthan Royals,field,Gujarat Titans,58,,,B Sai Sudharsan,Indian Premier League,23,male,2025/04/09,6,,,24
1473461,2025,2025-04-10,"M Chinnaswamy Stadium, Bengaluru",Bengaluru,Royal Challengers Bengaluru,Delhi Capitals,Delhi Capitals,field,Delhi Capitals,,6,,KL Rahul,Indian Premier League,24,male,2025/04/10,6,,,24
1473462,2025,2025-04-11,"MA Chidambaram Stadium, Chepauk, Chennai",Chennai,Chennai Super Kings,Kolkata Knight Riders,Kolkata Knight Riders,field,Kolkata Knight Riders,,8,,SP Narine,Indian Premier League,25,male,2025/04/11,6,,,23
1473463,2025,2025-04-12,"Bharat Ratna Shri Atal Bihari Vajpayee Ekana Cricket Stadium, Lucknow",Lucknow,Gujarat Titans,Lucknow Super Giants,Lucknow Super Giants,field,Lucknow Super Giants,,6,,AK Markram,Indian Premier League,26,male,2025/04/12,6,,,24
1473464,2025,2025-04-12,"Rajiv Gandhi International Stadium, Uppal, Hyderabad",Hyderabad,Punjab Kings,Sunrisers Hyderabad,Punjab Kings,bat,Sunrisers Hyderabad,,8,,Abhishek Sharma,Indian Premier League,27,male,2025/04/12,6,,,24
1473465,2025,2025-04-13,"Sawai Mansingh Stadium, Jaipur",Jaipur,Rajasthan Royals,Royal Challengers Bengaluru,Royal Challengers Bengaluru,field,Royal Challengers Bengaluru,,9,,PD Salt,Indian Premier League,28,male,2025/04/13,6,,,24
1473466,2025,2025-04-13,"Arun Jaitley Stadium, Delhi",Delhi,Mumbai Indians,Delhi Capitals,Delhi Capitals,field,Mumbai Indians,12,,,KV Sharma,Indian Premier League,29,male,2025/04/13,6,,,24
1473467,2025,2025-04-14,"Bharat Ratna Shri Atal Bihari Vajpayee Ekana Cricket Stadium, Lucknow",Lucknow,Lucknow Super Giants,Chennai Super Kings,Chennai Super Kings,field,Chennai Super Kings,,5,,MS Dhoni,Indian Premier League,30,male,2025/04/14,6,,,24
1473468,2025,2025-04-15,"Maharaja Yadavindra Singh International Cricket Stadium, Mullanpur",Mohali,Punjab Kings,Kolkata Knight Riders,Punjab Kings,bat,Punjab Kings,16,,,YS Chahal,Indian Premier League,31,male,2025/04/15,6,,,24
1473469,2025,2025-04-16,"Arun Jaitley Stadium, Delhi",Delhi,Delhi Capitals,Rajasthan Royals,Rajasthan Royals,field,,,,,MA Starc,Indian Premier League,32,male,2025/04/16,6,,Delhi Capitals,24
1473470,2025,2025-04-17,"Wankhede Stadium, Mumbai",Mumbai,Sunrisers Hyderabad,Mumbai Indians,Mumbai Indians,field,Mumbai Indians,,4,,WG Jacks,Indian Premier League,33,male,2025/04/17,6,,,24
1473471,2025,2025-04-18,"M Chinnaswamy Stadium, Bengaluru",Bengaluru,Royal Challengers Bengaluru,Punjab Kings,Punjab Kings,field,Punjab Kings,,5,,TH David,Indian Premier League,34,male,2025/04/18,6,,,24
1473472,2025,2025-04-19,"Narendra Modi Stadium, Ahmedabad",Ahmedabad,Delhi Capitals,Gujarat Titans,Gujarat Titans,field,Gujarat Titans,,7,,JC Buttler,Indian Premier League,35,male,2025/04/19,6,,,24
1473473,2025,2025-04-19,"Sawai Mansingh Stadium, Jaipur",Jaipur,Lucknow Super Giants,Rajasthan Royals,Lucknow Super Giants,bat,Lucknow Super Giants,2,,,Avesh Khan,Indian Premier League,36,male,2025/04/19,6,,,24
1473474,2025,2025-04-20,"Maharaja Yadavindra Singh International Cricket Stadium, Mullanpur",Mohali,Punjab Kings,Royal Challengers Bengaluru,Royal Challengers Bengaluru,field,Royal Challengers Bengaluru,,7,,V Kohli,Indian Premier League,37,male,2025/04/20,6,,,24
1473475,2025,2025-04-20,"Wankhede Stadium, Mumbai",Mumbai,Chennai Super Kings,Mumbai Indians,Mumbai Indians,field,Mumbai Indians,,9,,RG Sharma,Indian Premier League,38,male,2025/04/20,6,,,24
1473476,2025,2025-04-21,"Eden Gardens, Kolkata",Kolkata,Gujarat Titans,Kolkata Knight Riders,Kolkata Knight Riders,field,Gujarat Titans,39,,,Shubman Gill,Indian Premier League,39,male,2025/04/21,6,,,24
1473477,2025,2025-04-22,"Bharat Ratna Shri Atal Bihari Vajpayee Ekana Cricket Stadium, Lucknow",Lucknow,Lucknow Super Giants,Delhi Capitals,Delhi Capitals,field,Delhi Capitals,,8,,Mukesh Kumar,Indian Premier League,40,male,2025/04/22,6,,,23
1473478,2025,2025-04-23,"Rajiv Gandhi International Stadium, Uppal, Hyderabad",Hyderabad,Sunrisers Hyderabad,Mumbai Indians,Mumbai Indians,field,Mumbai Indians,,7,,TA Boult,Indian Premier League,41,male,2025/04/23,6,,,24
1473479,2025,2025-04-24,"M Chinnaswamy Stadium, Bengaluru",Bengaluru,Royal Challengers Bengaluru,Rajasthan Royals,Rajasthan Royals,field,Royal Challengers Bengaluru,11,,,JR Hazlewood,Indian Premier League,42,male,2025/04/24,6,,,24
1473480,2025,2025-04-25,"MA Chidambaram Stadium, Chepauk, Chennai",Chennai,Chennai Super Kings,Sunrisers Hyderabad,Sunrisers Hyderabad,field,Sunrisers Hyderabad,,5,,HV Patel,Indian Premier League,43,male,2025/04/25,6,,,24
1473481,2025,2025-04-26,"Eden Gardens, Kolkata",Kolkata,Punjab Kings,Kolkata Knight Riders,Punjab Kings,bat,,,,,,Indian Premier League,44,male,2025/04/26,6,,,24
1473482,2025,2025-04-27,"Wankhede Stadium, Mumbai",Mumbai,Mumbai Indians,Lucknow Super Giants,Lucknow Super Giants,field,Mumbai Indians,54,,,WG Jacks,Indian Premier League,45,male,2025/04/27,6,,,24
1473483,2025,2025-04-27,"Arun Jaitley Stadium, Delhi",Delhi,Delhi Capitals,Royal Challengers Bengaluru,Royal Challengers Bengaluru,field,Royal Challengers Bengaluru,,6,,KH Pandya,Indian Premier League,46,male,2025/04/27,6,,,24
1473484,2025,2025-04-28,"Sawai Mansingh Stadium, Jaipur",Jaipur,Gujarat Titans,Rajasthan Royals,Rajasthan Royals,field,Rajasthan Royals,,8,,V Suryavanshi,Indian Premier League,47,male,2025/04/28,6,,,23
1473485,2025,2025-04-29,"Arun Jaitley Stadium, Delhi",Delhi,Kolkata Knight Riders,Delhi Capitals,Delhi Capitals,field,Kolkata Knight Riders,14,,,SP Narine,Indian Premier League,48,male,2025/04/29,6,,,24
1473486,2025,2025-04-30,"MA Chidambaram Stadium, Chepauk, Chennai",Chennai,Chennai Super Kings,Punjab Kings,Punjab Kings,field,Punjab Kings,,4,,SS Iyer,Indian Premier League,49,male,2025/04/30,6,,,24
1473487,2025,2025-05-01,"Sawai Mansingh Stadium, Jaipur",Jaipur,Mumbai Indians,Rajasthan Royals,Rajasthan Royals,field,Mumbai Indians,100,,,RD Rickelton,Indian Premier League,50,male,2025/05/01,6,,,24
1473488,2025,2025-05-02,"Narendra Modi Stadium, Ahmedabad",Ahmedabad,Gujarat Titans,Sunrisers Hyderabad,Sunrisers Hyderabad,field,Gujarat Titans,38,,,M Prasidh Krishna,Indian Premier League,51,male,2025/05/02,6,,,24
1473489,2025,2025-05-03,"M Chinnaswamy Stadium, Bengaluru",Bengaluru,Royal Challengers Bengaluru,Chennai Super Kings,Chennai Super Kings,field,Royal Challengers Bengaluru,2,,,R Shepherd,Indian Premier League,52,male,2025/05/03,6,,,24
1473490,2025,2025-05-04,"Eden Gardens, Kolkata",Kolkata,Kolkata Knight Riders,Rajasthan Royals,Kolkata Knight Riders,bat,Kolkata Knight Riders,1,,,AD Russell,Indian Premier League,53,male,2025/05/04,6,,,24
1473491,2025,2025-05-04,"Himachal Pradesh Cricket Association Stadium, Dharamsala",Dharamsala,Punjab Kings,Lucknow Super Giants,Lucknow Super Giants,field,Punjab Kings,37,,,P Simran Singh,Indian Premier League,54,male,2025/05/04,6,,,24
1473492,2025,2025-05-05,"Rajiv Gandhi International Stadium, Uppal, Hyderabad",Hyderabad,Delhi Capitals,Sunrisers Hyderabad,Sunrisers Hyderabad,field,,,,,,Indian Premier League,55,male,2025/05/05,6,,,24
1473493,2025,2025-05-06,"Wankhede Stadium, Mumbai",Mumbai,Mumbai Indians,Gujarat Titans,Gujarat Titans,field,Gujarat Titans,,3,,Shubman Gill,Indian Premier League,56,male,2025/05/06,6,D/L,,25
1473494,2025,2025-05-07,"Eden Gardens, Kolkata",Kolkata,Kolkata Knight Riders,Chennai Super Kings,Kolkata Knight Riders,bat,Chennai Super Kings,,2,,Noor Ahmad,Indian Premier League,57,male,2025/05/07,6,,,24
1473495,2025,2025-05-08,"Himachal Pradesh Cricket Association Stadium, Dharamsala",Dharamsala,Punjab Kings,Delhi Capitals,Punjab Kings,bat,,,,,,Indian Premier League,58,male,2025/05/08,6,,,22
1473497,2025,2025-05-18,"Sawai Mansingh Stadium, Jaipur",Jaipur,Punjab Kings,Rajasthan Royals,Punjab Kings,bat,Punjab Kings,10,,,Harpreet Brar,Indian Premier League,59,male,2025/05/18,6,,,24
1473498,2025,2025-05-18,"Arun Jaitley Stadium, Delhi",Delhi,Delhi Capitals,Gujarat Titans,Gujarat Titans,field,Gujarat Titans,,10,,B Sai Sudharsan,Indian Premier League,60,male,2025/05/18,6,,,24
1473499,2025,2025-05-19,"Bharat Ratna Shri Atal Bihari Vajpayee Ekana Cricket Stadium, Lucknow",Lucknow,Lucknow Super Giants,Sunrisers Hyderabad,Sunrisers Hyderabad,field,Sunrisers Hyderabad,,6,,Abhishek Sharma,Indian Premier League,61,male,2025/05/19,6,,,24
1473500,2025,2025-05-20,"Arun Jaitley Stadium, Delhi",Delhi,Chennai Super Kings,Rajasthan Royals,Rajasthan Royals,field,Rajasthan Royals,,6,,Akash Madhwal,Indian Premier League,62,male,2025/05/20,6,,,23
1473501,2025,2025-05-21,"Wankhede Stadium, Mumbai",Mumbai,Mumbai Indians,Delhi Capitals,Delhi Capitals,field,Mumbai Indians,59,,,SA Yadav,Indian Premier League,63,male,2025/05/21,6,,,24
1473502,2025,2025-05-22,"Narendra Modi Stadium, Ahmedabad",Ahmedabad,Lucknow Super Giants,Gujarat Titans,Gujarat Titans,field,Lucknow Super Giants,33,,,MR Marsh,Indian Premier League,64,male,2025/05/22,6,,,24
1473503,2025,2025-05-23,"Bharat Ratna Shri Atal Bihari Vajpayee Ekana Cricket Stadium, Lucknow",Lucknow,Sunrisers Hyderabad,Royal Challengers Bengaluru,Royal Challengers Bengaluru,field,Sunrisers Hyderabad,42,,,Ishan Kishan,Indian Premier League,65,male,2025/05/23,6,,,24
1473504,2025,2025-05-25,"Narendra Modi Stadium, Ahmedabad",Ahmedabad,Chennai Super Kings,Gujarat Titans,Chennai Super Kings,bat,Chennai Super Kings,83,,,D Brevis,Indian Premier League,67,male,2025/05/25,6,,,24
1473505,2025,2025-05-25,"Arun Jaitley Stadium, Delhi",Delhi,Sunrisers Hyderabad,Kolkata Knight Riders,Sunrisers Hyderabad,bat,Sunrisers Hyderabad,110,,,H Klaasen,Indian Premier League,68,male,2025/05/25,6,,,24
1473506,2025,2025-05-26,"Sawai Mansingh Stadium, Jaipur",Jaipur,Mumbai Indians,Punjab Kings,Punjab Kings,field,Punjab Kings,,7,,JP Inglis,Indian Premier League,69,male,2025/05/26,6,,,24
1473507,2025,2025-05-27,"Bharat Ratna Shri Atal Bihari Vajpayee Ekana Cricket Stadium, Lucknow",Lucknow,Lucknow Super Giants,Royal Challengers Bengaluru,Royal Challengers Bengaluru,field,Royal Challengers Bengaluru,,6,,JM Sharma,Indian Premier League,70,male,2025/05/27,6,,,24
1473508,2025,2025-05-29,"Maharaja Yadavindra Singh International Cricket Stadium, Mullanpur",New Chandigarh,Punjab Kings,Royal Challengers Bengaluru,Royal Challengers Bengaluru,field,Royal Challengers Bengaluru,,8,,Suyash Sharma,Indian Premier League,,male,2025/05/29,6,,,24
1473509,2025,2025-05-30,"Maharaja Yadavindra Singh International Cricket Stadium, New Chandigarh",New Chandigarh,Mumbai Indians,Gujarat Titans,Mumbai Indians,bat,Mumbai Indians,20,,,RG Sharma,Indian Premier League,,male,2025/05/30,6,,,24
1473510,2025,2025-06-01,"Narendra Modi Stadium, Ahmedabad",Ahmedabad,Mumbai Indians,Punjab Kings,Punjab Kings,field,Punjab Kings,,5,,SS Iyer,Indian Premier League,,male,2025/06/01,6,,,24
1473511,2025,2025-06-03,"Narendra Modi Stadium, Ahmedabad",Ahmedabad,Royal Challengers Bengaluru,Punjab Kings,Punjab Kings,field,Royal Challengers Bengaluru,6,,,KH Pandya,Indian Premier League,,male,2025/06/03,6,,,24
1485779,2025,2025-05-24,"Sawai Mansingh Stadium, Jaipur",Jaipur,Punjab Kings,Delhi Capitals,Delhi Capitals,field,Delhi Capitals,,6,,Sameer Rizvi,Indian Premier League,66,male,2025/05/24,6,,,24
1527674,2026,2026-03-28,"M Chinnaswamy Stadium, Bengaluru",Bengaluru,Sunrisers Hyderabad,Royal Challengers Bengaluru,Royal Challengers Bengaluru,field,Royal Challengers Bengaluru,,6,,JA Duffy,Indian Premier League,1,male,2026/03/28,6,,,24
1527675,2026,2026-03-29,"Wankhede Stadium, Mumbai",Mumbai,Kolkata Knight Riders,Mumbai Indians,Mumbai Indians,field,Mumbai Indians,,6,,SN Thakur,Indian Premier League,2,male,2026/03/29,6,,,24
1527676,2026,2026-03-30,"Barsapara Cricket Stadium, Guwahati",Guwahati,Chennai Super Kings,Rajasthan Royals,Rajasthan Royals,field,Rajasthan Royals,,8,,N Burger,Indian Premier League,3,male,2026/03/30,6,,,23
1527677,2026,2026-03-31,"Maharaja Yadavindra Singh International Cricket Stadium, New Chandigarh",New Chandigarh,Gujarat Titans,Punjab Kings,Punjab Kings,field,Punjab Kings,,3,,C Connolly,Indian Premier League,4,male,2026/03/31,6,,,24
1527678,2026,2026-04-01,"Bharat Ratna Shri Atal Bihari Vajpayee Ekana Cricket Stadium, Lucknow",Lucknow,Lucknow Super Giants,Delhi Capitals,Delhi Capitals,field,Delhi Capitals,,6,,Sameer Rizvi,Indian Premier League,5,male,2026/04/01,6,,,24
1527679,2026,2026-04-02,"Eden Gardens, Kolkata",Kolkata,Sunrisers Hyderabad,Kolkata Knight Riders,Kolkata Knight Riders,field,Sunrisers Hyderabad,65,,,Nithish Kumar Reddy,Indian Premier League,6,male,2026/04/02,6,,,24
1527680,2026,2026-04-03,"MA Chidambaram Stadium, Chepauk, Chennai",Chennai,Chennai Super Kings,Punjab Kings,Punjab Kings,field,Punjab Kings,,5,,Priyansh Arya,Indian Premier League,7,male,2026/04/03,6,,,24
1527681,2026,2026-04-04,"Arun Jaitley Stadium, Delhi",Delhi,Mumbai Indians,Delhi Capitals,Delhi Capitals,field,Delhi Capitals,,6,,Sameer Rizvi,Indian Premier League,8,male,2026/04/04,6,,,24
1527682,2026,2026-04-04,"Narendra Modi Stadium, Ahmedabad",Ahmedabad,Rajasthan Royals,Gujarat Titans,Rajasthan Royals,bat,Rajasthan Royals,6,,,Ravi Bishnoi,Indian Premier League,9,male,2026/04/04,6,,,24
1527683,2026,2026-04-05,"Rajiv Gandhi International Stadium, Uppal, Hyderabad",Hyderabad,Sunrisers Hyderabad,Lucknow Super Giants,Lucknow Super Giants,field,Lucknow Super Giants,,5,,Mohammed Shami,Indian Premier League,10,male,2026/04/05,6,,,24
1527684,2026,2026-04-05,"M Chinnaswamy Stadium, Bengaluru",Bengaluru,Royal Challengers Bengaluru,Chennai Super Kings,Chennai Super Kings,field,Royal Challengers Bengaluru,43,,,TH David,Indian Premier League,11,male,2026/04/05,6,,,24
1527685,2026,2026-04-06,"Eden Gardens, Kolkata",Kolkata,Kolkata Knight Riders,Punjab Kings,Kolkata Knight Riders,bat,,,,,,Indian Premier League,12,male,2026/04/06,6,,,22
1527686,2026,2026-04-07,"Barsapara Cricket Stadium, Guwahati",Guwahati,Rajasthan Royals,Mumbai Indians,Mumbai Indians,field,Rajasthan Royals,27,,,YBK Jaiswal,Indian Premier League,13,male,2026/04/07,6,,,24
1527687,2026,2026-04-08,"Arun Jaitley Stadium, Delhi",Delhi,Gujarat Titans,Delhi Capitals,Delhi Capitals,field,Gujarat Titans,1,,,Rashid Khan,Indian Premier League,14,male,2026/04/08,6,,,24
1527688,2026,2026-04-09,"Eden Gardens, Kolkata",Kolkata,Kolkata Knight Riders,Lucknow Super Giants,Lucknow Super Giants,field,Lucknow Super Giants,,3,,MD Choudhary,Indian Premier League,15,male,2026/04/09,6,,,24
1527689,2026,2026-04-10,"Barsapara Cricket Stadium, Guwahati",Guwahati,Royal Challengers Bengaluru,Rajasthan Royals,Rajasthan Royals,field,Rajasthan Royals,,6,,V Suryavanshi,Indian Premier League,16,male,2026/04/10,6,,,24
1527690,2026,2026-04-11,"Maharaja Yadavindra Singh International Cricket Stadium, New Chandigarh",New Chandigarh,Sunrisers Hyderabad,Punjab Kings,Punjab Kings,field,Punjab Kings,,6,,SS Iyer,Indian Premier League,17,male,2026/04/11,6,,,24
1527691,2026,2026-04-11,"MA Chidambaram Stadium, Chepauk, Chennai",Chennai,Chennai Super Kings,Delhi Capitals,Delhi Capitals,field,Chennai Super Kings,23,,,SV Samson,Indian Premier League,18,male,2026/04/11,6,,,24
1527692,2026,2026-04-12,"Bharat Ratna Shri Atal Bihari Vajpayee Ekana Cricket Stadium, Lucknow",Lucknow,Lucknow Super Giants,Gujarat Titans,Gujarat Titans,field,Gujarat Titans,,7,,M Prasidh Krishna,Indian Premier League,19,male,2026/04/12,6,,,24
1527693,2026,2026-04-12,"Wankhede Stadium, Mumbai",Mumbai,Royal Challengers Bengaluru,Mumbai Indians,Mumbai Indians,field,Royal Challengers Bengaluru,18,,,PD Salt,Indian Premier League,20,male,2026/04/12,6,,,24
1529264,2026,2026-04-13,"Rajiv Gandhi International Stadium, Uppal, Hyderabad",Hyderabad,Sunrisers Hyderabad,Rajasthan Royals,Rajasthan Royals,field,Sunrisers Hyderabad,57,,,PP Hinge,Indian Premier League,21,male,2026/04/13,6,,,24
1529265,2026,2026-04-14,"MA Chidambaram Stadium, Chepauk, Chennai",Chennai,Chennai Super Kings,Kolkata Knight Riders,Kolkata Knight Riders,field,Chennai Super Kings,32,,,Noor Ahmad,Indian Premier League,22,male,2026/04/14,6,,,24
1529266,2026,2026-04-15,"M Chinnaswamy Stadium, Bengaluru",Bengaluru,Lucknow Super Giants,Royal Challengers Bengaluru,Royal Challengers Bengaluru,field,Royal Challengers Bengaluru,,5,,JR Hazlewood,Indian Premier League,23,male,2026/04/15,6,,,24
1529267,2026,2026-04-16,"Wankhede Stadium, Mumbai",Mumbai,Mumbai Indians,Punjab Kings,Punjab Kings,field,Punjab Kings,,7,,Arshdeep Singh,Indian Premier League,24,male,2026/04/16,6,,,23
1529268,2026,2026-04-17,"Narendra Modi Stadium, Ahmedabad",Ahmedabad,Kolkata Knight Riders,Gujarat Titans,Kolkata Knight Riders,bat,Gujarat Titans,,5,,Shubman Gill,Indian Premier League,25,male,2026/04/17,6,,,24
1529269,2026,2026-04-18,"M Chinnaswamy Stadium, Bengaluru",Bengaluru,Royal Challengers Bengaluru,Delhi Capitals,Delhi Capitals,field,Delhi Capitals,,6,,T Stubbs,Indian Premier League,26,male,2026/04/18,6,,,24
1529270,2026,2026-04-18,"Rajiv Gandhi International Stadium, Uppal, Hyderabad",Hyderabad,Sunrisers Hyderabad,Chennai Super Kings,Chennai Super Kings,field,Sunrisers Hyderabad,10,,,E Malinga,Indian Premier League,27,male,2026/04/18,6,,,24
1529271,2026,2026-04-19,"Eden Gardens, Kolkata",Kolkata,Rajasthan Royals,Kolkata Knight Riders,Rajasthan Royals,bat,Kolkata Knight Riders,,4,,CV Varun,Indian Premier League,28,male,2026/04/19,6,,,24
1529272,2026,2026-04-19,"Maharaja Yadavindra Singh International Cricket Stadium, New Chandigarh",New Chandigarh,Punjab Kings,Lucknow Super Giants,Lucknow Super Giants,field,Punjab Kings,54,,,Priyansh Arya,Indian Premier League,29,male,2026/04/19,6,,,24
1529273,2026,2026-04-20,"Narendra Modi Stadium, Ahmedabad",Ahmedabad,Mumbai Indians,Gujarat Titans,Gujarat Titans,field,Mumbai Indians,99,,,Tilak Varma,Indian Premier League,30,male,2026/04/20,6,,,24
1529274,2026,2026-04-21,"Rajiv Gandhi International Stadium, Uppal, Hyderabad",Hyderabad,Sunrisers Hyderabad,Delhi Capitals,Delhi Capitals,field,Sunrisers Hyderabad,47,,,Abhishek Sharma,Indian Premier League,31,male,2026/04/21,6,,,24
1529275,2026,2026-04-22,"Bharat Ratna Shri Atal Bihari Vajpayee Ekana Cricket Stadium, Lucknow",Lucknow,Rajasthan Royals,Lucknow Super Giants,Lucknow Super Giants,field,Rajasthan Royals,40,,,RA Jadeja,Indian Premier League,32,male,2026/04/22,6,,,24
1529276,2026,2026-04-23,"Wankhede Stadium, Mumbai",Mumbai,Chennai Super Kings,Mumbai Indians,Mumbai Indians,field,Chennai Super Kings,103,,,SV Samson,Indian Premier League,33,male,2026/04/23,6,,,25
1529277,2026,2026-04-24,"M Chinnaswamy Stadium, Bengaluru",Bengaluru,Gujarat Titans,Royal Challengers Bengaluru,Royal Challengers Bengaluru,field,Royal Challengers Bengaluru,,5,,V Kohli,Indian Premier League,34,male,2026/04/24,6,,,24
1529278,2026,2026-04-25,"Arun Jaitley Stadium, Delhi",Delhi,Delhi Capitals,Punjab Kings,Delhi Capitals,bat,Punjab Kings,,6,,KL Rahul,Indian Premier League,35,male,2026/04/25,6,,,25
1529279,2026,2026-04-25,"Sawai Mansingh Stadium, Jaipur",Jaipur,Rajasthan Royals,Sunrisers Hyderabad,Sunrisers Hyderabad,field,Sunrisers Hyderabad,,5,,Ishan Kishan,Indian Premier League,36,male,2026/04/25,6,,,24
1529280,2026,2026-04-26,"MA Chidambaram Stadium, Chepauk, Chennai",Chennai,Chennai Super Kings,Gujarat Titans,Gujarat Titans,field,Gujarat Titans,,8,,K Rabada,Indian Premier League,37,male,2026/04/26,6,,,23
1529281,2026,2026-04-26,"Bharat Ratna Shri Atal Bihari Vajpayee Ekana Cricket Stadium, Lucknow",Lucknow,Kolkata Knight Riders,Lucknow Super Giants,Lucknow Super Giants,field,,,,,RK Singh,Indian Premier League,38,male,2026/04/26,6,,Kolkata Knight Riders,24
1529282,2026,2026-04-27,"Arun Jaitley Stadium, Delhi",Delhi,Delhi Capitals,Royal Challengers Bengaluru,Royal Challengers Bengaluru,field,Royal Challengers Bengaluru,,9,,JR Hazlewood,Indian Premier League,39,male,2026/04/27,6,,,24
1529283,2026,2026-04-28,"Maharaja Yadavindra Singh International Cricket Stadium, New Chandigarh",New Chandigarh,Punjab Kings,Rajasthan Royals,Rajasthan Royals,field,Rajasthan Royals,,6,,D Ferreira,Indian Premier League,40,male,2026/04/28,6,,,24
1529284,2026,2026-04-29,"Wankhede Stadium, Mumbai",Mumbai,Mumbai Indians,Sunrisers Hyderabad,Mumbai Indians,bat,Sunrisers Hyderabad,,6,,H Klaasen,Indian Premier League,41,male,2026/04/29,6,,,24
1529285,2026,2026-04-30,"Narendra Modi Stadium, Ahmedabad",Ahmedabad,Royal Challengers Bengaluru,Gujarat Titans,Gujarat Titans,field,Gujarat Titans,,4,,JO Holder,Indian Premier League,42,male,2026/04/30,6,,,24
1529286,2026,2026-05-01,"Sawai Mansingh Stadium, Jaipur",Jaipur,Rajasthan Royals,Delhi Capitals,Rajasthan Royals,bat,Delhi Capitals,,7,,KL Rahul,Indian Premier League,43,male,2026/05/01,6,,,23
1529287,2026,2026-05-02,"MA Chidambaram Stadium, Chepauk, Chennai",Chennai,Mumbai Indians,Chennai Super Kings,Mumbai Indians,bat,Chennai Super Kings,,8,,RD Gaikwad,Indian Premier League,44,male,2026/05/02,6,,,24
1529288,2026,2026-05-03,"Rajiv Gandhi International Stadium, Uppal, Hyderabad",Hyderabad,Sunrisers Hyderabad,Kolkata Knight Riders,Sunrisers Hyderabad,bat,Kolkata Knight Riders,,7,,CV Varun,Indian Premier League,45,male,2026/05/03,6,,,24
1529289,2026,2026-05-03,"Narendra Modi Stadium, Ahmedabad",Ahmedabad,Punjab Kings,Gujarat Titans,Gujarat Titans,field,Gujarat Titans,,4,,JO Holder,Indian Premier League,46,male,2026/05/03,6,,,24
1529290,2026,2026-05-04,"Wankhede Stadium, Mumbai",Mumbai,Lucknow Super Giants,Mumbai Indians,Mumbai Indians,field,Mumbai Indians,,6,,RD Rickelton,Indian Premier League,47,male,2026/05/04,6,,,24
1529291,2026,2026-05-05,"Arun Jaitley Stadium, Delhi",Delhi,Delhi Capitals,Chennai Super Kings,Delhi Capitals,bat,Chennai Super Kings,,8,,SV Samson,Indian Premier League,48,male,2026/05/05,6,,,23
1529292,2026,2026-05-06,"Rajiv Gandhi International Stadium, Uppal, Hyderabad",Hyderabad,Sunrisers Hyderabad,Punjab Kings,Punjab Kings,field,Sunrisers Hyderabad,33,,,PJ Cummins,Indian Premier League,49,male,2026/05/06,6,,,24
1529293,2026,2026-05-07,"Bharat Ratna Shri Atal Bihari Vajpayee Ekana Cricket Stadium, Lucknow",Lucknow,Lucknow Super Giants,Royal Challengers Bengaluru,Royal Challengers Bengaluru,field,Lucknow Super Giants,9,,,MR Marsh,Indian Premier League,50,male,2026/05/07,6,D/L,,24
1529294,2026,2026-05-08,"Arun Jaitley Stadium, Delhi",Delhi,Delhi Capitals,Kolkata Knight Riders,Kolkata Knight Riders,field,Kolkata Knight Riders,,8,,FH Allen,Indian Premier League,51,male,2026/05/08,6,,,24
1529295,2026,2026-05-09,"Sawai Mansingh Stadium, Jaipur",Jaipur,Gujarat Titans,Rajasthan Royals,Rajasthan Royals,field,Gujarat Titans,77,,,Rashid Khan,Indian Premier League,52,male,2026/05/09,6,,,24
1529296,2026,2026-05-10,"MA Chidambaram Stadium, Chepauk, Chennai",Chennai,Lucknow Super Giants,Chennai Super Kings,Chennai Super Kings,field,Chennai Super Kings,,5,,J Overton,Indian Premier League,53,male,2026/05/10,6,,,24
1529297,2026,2026-05-10,"Shaheed Veer Narayan Singh International Stadium, Raipur",Raipur,Mumbai Indians,Royal Challengers Bengaluru,Royal Challengers Bengaluru,field,Royal Challengers Bengaluru,,2,,B Kumar,Indian Premier League,54,male,2026/05/10,6,,,24
1529298,2026,2026-05-11,"Himachal Pradesh Cricket Association Stadium, Dharamsala",Dharamsala,Punjab Kings,Delhi Capitals,Delhi Capitals,field,Delhi Capitals,,3,,M Tiwari,Indian Premier League,55,male,2026/05/11,6,,,24
1529299,2026,2026-05-12,"Narendra Modi Stadium, Ahmedabad",Ahmedabad,Gujarat Titans,Sunrisers Hyderabad,Sunrisers Hyderabad,field,Gujarat Titans,82,,,K Rabada,Indian Premier League,56,male,2026/05/12,6,,,24
1529300,2026,2026-05-13,"Shaheed Veer Narayan Singh International Stadium, Raipur",Raipur,Kolkata Knight Riders,Royal Challengers Bengaluru,Royal Challengers Bengaluru,field,Royal Challengers Bengaluru,,6,,V Kohli,Indian Premier League,57,male,2026/05/13,6,,,24
1529301,2026,2026-05-14,"Himachal Pradesh Cricket Association Stadium, Dharamsala",Dharamsala,Punjab Kings,Mumbai Indians,Mumbai Indians,field,Mumbai Indians,,6,,Tilak Varma,Indian Premier League,58,male,2026/05/14,6,,,24
1529302,2026,2026-05-15,"Bharat Ratna Shri Atal Bihari Vajpayee Ekana Cricket Stadium, Lucknow",Lucknow,Chennai Super Kings,Lucknow Super Giants,Lucknow Super Giants,field,Lucknow Super Giants,,7,,MR Marsh,Indian Premier League,59,male,2026/05/15,6,,,24
1529303,2026,2026-05-16,"Eden Gardens, Kolkata",Kolkata,Kolkata Knight Riders,Gujarat Titans,Gujarat Titans,field,Kolkata Knight Riders,29,,,SP Narine,Indian Premier League,60,male,2026/05/16,6,,,24
1529304,2026,2026-05-17,"Himachal Pradesh Cricket Association Stadium, Dharamsala",Dharamsala,Royal Challengers Bengaluru,Punjab Kings,Punjab Kings,field,Royal Challengers Bengaluru,23,,,VR Iyer,Indian Premier League,61,male,2026/05/17,6,,,24
1529305,2026,2026-05-17,"Arun Jaitley Stadium, Delhi",Delhi,Rajasthan Royals,Delhi Capitals,Delhi Capitals,field,Delhi Capitals,,5,,MA Starc,Indian Premier League,62,male,2026/05/17,6,,,24
1529306,2026,2026-05-18,"MA Chidambaram Stadium, Chepauk, Chennai",Chennai,Chennai Super Kings,Sunrisers Hyderabad,Chennai Super Kings,bat,Sunrisers Hyderabad,,5,,Ishan Kishan,Indian Premier League,63,male,2026/05/18,6,,,24
1529307,2026,2026-05-19,"Sawai Mansingh Stadium, Jaipur",Jaipur,Lucknow Super Giants,Rajasthan Royals,Rajasthan Royals,field,Rajasthan Royals,,7,,V Suryavanshi,Indian Premier League,64,male,2026/05/19,6,,,24
1529308,2026,2026-05-20,"Eden Gardens, Kolkata",Kolkata,Mumbai Indians,Kolkata Knight Riders,Kolkata Knight Riders,field,Kolkata Knight Riders,,4,,MK Pandey,Indian Premier League,65,male,2026/05/20,6,,,25
1529309,2026,2026-05-21,"Narendra Modi Stadium, Ahmedabad",Ahmedabad,Gujarat Titans,Chennai Super Kings,Chennai Super Kings,field,Gujarat Titans,89,,,Mohammed Siraj,Indian Premier League,66,male,2026/05/21,6,,,24
1529310,2026,2026-05-22,"Rajiv Gandhi International Stadium, Uppal, Hyderabad",Hyderabad,Sunrisers Hyderabad,Royal Challengers Bengaluru,Sunrisers Hyderabad,bat,Sunrisers Hyderabad,55,,,Ishan Kishan,Indian Premier League,67,male,2026/05/22,6,,,24
1529311,2026,2026-05-23,"Bharat Ratna Shri Atal Bihari Vajpayee Ekana Cricket Stadium, Lucknow",Lucknow,Lucknow Super Giants,Punjab Kings,Punjab Kings,field,Punjab Kings,,7,,SS Iyer,Indian Premier League,68,male,2026/05/23,6,,,24
1529312,2026,2026-05-24,"Wankhede Stadium, Mumbai",Mumbai,Rajasthan Royals,Mumbai Indians,Mumbai Indians,field,Rajasthan Royals,30,,,JC Archer,Indian Premier League,69,male,2026/05/24,6,,,24
1529313,2026,2026-05-24,"Eden Gardens, Kolkata",Kolkata,Delhi Capitals,Kolkata Knight Riders,Kolkata Knight Riders,field,Delhi Capitals,40,,,Kuldeep Yadav,Indian Premier League,70,male,2026/05/24,6,,,24
1535462,2026,2026-05-26,"Himachal Pradesh Cricket Association Stadium, Dharamsala",Dharamsala,Royal Challengers Bengaluru,Gujarat Titans,Gujarat Titans,field,Royal Challengers Bengaluru,92,,,RM Patidar,Indian Premier League,,male,2026/05/26,6,,,24
1535463,2026,2026-05-27,"Maharaja Yadavindra Singh International Cricket Stadium, New Chandigarh",New Chandigarh,Rajasthan Royals,Sunrisers Hyderabad,Sunrisers Hyderabad,field,Rajasthan Royals,47,,,V Suryavanshi,Indian Premier League,,male,2026/05/27,6,,,24
1535464,2026,2026-05-29,"Maharaja Yadavindra Singh International Cricket Stadium, New Chandigarh",New Chandigarh,Rajasthan Royals,Gujarat Titans,Rajasthan Royals,bat,Gujarat Titans,,7,,Shubman Gill,Indian Premier League,,male,2026/05/29,6,,,24
1535465,2026,2026-05-31,"Narendra Modi Stadium, Ahmedabad",Ahmedabad,Gujarat Titans,Royal Challengers Bengaluru,Royal Challengers Bengaluru,field,Royal Challengers Bengaluru,,5,,V Kohli,Indian Premier League,,male,2026/05/31,6,,,24
335982,2007/08,2008-04-18,M Chinnaswamy Stadium,Bangalore,Royal Challengers Bangalore,Kolkata Knight Riders,Royal Challengers Bangalore,field,Kolkata Knight Riders,140,,,BB McCullum,Indian Premier League,1,male,2008/04/18,6,,,22
335983,2007/08,2008-04-19,"Punjab Cricket Association Stadium, Mohali",Chandigarh,Kings XI Punjab,Chennai Super Kings,Chennai Super Kings,bat,Chennai Super Kings,33,,,MEK Hussey,Indian Premier League,2,male,2008/04/19,6,,,22
335984,2007/08,2008-04-19,Feroz Shah Kotla,Delhi,Delhi Daredevils,Rajasthan Royals,Rajasthan Royals,bat,Delhi Daredevils,,9,,MF Maharoof,Indian Premier League,3,male,2008/04/19,6,,,22
335985,2007/08,2008-04-20,Wankhede Stadium,Mumbai,Mumbai Indians,Royal Challengers Bangalore,Mumbai Indians,bat,Royal Challengers Bangalore,,5,,MV Boucher,Indian Premier League,5,male,2008/04/20,6,,,22
335986,2007/08,2008-04-20,Eden Gardens,Kolkata,Kolkata Knight Riders,Deccan Chargers,Deccan Chargers,bat,Kolkata Knight Riders,,5,,DJ Hussey,Indian Premier League,4,male,2008/04/20,6,,,22
335987,2007/08,2008-04-21,Sawai Mansingh Stadium,Jaipur,Rajasthan Royals,Kings XI Punjab,Kings XI Punjab,bat,Rajasthan Royals,,6,,SR Watson,Indian Premier League,6,male,2008/04/21,6,,,22
335988,2007/08,2008-04-22,"Rajiv Gandhi International Stadium, Uppal",Hyderabad,Deccan Chargers,Delhi Daredevils,Deccan Chargers,bat,Delhi Daredevils,,9,,V Sehwag,Indian Premier League,7,male,2008/04/22,6,,,22
335989,2007/08,2008-04-23,"MA Chidambaram Stadium, Chepauk",Chennai,Chennai Super Kings,Mumbai Indians,Mumbai Indians,field,Chennai Super Kings,6,,,ML Hayden,Indian Premier League,8,male,2008/04/23,6,,,22
335990,2007/08,2008-04-24,"Rajiv Gandhi International Stadium, Uppal",Hyderabad,Deccan Chargers,Rajasthan Royals,Rajasthan Royals,field,Rajasthan Royals,,3,,YK Pathan,Indian Premier League,9,male,2008/04/24,6,,,22
335991,2007/08,2008-04-25,"Punjab Cricket Association Stadium, Mohali",Chandigarh,Kings XI Punjab,Mumbai Indians,Mumbai Indians,field,Kings XI Punjab,66,,,KC Sangakkara,Indian Premier League,10,male,2008/04/25,6,,,22
335992,2007/08,2008-04-26,M Chinnaswamy Stadium,Bangalore,Royal Challengers Bangalore,Rajasthan Royals,Rajasthan Royals,field,Rajasthan Royals,,7,,SR Watson,Indian Premier League,12,male,2008/04/26,6,,,22
335993,2007/08,2008-04-26,"MA Chidambaram Stadium, Chepauk",Chennai,Chennai Super Kings,Kolkata Knight Riders,Kolkata Knight Riders,bat,Chennai Super Kings,,9,,JDP Oram,Indian Premier League,11,male,2008/04/26,6,,,22
335994,2007/08,2008-04-27,Dr DY Patil Sports Academy,Mumbai,Mumbai Indians,Deccan Chargers,Deccan Chargers,field,Deccan Chargers,,10,,AC Gilchrist,Indian Premier League,14,male,2008/04/27,6,,,22
335995,2007/08,2008-04-27,"Punjab Cricket Association Stadium, Mohali",Chandigarh,Kings XI Punjab,Delhi Daredevils,Delhi Daredevils,bat,Kings XI Punjab,,4,,SM Katich,Indian Premier League,13,male,2008/04/27,6,,,22
335996,2007/08,2008-04-28,M Chinnaswamy Stadium,Bangalore,Royal Challengers Bangalore,Chennai Super Kings,Chennai Super Kings,bat,Chennai Super Kings,13,,,MS Dhoni,Indian Premier League,15,male,2008/04/28,6,,,22
335997,2007/08,2008-04-29,Eden Gardens,Kolkata,Kolkata Knight Riders,Mumbai Indians,Kolkata Knight Riders,bat,Mumbai Indians,,7,,ST Jayasuriya,Indian Premier League,16,male,2008/04/29,6,,,22
335998,2007/08,2008-04-30,Feroz Shah Kotla,Delhi,Delhi Daredevils,Royal Challengers Bangalore,Royal Challengers Bangalore,field,Delhi Daredevils,10,,,GD McGrath,Indian Premier League,17,male,2008/04/30,6,,,22
335999,2007/08,2008-05-01,"Rajiv Gandhi International Stadium, Uppal",Hyderabad,Deccan Chargers,Kings XI Punjab,Kings XI Punjab,field,Kings XI Punjab,,7,,SE Marsh,Indian Premier League,19,male,2008/05/01,6,,,22
336000,2007/08,2008-05-01,Sawai Mansingh Stadium,Jaipur,Rajasthan Royals,Kolkata Knight Riders,Rajasthan Royals,bat,Rajasthan Royals,45,,,SA Asnodkar,Indian Premier League,18,male,2008/05/01,6,,,22
336001,2007/08,2008-05-02,"MA Chidambaram Stadium, Chepauk",Chennai,Chennai Super Kings,Delhi Daredevils,Chennai Super Kings,bat,Delhi Daredevils,,8,,V Sehwag,Indian Premier League,20,male,2008/05/02,6,,,22
336002,2007/08,2008-05-25,"Rajiv Gandhi International Stadium, Uppal",Hyderabad,Deccan Chargers,Royal Challengers Bangalore,Deccan Chargers,bat,Royal Challengers Bangalore,,5,,R Vinay Kumar,Indian Premier League,51,male,2008/05/25,6,,,22
336003,2007/08,2008-05-03,"Punjab Cricket Association Stadium, Mohali",Chandigarh,Kings XI Punjab,Kolkata Knight Riders,Kings XI Punjab,bat,Kings XI Punjab,9,,,IK Pathan,Indian Premier League,22,male,2008/05/03,6,,,22
336004,2007/08,2008-05-04,Dr DY Patil Sports Academy,Mumbai,Mumbai Indians,Delhi Daredevils,Delhi Daredevils,field,Mumbai Indians,29,,,SM Pollock,Indian Premier League,23,male,2008/05/04,6,,,22
336005,2007/08,2008-05-04,Sawai Mansingh Stadium,Jaipur,Rajasthan Royals,Chennai Super Kings,Chennai Super Kings,bat,Rajasthan Royals,,8,,Sohail Tanvir,Indian Premier League,24,male,2008/05/04,6,,,22
336006,2007/08,2008-05-05,M Chinnaswamy Stadium,Bangalore,Royal Challengers Bangalore,Kings XI Punjab,Kings XI Punjab,field,Kings XI Punjab,,6,,S Sreesanth,Indian Premier League,25,male,2008/05/05,6,,,22
336007,2007/08,2008-05-06,"MA Chidambaram Stadium, Chepauk",Chennai,Chennai Super Kings,Deccan Chargers,Deccan Chargers,field,Deccan Chargers,,7,,AC Gilchrist,Indian Premier League,26,male,2008/05/06,6,,,22
336008,2007/08,2008-05-07,Dr DY Patil Sports Academy,Mumbai,Mumbai Indians,Rajasthan Royals,Mumbai Indians,field,Mumbai Indians,,7,,A Nehra,Indian Premier League,27,male,2008/05/07,6,,,22
336009,2007/08,2008-05-08,Feroz Shah Kotla,Delhi,Delhi Daredevils,Chennai Super Kings,Chennai Super Kings,field,Chennai Super Kings,,4,,MS Dhoni,Indian Premier League,28,male,2008/05/08,6,,,22
336010,2007/08,2008-05-08,Eden Gardens,Kolkata,Kolkata Knight Riders,Royal Challengers Bangalore,Kolkata Knight Riders,bat,Kolkata Knight Riders,5,,,SC Ganguly,Indian Premier League,29,male,2008/05/08,6,,,22
336011,2007/08,2008-05-09,Sawai Mansingh Stadium,Jaipur,Rajasthan Royals,Deccan Chargers,Rajasthan Royals,field,Rajasthan Royals,,8,,YK Pathan,Indian Premier League,30,male,2008/05/09,6,,,22
336012,2007/08,2008-05-28,M Chinnaswamy Stadium,Bangalore,Royal Challengers Bangalore,Mumbai Indians,Mumbai Indians,field,Mumbai Indians,,9,,CRD Fernando,Indian Premier League,55,male,2008/05/28,6,,,22
336013,2007/08,2008-05-10,"MA Chidambaram Stadium, Chepauk",Chennai,Chennai Super Kings,Kings XI Punjab,Kings XI Punjab,field,Chennai Super Kings,18,,,L Balaji,Indian Premier League,31,male,2008/05/10,6,,,22
336014,2007/08,2008-05-11,"Rajiv Gandhi International Stadium, Uppal",Hyderabad,Deccan Chargers,Kolkata Knight Riders,Kolkata Knight Riders,bat,Kolkata Knight Riders,23,,,SC Ganguly,Indian Premier League,32,male,2008/05/11,6,,,22
336015,2007/08,2008-05-11,Sawai Mansingh Stadium,Jaipur,Rajasthan Royals,Delhi Daredevils,Rajasthan Royals,field,Rajasthan Royals,,3,,SR Watson,Indian Premier League,33,male,2008/05/11,6,,,22
336016,2007/08,2008-05-12,"Punjab Cricket Association Stadium, Mohali",Chandigarh,Kings XI Punjab,Royal Challengers Bangalore,Royal Challengers Bangalore,bat,Kings XI Punjab,,9,,SE Marsh,Indian Premier League,34,male,2008/05/12,6,,,22
336017,2007/08,2008-05-13,Eden Gardens,Kolkata,Kolkata Knight Riders,Delhi Daredevils,Kolkata Knight Riders,bat,Kolkata Knight Riders,23,,,Shoaib Akhtar,Indian Premier League,35,male,2008/05/13,6,,,22
336018,2007/08,2008-05-14,Wankhede Stadium,Mumbai,Mumbai Indians,Chennai Super Kings,Mumbai Indians,field,Mumbai Indians,,9,,ST Jayasuriya,Indian Premier League,36,male,2008/05/14,6,,,22
336019,2007/08,2008-05-28,"Punjab Cricket Association Stadium, Mohali",Chandigarh,Kings XI Punjab,Rajasthan Royals,Rajasthan Royals,field,Kings XI Punjab,41,,,SE Marsh,Indian Premier League,56,male,2008/05/28,6,,,22
336020,2007/08,2008-05-15,Feroz Shah Kotla,Delhi,Delhi Daredevils,Deccan Chargers,Deccan Chargers,field,Delhi Daredevils,12,,,A Mishra,Indian Premier League,37,male,2008/05/15,6,,,22
336021,2007/08,2008-05-16,Wankhede Stadium,Mumbai,Mumbai Indians,Kolkata Knight Riders,Mumbai Indians,field,Mumbai Indians,,8,,SM Pollock,Indian Premier League,38,male,2008/05/16,6,,,22
336022,2007/08,2008-05-17,Feroz Shah Kotla,Delhi,Delhi Daredevils,Kings XI Punjab,Delhi Daredevils,bat,Kings XI Punjab,6,,,DPMD Jayawardene,Indian Premier League,40,male,2008/05/17,6,D/L,,22
336023,2007/08,2008-05-17,Sawai Mansingh Stadium,Jaipur,Rajasthan Royals,Royal Challengers Bangalore,Royal Challengers Bangalore,field,Rajasthan Royals,65,,,GC Smith,Indian Premier League,39,male,2008/05/17,6,,,22
336024,2007/08,2008-05-18,"Rajiv Gandhi International Stadium, Uppal",Hyderabad,Deccan Chargers,Mumbai Indians,Deccan Chargers,field,Mumbai Indians,25,,,DJ Bravo,Indian Premier League,42,male,2008/05/18,6,,,22
336025,2007/08,2008-05-18,Eden Gardens,Kolkata,Kolkata Knight Riders,Chennai Super Kings,Kolkata Knight Riders,bat,Chennai Super Kings,3,,,M Ntini,Indian Premier League,41,male,2008/05/18,6,D/L,,22
336026,2007/08,2008-05-19,M Chinnaswamy Stadium,Bangalore,Royal Challengers Bangalore,Delhi Daredevils,Delhi Daredevils,field,Delhi Daredevils,,5,,SP Goswami,Indian Premier League,43,male,2008/05/19,6,,,22
336027,2007/08,2008-05-20,Eden Gardens,Kolkata,Kolkata Knight Riders,Rajasthan Royals,Rajasthan Royals,field,Rajasthan Royals,,6,,YK Pathan,Indian Premier League,44,male,2008/05/20,6,,,22
336028,2007/08,2008-05-21,Wankhede Stadium,Mumbai,Mumbai Indians,Kings XI Punjab,Mumbai Indians,field,Kings XI Punjab,1,,,SE Marsh,Indian Premier League,45,male,2008/05/21,6,,,22
336029,2007/08,2008-05-21,"MA Chidambaram Stadium, Chepauk",Chennai,Chennai Super Kings,Royal Challengers Bangalore,Royal Challengers Bangalore,bat,Royal Challengers Bangalore,14,,,A Kumble,Indian Premier League,46,male,2008/05/21,6,,,22
336031,2007/08,2008-05-23,"Punjab Cricket Association Stadium, Mohali",Chandigarh,Kings XI Punjab,Deccan Chargers,Kings XI Punjab,field,Kings XI Punjab,,6,,SE Marsh,Indian Premier League,48,male,2008/05/23,6,,,22
336032,2007/08,2008-05-24,Feroz Shah Kotla,Delhi,Delhi Daredevils,Mumbai Indians,Delhi Daredevils,field,Delhi Daredevils,,5,,KD Karthik,Indian Premier League,50,male,2008/05/24,6,,,22
336033,2007/08,2008-05-24,"MA Chidambaram Stadium, Chepauk",Chennai,Chennai Super Kings,Rajasthan Royals,Rajasthan Royals,bat,Rajasthan Royals,10,,,JA Morkel,Indian Premier League,49,male,2008/05/24,6,,,22
336034,2007/08,2008-05-03,M Chinnaswamy Stadium,Bangalore,Royal Challengers Bangalore,Deccan Chargers,Deccan Chargers,field,Royal Challengers Bangalore,3,,,P Kumar,Indian Premier League,21,male,2008/05/03,6,,,22
336035,2007/08,2008-05-25,Eden Gardens,Kolkata,Kolkata Knight Riders,Kings XI Punjab,Kings XI Punjab,bat,Kolkata Knight Riders,,3,,Umar Gul,Indian Premier League,52,male,2008/05/25,6,,,22
336036,2007/08,2008-05-26,Sawai Mansingh Stadium,Jaipur,Rajasthan Royals,Mumbai Indians,Rajasthan Royals,field,Rajasthan Royals,,5,,Sohail Tanvir,Indian Premier League,53,male,2008/05/26,6,,,22
336037,2007/08,2008-05-27,"Rajiv Gandhi International Stadium, Uppal",Hyderabad,Deccan Chargers,Chennai Super Kings,Deccan Chargers,bat,Chennai Super Kings,,7,,SK Raina,Indian Premier League,54,male,2008/05/27,6,,,22
336038,2007/08,2008-05-30,Wankhede Stadium,Mumbai,Delhi Daredevils,Rajasthan Royals,Delhi Daredevils,field,Rajasthan Royals,105,,,SR Watson,Indian Premier League,,male,2008/05/30,6,,,22
336039,2007/08,2008-05-31,Wankhede Stadium,Mumbai,Chennai Super Kings,Kings XI Punjab,Kings XI Punjab,bat,Chennai Super Kings,,9,,M Ntini,Indian Premier League,,male,2008/05/31,6,,,22
336040,2007/08,2008-06-01,Dr DY Patil Sports Academy,Mumbai,Chennai Super Kings,Rajasthan Royals,Rajasthan Royals,field,Rajasthan Royals,,3,,YK Pathan,Indian Premier League,,male,2008/06/01,6,,,22
392181,2009,2009-04-18,Newlands,Cape Town,Chennai Super Kings,Mumbai Indians,Chennai Super Kings,field,Mumbai Indians,19,,,SR Tendulkar,Indian Premier League,1,male,2009/04/18,6,,,22
392182,2009,2009-04-18,Newlands,Cape Town,Royal Challengers Bangalore,Rajasthan Royals,Royal Challengers Bangalore,bat,Royal Challengers Bangalore,75,,,R Dravid,Indian Premier League,2,male,2009/04/18,6,,,22
392183,2009,2009-04-19,Newlands,Cape Town,Delhi Daredevils,Kings XI Punjab,Delhi Daredevils,field,Delhi Daredevils,,10,,DL Vettori,Indian Premier League,3,male,2009/04/19,6,D/L,,22
392184,2009,2009-04-19,Newlands,Cape Town,Deccan Chargers,Kolkata Knight Riders,Kolkata Knight Riders,bat,Deccan Chargers,,8,,RP Singh,Indian Premier League,4,male,2009/04/19,6,,,22
392185,2009,2009-04-20,St George's Park,Port Elizabeth,Royal Challengers Bangalore,Chennai Super Kings,Chennai Super Kings,bat,Chennai Super Kings,92,,,M Muralitharan,Indian Premier League,5,male,2009/04/20,6,,,22
392186,2009,2009-04-21,Kingsmead,Durban,Kings XI Punjab,Kolkata Knight Riders,Kolkata Knight Riders,field,Kolkata Knight Riders,11,,,CH Gayle,Indian Premier League,6,male,2009/04/21,6,D/L,,22
392188,2009,2009-04-22,Newlands,Cape Town,Royal Challengers Bangalore,Deccan Chargers,Deccan Chargers,bat,Deccan Chargers,24,,,AC Gilchrist,Indian Premier League,8,male,2009/04/22,6,,,22
392189,2009,2009-04-23,Kingsmead,Durban,Chennai Super Kings,Delhi Daredevils,Delhi Daredevils,bat,Delhi Daredevils,9,,,AB de Villiers,Indian Premier League,9,male,2009/04/23,6,,,22
392190,2009,2009-04-23,Newlands,Cape Town,Kolkata Knight Riders,Rajasthan Royals,Kolkata Knight Riders,field,,,,,YK Pathan,Indian Premier League,10,male,2009/04/23,6,,Rajasthan Royals,22
392191,2009,2009-04-24,Kingsmead,Durban,Royal Challengers Bangalore,Kings XI Punjab,Royal Challengers Bangalore,bat,Kings XI Punjab,,7,,RS Bopara,Indian Premier League,11,male,2009/04/24,6,,,22
392192,2009,2009-04-25,Kingsmead,Durban,Deccan Chargers,Mumbai Indians,Deccan Chargers,bat,Deccan Chargers,12,,,PP Ojha,Indian Premier League,12,male,2009/04/25,6,,,22
392194,2009,2009-04-26,St George's Park,Port Elizabeth,Royal Challengers Bangalore,Delhi Daredevils,Royal Challengers Bangalore,bat,Delhi Daredevils,,6,,TM Dilshan,Indian Premier League,14,male,2009/04/26,6,,,22
392195,2009,2009-04-26,Newlands,Cape Town,Kings XI Punjab,Rajasthan Royals,Kings XI Punjab,bat,Kings XI Punjab,27,,,KC Sangakkara,Indian Premier League,15,male,2009/04/26,6,,,22
392196,2009,2009-04-27,Kingsmead,Durban,Chennai Super Kings,Deccan Chargers,Deccan Chargers,field,Deccan Chargers,,6,,HH Gibbs,Indian Premier League,16,male,2009/04/27,6,,,22
392197,2009,2009-04-27,St George's Park,Port Elizabeth,Kolkata Knight Riders,Mumbai Indians,Mumbai Indians,bat,Mumbai Indians,92,,,SR Tendulkar,Indian Premier League,17,male,2009/04/27,6,,,22
392198,2009,2009-04-28,SuperSport Park,Centurion,Delhi Daredevils,Rajasthan Royals,Delhi Daredevils,bat,Rajasthan Royals,,5,,YK Pathan,Indian Premier League,18,male,2009/04/28,6,,,22
392199,2009,2009-04-29,Kingsmead,Durban,Royal Challengers Bangalore,Kolkata Knight Riders,Kolkata Knight Riders,bat,Royal Challengers Bangalore,,5,,MV Boucher,Indian Premier League,19,male,2009/04/29,6,,,22
392200,2009,2009-04-29,Kingsmead,Durban,Kings XI Punjab,Mumbai Indians,Kings XI Punjab,bat,Kings XI Punjab,3,,,KC Sangakkara,Indian Premier League,20,male,2009/04/29,6,,,22
392201,2009,2009-04-30,SuperSport Park,Centurion,Deccan Chargers,Delhi Daredevils,Delhi Daredevils,field,Delhi Daredevils,,6,,DP Nannes,Indian Premier League,21,male,2009/04/30,6,,,22
392202,2009,2009-04-30,SuperSport Park,Centurion,Chennai Super Kings,Rajasthan Royals,Rajasthan Royals,field,Chennai Super Kings,38,,,SK Raina,Indian Premier League,22,male,2009/04/30,6,,,22
392203,2009,2009-05-01,Buffalo Park,East London,Kolkata Knight Riders,Mumbai Indians,Mumbai Indians,bat,Mumbai Indians,9,,,JP Duminy,Indian Premier League,23,male,2009/05/01,6,,,22
392204,2009,2009-05-01,Kingsmead,Durban,Royal Challengers Bangalore,Kings XI Punjab,Royal Challengers Bangalore,bat,Royal Challengers Bangalore,8,,,Yuvraj Singh,Indian Premier League,24,male,2009/05/01,6,,,22
392205,2009,2009-05-02,St George's Park,Port Elizabeth,Deccan Chargers,Rajasthan Royals,Deccan Chargers,bat,Rajasthan Royals,,3,,YK Pathan,Indian Premier League,25,male,2009/05/02,6,,,22
392206,2009,2009-05-02,New Wanderers Stadium,Johannesburg,Chennai Super Kings,Delhi Daredevils,Delhi Daredevils,field,Chennai Super Kings,18,,,SB Jakati,Indian Premier League,26,male,2009/05/02,6,,,22
392207,2009,2009-05-03,St George's Park,Port Elizabeth,Kings XI Punjab,Kolkata Knight Riders,Kolkata Knight Riders,bat,Kings XI Punjab,,6,,DPMD Jayawardene,Indian Premier League,27,male,2009/05/03,6,,,22
392208,2009,2009-05-03,New Wanderers Stadium,Johannesburg,Royal Challengers Bangalore,Mumbai Indians,Mumbai Indians,bat,Royal Challengers Bangalore,,9,,JH Kallis,Indian Premier League,28,male,2009/05/03,6,,,22
392209,2009,2009-05-04,Buffalo Park,East London,Chennai Super Kings,Deccan Chargers,Chennai Super Kings,bat,Chennai Super Kings,78,,,MS Dhoni,Indian Premier League,29,male,2009/05/04,6,,,22
392210,2009,2009-05-05,Kingsmead,Durban,Kings XI Punjab,Rajasthan Royals,Kings XI Punjab,field,Rajasthan Royals,78,,,GC Smith,Indian Premier League,30,male,2009/05/05,6,,,22
392211,2009,2009-05-05,Kingsmead,Durban,Delhi Daredevils,Kolkata Knight Riders,Kolkata Knight Riders,bat,Delhi Daredevils,,9,,G Gambhir,Indian Premier League,31,male,2009/05/05,6,,,22
392212,2009,2009-05-06,SuperSport Park,Centurion,Deccan Chargers,Mumbai Indians,Deccan Chargers,bat,Deccan Chargers,19,,,RG Sharma,Indian Premier League,32,male,2009/05/06,6,,,22
392213,2009,2009-05-07,SuperSport Park,Centurion,Royal Challengers Bangalore,Rajasthan Royals,Rajasthan Royals,field,Rajasthan Royals,,7,,A Singh,Indian Premier League,33,male,2009/05/07,6,,,22
392214,2009,2009-05-07,SuperSport Park,Centurion,Chennai Super Kings,Kings XI Punjab,Chennai Super Kings,bat,Chennai Super Kings,12,,,ML Hayden,Indian Premier League,34,male,2009/05/07,6,D/L,,22
392215,2009,2009-05-08,Buffalo Park,East London,Delhi Daredevils,Mumbai Indians,Mumbai Indians,bat,Delhi Daredevils,,7,,A Nehra,Indian Premier League,35,male,2009/05/08,6,,,22
392216,2009,2009-05-09,De Beers Diamond Oval,Kimberley,Deccan Chargers,Kings XI Punjab,Kings XI Punjab,field,Kings XI Punjab,,3,,DPMD Jayawardene,Indian Premier League,36,male,2009/05/09,6,,,22
392217,2009,2009-05-09,De Beers Diamond Oval,Kimberley,Chennai Super Kings,Rajasthan Royals,Rajasthan Royals,bat,Chennai Super Kings,,7,,S Badrinath,Indian Premier League,37,male,2009/05/09,6,,,22
392218,2009,2009-05-10,St George's Park,Port Elizabeth,Royal Challengers Bangalore,Mumbai Indians,Mumbai Indians,bat,Mumbai Indians,16,,,JP Duminy,Indian Premier League,38,male,2009/05/10,6,,,22
392219,2009,2009-05-10,New Wanderers Stadium,Johannesburg,Delhi Daredevils,Kolkata Knight Riders,Delhi Daredevils,field,Delhi Daredevils,,7,,A Mishra,Indian Premier League,39,male,2009/05/10,6,,,22
392220,2009,2009-05-11,De Beers Diamond Oval,Kimberley,Deccan Chargers,Rajasthan Royals,Deccan Chargers,bat,Deccan Chargers,53,,,DR Smith,Indian Premier League,40,male,2009/05/11,6,,,22
392221,2009,2009-05-12,SuperSport Park,Centurion,Royal Challengers Bangalore,Kolkata Knight Riders,Royal Challengers Bangalore,field,Royal Challengers Bangalore,,6,,LRPL Taylor,Indian Premier League,41,male,2009/05/12,6,,,22
392222,2009,2009-05-12,SuperSport Park,Centurion,Kings XI Punjab,Mumbai Indians,Kings XI Punjab,bat,Mumbai Indians,,8,,Harbhajan Singh,Indian Premier League,42,male,2009/05/12,6,,,22
392223,2009,2009-05-13,Kingsmead,Durban,Deccan Chargers,Delhi Daredevils,Deccan Chargers,field,Delhi Daredevils,12,,,R Bhatia,Indian Premier League,43,male,2009/05/13,6,,,22
392224,2009,2009-05-14,Kingsmead,Durban,Royal Challengers Bangalore,Chennai Super Kings,Chennai Super Kings,bat,Royal Challengers Bangalore,,2,,LRPL Taylor,Indian Premier League,44,male,2009/05/14,6,,,22
392225,2009,2009-05-14,Kingsmead,Durban,Mumbai Indians,Rajasthan Royals,Rajasthan Royals,bat,Rajasthan Royals,2,,,SK Warne,Indian Premier League,45,male,2009/05/14,6,,,22
392226,2009,2009-05-15,OUTsurance Oval,Bloemfontein,Delhi Daredevils,Kings XI Punjab,Kings XI Punjab,field,Kings XI Punjab,,6,,B Lee,Indian Premier League,46,male,2009/05/15,6,,,22
392227,2009,2009-05-16,St George's Park,Port Elizabeth,Chennai Super Kings,Mumbai Indians,Mumbai Indians,bat,Chennai Super Kings,,7,,ML Hayden,Indian Premier League,47,male,2009/05/16,6,,,22
392228,2009,2009-05-16,New Wanderers Stadium,Johannesburg,Deccan Chargers,Kolkata Knight Riders,Deccan Chargers,field,Deccan Chargers,,6,,RG Sharma,Indian Premier League,48,male,2009/05/16,6,,,22
392229,2009,2009-05-17,New Wanderers Stadium,Johannesburg,Deccan Chargers,Kings XI Punjab,Deccan Chargers,field,Kings XI Punjab,1,,,Yuvraj Singh,Indian Premier League,49,male,2009/05/17,6,,,22
392230,2009,2009-05-17,OUTsurance Oval,Bloemfontein,Delhi Daredevils,Rajasthan Royals,Delhi Daredevils,bat,Delhi Daredevils,14,,,AB de Villiers,Indian Premier League,50,male,2009/05/17,6,,,22
392231,2009,2009-05-18,SuperSport Park,Centurion,Chennai Super Kings,Kolkata Knight Riders,Chennai Super Kings,bat,Kolkata Knight Riders,,7,,BJ Hodge,Indian Premier League,51,male,2009/05/18,6,,,22
392232,2009,2009-05-19,New Wanderers Stadium,Johannesburg,Royal Challengers Bangalore,Delhi Daredevils,Delhi Daredevils,bat,Royal Challengers Bangalore,,7,,JH Kallis,Indian Premier League,52,male,2009/05/19,6,,,22
392233,2009,2009-05-20,Kingsmead,Durban,Kolkata Knight Riders,Rajasthan Royals,Kolkata Knight Riders,field,Kolkata Knight Riders,,4,,LR Shukla,Indian Premier League,53,male,2009/05/20,6,,,22
392234,2009,2009-05-20,Kingsmead,Durban,Chennai Super Kings,Kings XI Punjab,Chennai Super Kings,bat,Chennai Super Kings,24,,,M Muralitharan,Indian Premier League,54,male,2009/05/20,6,,,22
392235,2009,2009-05-21,SuperSport Park,Centurion,Delhi Daredevils,Mumbai Indians,Delhi Daredevils,field,Delhi Daredevils,,4,,V Sehwag,Indian Premier League,55,male,2009/05/21,6,,,22
392236,2009,2009-05-21,SuperSport Park,Centurion,Royal Challengers Bangalore,Deccan Chargers,Royal Challengers Bangalore,bat,Royal Challengers Bangalore,12,,,MK Pandey,Indian Premier League,56,male,2009/05/21,6,,,22
392237,2009,2009-05-22,SuperSport Park,Centurion,Delhi Daredevils,Deccan Chargers,Deccan Chargers,field,Deccan Chargers,,6,,AC Gilchrist,Indian Premier League,,male,2009/05/22,6,,,22
392238,2009,2009-05-23,New Wanderers Stadium,Johannesburg,Royal Challengers Bangalore,Chennai Super Kings,Royal Challengers Bangalore,field,Royal Challengers Bangalore,,6,,MK Pandey,Indian Premier League,,male,2009/05/23,6,,,22
392239,2009,2009-05-24,New Wanderers Stadium,Johannesburg,Royal Challengers Bangalore,Deccan Chargers,Royal Challengers Bangalore,field,Deccan Chargers,6,,,A Kumble,Indian Premier League,,male,2009/05/24,6,,,22
419106,2009/10,2010-03-12,Dr DY Patil Sports Academy,Mumbai,Deccan Chargers,Kolkata Knight Riders,Deccan Chargers,field,Kolkata Knight Riders,11,,,AD Mathews,Indian Premier League,1,male,2010/03/12,6,,,22
419107,2009/10,2010-03-13,Brabourne Stadium,Mumbai,Mumbai Indians,Rajasthan Royals,Mumbai Indians,bat,Mumbai Indians,4,,,YK Pathan,Indian Premier League,2,male,2010/03/13,6,,,22
419108,2009/10,2010-03-13,"Punjab Cricket Association Stadium, Mohali",Chandigarh,Kings XI Punjab,Delhi Daredevils,Delhi Daredevils,field,Delhi Daredevils,,5,,G Gambhir,Indian Premier League,3,male,2010/03/13,6,,,22
419109,2009/10,2010-03-14,Eden Gardens,Kolkata,Kolkata Knight Riders,Royal Challengers Bangalore,Kolkata Knight Riders,field,Kolkata Knight Riders,,7,,MK Tiwary,Indian Premier League,4,male,2010/03/14,6,,,22
419110,2009/10,2010-03-14,"MA Chidambaram Stadium, Chepauk",Chennai,Chennai Super Kings,Deccan Chargers,Deccan Chargers,bat,Deccan Chargers,31,,,WPUJC Vaas,Indian Premier League,5,male,2010/03/14,6,,,22
419111,2009/10,2010-03-15,"Sardar Patel Stadium, Motera",Ahmedabad,Rajasthan Royals,Delhi Daredevils,Delhi Daredevils,field,Delhi Daredevils,,6,,V Sehwag,Indian Premier League,6,male,2010/03/15,6,,,22
419112,2009/10,2010-03-16,M Chinnaswamy Stadium,Bangalore,Royal Challengers Bangalore,Kings XI Punjab,Kings XI Punjab,bat,Royal Challengers Bangalore,,8,,JH Kallis,Indian Premier League,7,male,2010/03/16,6,,,22
419113,2009/10,2010-03-16,Eden Gardens,Kolkata,Kolkata Knight Riders,Chennai Super Kings,Chennai Super Kings,bat,Chennai Super Kings,55,,,MS Dhoni,Indian Premier League,8,male,2010/03/16,6,,,22
419114,2009/10,2010-03-17,Feroz Shah Kotla,Delhi,Delhi Daredevils,Mumbai Indians,Delhi Daredevils,field,Mumbai Indians,98,,,SR Tendulkar,Indian Premier League,9,male,2010/03/17,6,,,22
419115,2009/10,2010-03-18,M Chinnaswamy Stadium,Bangalore,Royal Challengers Bangalore,Rajasthan Royals,Royal Challengers Bangalore,field,Royal Challengers Bangalore,,10,,JH Kallis,Indian Premier League,10,male,2010/03/18,6,,,22
419116,2009/10,2010-03-19,Feroz Shah Kotla,Delhi,Delhi Daredevils,Chennai Super Kings,Delhi Daredevils,bat,Chennai Super Kings,,5,,ML Hayden,Indian Premier League,11,male,2010/03/19,6,,,22
419117,2009/10,2010-03-19,Barabati Stadium,Cuttack,Deccan Chargers,Kings XI Punjab,Kings XI Punjab,field,Deccan Chargers,6,,,A Symonds,Indian Premier League,12,male,2010/03/19,6,,,22
419118,2009/10,2010-03-20,"Sardar Patel Stadium, Motera",Ahmedabad,Rajasthan Royals,Kolkata Knight Riders,Rajasthan Royals,bat,Rajasthan Royals,34,,,AA Jhunjhunwala,Indian Premier League,13,male,2010/03/20,6,,,22
419119,2009/10,2010-03-20,Brabourne Stadium,Mumbai,Mumbai Indians,Royal Challengers Bangalore,Mumbai Indians,bat,Royal Challengers Bangalore,,7,,JH Kallis,Indian Premier League,14,male,2010/03/20,6,,,22
419120,2009/10,2010-03-21,Barabati Stadium,Cuttack,Deccan Chargers,Delhi Daredevils,Deccan Chargers,bat,Deccan Chargers,10,,,A Symonds,Indian Premier League,15,male,2010/03/21,6,,,22
419121,2009/10,2010-03-21,"MA Chidambaram Stadium, Chepauk",Chennai,Chennai Super Kings,Kings XI Punjab,Chennai Super Kings,field,,,,,J Theron,Indian Premier League,16,male,2010/03/21,6,,Kings XI Punjab,22
419122,2009/10,2010-03-22,Brabourne Stadium,Mumbai,Mumbai Indians,Kolkata Knight Riders,Kolkata Knight Riders,bat,Mumbai Indians,,7,,SR Tendulkar,Indian Premier League,17,male,2010/03/22,6,,,22
419123,2009/10,2010-03-23,M Chinnaswamy Stadium,Bangalore,Royal Challengers Bangalore,Chennai Super Kings,Chennai Super Kings,field,Royal Challengers Bangalore,36,,,RV Uthappa,Indian Premier League,18,male,2010/03/23,6,,,22
419124,2009/10,2010-03-24,"Punjab Cricket Association Stadium, Mohali",Chandigarh,Kings XI Punjab,Rajasthan Royals,Kings XI Punjab,field,Rajasthan Royals,31,,,AC Voges,Indian Premier League,19,male,2010/03/24,6,,,22
419125,2009/10,2010-03-25,"Brabourne Stadium, Mumbai",Mumbai,Chennai Super Kings,Mumbai Indians,Mumbai Indians,field,Mumbai Indians,,5,,SR Tendulkar,Indian Premier League,21,male,2010/03/25,6,,,22
419126,2009/10,2010-03-26,"Sardar Patel Stadium, Motera",Ahmedabad,Rajasthan Royals,Deccan Chargers,Deccan Chargers,bat,Rajasthan Royals,,8,,YK Pathan,Indian Premier League,22,male,2010/03/26,6,,,22
419127,2009/10,2010-03-27,"Punjab Cricket Association Stadium, Mohali",Chandigarh,Kings XI Punjab,Kolkata Knight Riders,Kolkata Knight Riders,bat,Kolkata Knight Riders,39,,,MK Tiwary,Indian Premier League,23,male,2010/03/27,6,,,22
419128,2009/10,2010-03-25,M Chinnaswamy Stadium,Bangalore,Royal Challengers Bangalore,Delhi Daredevils,Royal Challengers Bangalore,field,Delhi Daredevils,17,,,KM Jadhav,Indian Premier League,20,male,2010/03/25,6,,,22
419129,2009/10,2010-03-28,"Sardar Patel Stadium, Motera",Ahmedabad,Rajasthan Royals,Chennai Super Kings,Rajasthan Royals,bat,Rajasthan Royals,17,,,NV Ojha,Indian Premier League,24,male,2010/03/28,6,,,22
419130,2009/10,2010-03-28,Dr DY Patil Sports Academy,Mumbai,Deccan Chargers,Mumbai Indians,Deccan Chargers,field,Mumbai Indians,41,,,Harbhajan Singh,Indian Premier League,25,male,2010/03/28,6,,,22
419131,2009/10,2010-03-29,Feroz Shah Kotla,Delhi,Delhi Daredevils,Kolkata Knight Riders,Delhi Daredevils,bat,Delhi Daredevils,40,,,DA Warner,Indian Premier League,26,male,2010/03/29,6,,,22
419132,2009/10,2010-03-30,Brabourne Stadium,Mumbai,Mumbai Indians,Kings XI Punjab,Mumbai Indians,field,Mumbai Indians,,4,,SL Malinga,Indian Premier League,27,male,2010/03/30,6,,,22
419133,2009/10,2010-03-31,"MA Chidambaram Stadium, Chepauk",Chennai,Chennai Super Kings,Royal Challengers Bangalore,Royal Challengers Bangalore,bat,Chennai Super Kings,,5,,M Vijay,Indian Premier League,28,male,2010/03/31,6,,,22
419134,2009/10,2010-03-31,Feroz Shah Kotla,Delhi,Delhi Daredevils,Rajasthan Royals,Delhi Daredevils,bat,Delhi Daredevils,67,,,KD Karthik,Indian Premier League,29,male,2010/03/31,6,,,22
419135,2009/10,2010-04-01,Eden Gardens,Kolkata,Kolkata Knight Riders,Deccan Chargers,Kolkata Knight Riders,bat,Kolkata Knight Riders,24,,,SC Ganguly,Indian Premier League,30,male,2010/04/01,6,,,22
419136,2009/10,2010-04-02,"Punjab Cricket Association Stadium, Mohali",Chandigarh,Kings XI Punjab,Royal Challengers Bangalore,Kings XI Punjab,bat,Royal Challengers Bangalore,,6,,KP Pietersen,Indian Premier League,31,male,2010/04/02,6,,,22
419137,2009/10,2010-04-03,"MA Chidambaram Stadium, Chepauk",Chennai,Chennai Super Kings,Rajasthan Royals,Chennai Super Kings,bat,Chennai Super Kings,23,,,M Vijay,Indian Premier League,32,male,2010/04/03,6,,,22
419138,2009/10,2010-04-03,Brabourne Stadium,Mumbai,Mumbai Indians,Deccan Chargers,Mumbai Indians,bat,Mumbai Indians,63,,,AT Rayudu,Indian Premier League,33,male,2010/04/03,6,,,22
419139,2009/10,2010-04-04,Eden Gardens,Kolkata,Kolkata Knight Riders,Kings XI Punjab,Kolkata Knight Riders,bat,Kings XI Punjab,,8,,DPMD Jayawardene,Indian Premier League,34,male,2010/04/04,6,,,22
419140,2009/10,2010-04-04,Feroz Shah Kotla,Delhi,Delhi Daredevils,Royal Challengers Bangalore,Delhi Daredevils,bat,Delhi Daredevils,37,,,PD Collingwood,Indian Premier League,35,male,2010/04/04,6,,,22
419141,2009/10,2010-04-05,"Vidarbha Cricket Association Stadium, Jamtha",Nagpur,Deccan Chargers,Rajasthan Royals,Rajasthan Royals,bat,Rajasthan Royals,2,,,SK Warne,Indian Premier League,36,male,2010/04/05,6,,,22
419142,2009/10,2010-04-06,"MA Chidambaram Stadium, Chepauk",Chennai,Chennai Super Kings,Mumbai Indians,Chennai Super Kings,bat,Chennai Super Kings,24,,,SK Raina,Indian Premier League,37,male,2010/04/06,6,,,22
419143,2009/10,2010-04-07,Sawai Mansingh Stadium,Jaipur,Rajasthan Royals,Kings XI Punjab,Kings XI Punjab,bat,Rajasthan Royals,,9,,MJ Lumb,Indian Premier League,38,male,2010/04/07,6,,,22
419144,2009/10,2010-04-07,Eden Gardens,Kolkata,Kolkata Knight Riders,Delhi Daredevils,Kolkata Knight Riders,bat,Kolkata Knight Riders,14,,,SC Ganguly,Indian Premier League,39,male,2010/04/07,6,,,22
419145,2009/10,2010-04-08,M Chinnaswamy Stadium,Bangalore,Royal Challengers Bangalore,Deccan Chargers,Deccan Chargers,field,Deccan Chargers,,7,,TL Suman,Indian Premier League,40,male,2010/04/08,6,,,22
419146,2009/10,2010-04-09,"Punjab Cricket Association Stadium, Mohali",Chandigarh,Kings XI Punjab,Mumbai Indians,Mumbai Indians,bat,Kings XI Punjab,,6,,KC Sangakkara,Indian Premier League,41,male,2010/04/09,6,,,22
419147,2009/10,2010-04-10,"Vidarbha Cricket Association Stadium, Jamtha",Nagpur,Deccan Chargers,Chennai Super Kings,Chennai Super Kings,bat,Deccan Chargers,,6,,RJ Harris,Indian Premier League,42,male,2010/04/10,6,,,22
419148,2009/10,2010-04-10,M Chinnaswamy Stadium,Bangalore,Royal Challengers Bangalore,Kolkata Knight Riders,Royal Challengers Bangalore,field,Royal Challengers Bangalore,,7,,R Vinay Kumar,Indian Premier League,43,male,2010/04/10,6,,,22
419149,2009/10,2010-04-11,Feroz Shah Kotla,Delhi,Delhi Daredevils,Kings XI Punjab,Delhi Daredevils,bat,Kings XI Punjab,,7,,PP Chawla,Indian Premier League,44,male,2010/04/11,6,,,22
419150,2009/10,2010-04-11,Sawai Mansingh Stadium,Jaipur,Rajasthan Royals,Mumbai Indians,Rajasthan Royals,field,Mumbai Indians,37,,,SR Tendulkar,Indian Premier League,45,male,2010/04/11,6,,,22
419151,2009/10,2010-04-12,"Vidarbha Cricket Association Stadium, Jamtha",Nagpur,Deccan Chargers,Royal Challengers Bangalore,Royal Challengers Bangalore,field,Deccan Chargers,13,,,Harmeet Singh,Indian Premier League,46,male,2010/04/12,6,,,22
419152,2009/10,2010-04-13,Brabourne Stadium,Mumbai,Mumbai Indians,Delhi Daredevils,Mumbai Indians,bat,Mumbai Indians,39,,,KA Pollard,Indian Premier League,47,male,2010/04/13,6,,,22
419153,2009/10,2010-04-13,"MA Chidambaram Stadium, Chepauk",Chennai,Chennai Super Kings,Kolkata Knight Riders,Kolkata Knight Riders,bat,Chennai Super Kings,,9,,R Ashwin,Indian Premier League,48,male,2010/04/13,6,,,22
419154,2009/10,2010-04-14,Sawai Mansingh Stadium,Jaipur,Rajasthan Royals,Royal Challengers Bangalore,Rajasthan Royals,bat,Royal Challengers Bangalore,,5,,KP Pietersen,Indian Premier League,49,male,2010/04/14,6,,,22
419155,2009/10,2010-04-15,"MA Chidambaram Stadium, Chepauk",Chennai,Chennai Super Kings,Delhi Daredevils,Chennai Super Kings,bat,Delhi Daredevils,,6,,G Gambhir,Indian Premier League,50,male,2010/04/15,6,,,22
419156,2009/10,2010-04-16,Himachal Pradesh Cricket Association Stadium,Dharamsala,Kings XI Punjab,Deccan Chargers,Deccan Chargers,field,Deccan Chargers,,5,,RG Sharma,Indian Premier League,51,male,2010/04/16,6,,,22
419157,2009/10,2010-04-17,M Chinnaswamy Stadium,Bangalore,Royal Challengers Bangalore,Mumbai Indians,Royal Challengers Bangalore,field,Mumbai Indians,57,,,R McLaren,Indian Premier League,52,male,2010/04/17,6,,,22
419158,2009/10,2010-04-17,Eden Gardens,Kolkata,Kolkata Knight Riders,Rajasthan Royals,Rajasthan Royals,bat,Kolkata Knight Riders,,8,,JD Unadkat,Indian Premier League,53,male,2010/04/17,6,,,22
419159,2009/10,2010-04-18,Himachal Pradesh Cricket Association Stadium,Dharamsala,Kings XI Punjab,Chennai Super Kings,Chennai Super Kings,field,Chennai Super Kings,,6,,MS Dhoni,Indian Premier League,54,male,2010/04/18,6,,,22
419160,2009/10,2010-04-18,Feroz Shah Kotla,Delhi,Delhi Daredevils,Deccan Chargers,Deccan Chargers,bat,Deccan Chargers,11,,,A Symonds,Indian Premier League,55,male,2010/04/18,6,,,22
419161,2009/10,2010-04-19,Eden Gardens,Kolkata,Kolkata Knight Riders,Mumbai Indians,Mumbai Indians,bat,Kolkata Knight Riders,,9,,M Kartik,Indian Premier League,56,male,2010/04/19,6,,,22
419162,2009/10,2010-04-21,Dr DY Patil Sports Academy,Mumbai,Royal Challengers Bangalore,Mumbai Indians,Mumbai Indians,bat,Mumbai Indians,35,,,KA Pollard,Indian Premier League,,male,2010/04/21,6,,,22
419163,2009/10,2010-04-22,Dr DY Patil Sports Academy,Mumbai,Chennai Super Kings,Deccan Chargers,Chennai Super Kings,bat,Chennai Super Kings,38,,,DE Bollinger,Indian Premier League,,male,2010/04/22,6,,,22
419164,2009/10,2010-04-24,Dr DY Patil Sports Academy,Mumbai,Royal Challengers Bangalore,Deccan Chargers,Deccan Chargers,bat,Royal Challengers Bangalore,,9,,A Kumble,Indian Premier League,,male,2010/04/24,6,,,22
419165,2009/10,2010-04-25,Dr DY Patil Sports Academy,Mumbai,Chennai Super Kings,Mumbai Indians,Chennai Super Kings,bat,Chennai Super Kings,22,,,SK Raina,Indian Premier League,,male,2010/04/25,6,,,22
501198,2011,2011-04-08,"MA Chidambaram Stadium, Chepauk",Chennai,Chennai Super Kings,Kolkata Knight Riders,Chennai Super Kings,bat,Chennai Super Kings,2,,,S Anirudha,Indian Premier League,1,male,2011/04/08,6,,,22
501199,2011,2011-04-09,"Rajiv Gandhi International Stadium, Uppal",Hyderabad,Deccan Chargers,Rajasthan Royals,Rajasthan Royals,field,Rajasthan Royals,,8,,SK Trivedi,Indian Premier League,2,male,2011/04/09,6,,,22
501200,2011,2011-04-09,Nehru Stadium,Kochi,Kochi Tuskers Kerala,Royal Challengers Bangalore,Kochi Tuskers Kerala,bat,Royal Challengers Bangalore,,6,,AB de Villiers,Indian Premier League,3,male,2011/04/09,6,,,22
501201,2011,2011-04-10,Feroz Shah Kotla,Delhi,Delhi Daredevils,Mumbai Indians,Delhi Daredevils,bat,Mumbai Indians,,8,,SL Malinga,Indian Premier League,4,male,2011/04/10,6,,,22
501202,2011,2011-04-10,Dr DY Patil Sports Academy,Mumbai,Pune Warriors,Kings XI Punjab,Kings XI Punjab,bat,Pune Warriors,,7,,SB Wagh,Indian Premier League,5,male,2011/04/10,6,,,22
501203,2011,2011-04-11,Eden Gardens,Kolkata,Kolkata Knight Riders,Deccan Chargers,Kolkata Knight Riders,bat,Kolkata Knight Riders,9,,,JH Kallis,Indian Premier League,6,male,2011/04/11,6,,,22
501204,2011,2011-04-12,Sawai Mansingh Stadium,Jaipur,Rajasthan Royals,Delhi Daredevils,Delhi Daredevils,bat,Rajasthan Royals,,6,,SK Warne,Indian Premier League,7,male,2011/04/12,6,,,22
501205,2011,2011-04-12,M Chinnaswamy Stadium,Bangalore,Royal Challengers Bangalore,Mumbai Indians,Mumbai Indians,field,Mumbai Indians,,9,,SR Tendulkar,Indian Premier League,8,male,2011/04/12,6,,,22
501206,2011,2011-04-13,"Punjab Cricket Association Stadium, Mohali",Chandigarh,Kings XI Punjab,Chennai Super Kings,Kings XI Punjab,field,Kings XI Punjab,,6,,PC Valthaty,Indian Premier League,9,male,2011/04/13,6,,,22
501207,2011,2011-04-13,Dr DY Patil Sports Academy,Mumbai,Pune Warriors,Kochi Tuskers Kerala,Kochi Tuskers Kerala,bat,Pune Warriors,,4,,MD Mishra,Indian Premier League,10,male,2011/04/13,6,,,22
501208,2011,2011-04-14,"Rajiv Gandhi International Stadium, Uppal",Hyderabad,Deccan Chargers,Royal Challengers Bangalore,Royal Challengers Bangalore,field,Deccan Chargers,33,,,DW Steyn,Indian Premier League,11,male,2011/04/14,6,,,22
501209,2011,2011-04-15,Sawai Mansingh Stadium,Jaipur,Rajasthan Royals,Kolkata Knight Riders,Kolkata Knight Riders,field,Kolkata Knight Riders,,9,,G Gambhir,Indian Premier League,12,male,2011/04/15,6,,,22
501210,2011,2011-04-15,Wankhede Stadium,Mumbai,Mumbai Indians,Kochi Tuskers Kerala,Kochi Tuskers Kerala,field,Kochi Tuskers Kerala,,8,,BB McCullum,Indian Premier League,13,male,2011/04/15,6,,,22
501211,2011,2011-04-16,"MA Chidambaram Stadium, Chepauk",Chennai,Chennai Super Kings,Royal Challengers Bangalore,Chennai Super Kings,bat,Chennai Super Kings,21,,,MEK Hussey,Indian Premier League,14,male,2011/04/16,6,,,22
501212,2011,2011-04-16,"Rajiv Gandhi International Stadium, Uppal",Hyderabad,Deccan Chargers,Kings XI Punjab,Kings XI Punjab,field,Kings XI Punjab,,8,,PC Valthaty,Indian Premier League,15,male,2011/04/16,6,,,22
501213,2011,2011-04-17,Dr DY Patil Sports Academy,Mumbai,Pune Warriors,Delhi Daredevils,Delhi Daredevils,field,Delhi Daredevils,,3,,Yuvraj Singh,Indian Premier League,16,male,2011/04/17,6,,,22
501214,2011,2011-04-17,Eden Gardens,Kolkata,Kolkata Knight Riders,Rajasthan Royals,Kolkata Knight Riders,field,Kolkata Knight Riders,,8,,L Balaji,Indian Premier League,17,male,2011/04/17,6,,,22
501215,2011,2011-04-18,Nehru Stadium,Kochi,Kochi Tuskers Kerala,Chennai Super Kings,Kochi Tuskers Kerala,field,Kochi Tuskers Kerala,,7,,BB McCullum,Indian Premier League,18,male,2011/04/18,6,D/L,,22
501216,2011,2011-04-19,Feroz Shah Kotla,Delhi,Delhi Daredevils,Deccan Chargers,Deccan Chargers,bat,Deccan Chargers,16,,,S Sohal,Indian Premier League,19,male,2011/04/19,6,,,22
501218,2011,2011-04-20,Wankhede Stadium,Mumbai,Mumbai Indians,Pune Warriors,Pune Warriors,bat,Mumbai Indians,,7,,MM Patel,Indian Premier League,21,male,2011/04/20,6,,,22
501219,2011,2011-04-20,Eden Gardens,Kolkata,Kolkata Knight Riders,Kochi Tuskers Kerala,Kolkata Knight Riders,field,Kochi Tuskers Kerala,6,,,DPMD Jayawardene,Indian Premier League,22,male,2011/04/20,6,,,22
501220,2011,2011-04-21,"Punjab Cricket Association Stadium, Mohali",Chandigarh,Kings XI Punjab,Rajasthan Royals,Rajasthan Royals,field,Kings XI Punjab,48,,,SE Marsh,Indian Premier League,23,male,2011/04/21,6,,,22
501221,2011,2011-04-22,Wankhede Stadium,Mumbai,Mumbai Indians,Chennai Super Kings,Chennai Super Kings,field,Mumbai Indians,8,,,Harbhajan Singh,Indian Premier League,25,male,2011/04/22,6,,,22
501222,2011,2011-04-22,Eden Gardens,Kolkata,Kolkata Knight Riders,Royal Challengers Bangalore,Royal Challengers Bangalore,field,Royal Challengers Bangalore,,9,,CH Gayle,Indian Premier League,24,male,2011/04/22,6,,,22
501223,2011,2011-04-23,Feroz Shah Kotla,Delhi,Delhi Daredevils,Kings XI Punjab,Kings XI Punjab,field,Delhi Daredevils,29,,,DA Warner,Indian Premier League,26,male,2011/04/23,6,,,22
501224,2011,2011-04-24,"Rajiv Gandhi International Stadium, Uppal",Hyderabad,Deccan Chargers,Mumbai Indians,Deccan Chargers,field,Mumbai Indians,37,,,SL Malinga,Indian Premier League,27,male,2011/04/24,6,,,22
501225,2011,2011-04-24,Sawai Mansingh Stadium,Jaipur,Rajasthan Royals,Kochi Tuskers Kerala,Rajasthan Royals,field,Rajasthan Royals,,8,,SK Warne,Indian Premier League,28,male,2011/04/24,6,,,22
501226,2011,2011-04-25,"MA Chidambaram Stadium, Chepauk",Chennai,Chennai Super Kings,Pune Warriors,Pune Warriors,field,Chennai Super Kings,25,,,MEK Hussey,Indian Premier League,29,male,2011/04/25,6,,,22
501227,2011,2011-04-26,Feroz Shah Kotla,Delhi,Delhi Daredevils,Royal Challengers Bangalore,Royal Challengers Bangalore,field,Royal Challengers Bangalore,,3,,V Kohli,Indian Premier League,30,male,2011/04/26,6,,,22
501228,2011,2011-04-27,Dr DY Patil Sports Academy,Mumbai,Pune Warriors,Chennai Super Kings,Pune Warriors,bat,Chennai Super Kings,,8,,DE Bollinger,Indian Premier League,31,male,2011/04/27,6,,,22
501229,2011,2011-04-27,Nehru Stadium,Kochi,Kochi Tuskers Kerala,Deccan Chargers,Kochi Tuskers Kerala,field,Deccan Chargers,55,,,I Sharma,Indian Premier League,32,male,2011/04/27,6,,,22
501230,2011,2011-04-28,Feroz Shah Kotla,Delhi,Delhi Daredevils,Kolkata Knight Riders,Delhi Daredevils,field,Kolkata Knight Riders,17,,,MK Tiwary,Indian Premier League,33,male,2011/04/28,6,,,22
501231,2011,2011-04-29,Sawai Mansingh Stadium,Jaipur,Rajasthan Royals,Mumbai Indians,Rajasthan Royals,field,Rajasthan Royals,,7,,J Botha,Indian Premier League,34,male,2011/04/29,6,,,22
501232,2011,2011-04-29,M Chinnaswamy Stadium,Bangalore,Royal Challengers Bangalore,Pune Warriors,Pune Warriors,field,Royal Challengers Bangalore,26,,,V Kohli,Indian Premier League,35,male,2011/04/29,6,,,22
501233,2011,2011-04-30,Nehru Stadium,Kochi,Kochi Tuskers Kerala,Delhi Daredevils,Delhi Daredevils,bat,Delhi Daredevils,38,,,V Sehwag,Indian Premier League,36,male,2011/04/30,6,,,22
501234,2011,2011-04-30,Eden Gardens,Kolkata,Kolkata Knight Riders,Kings XI Punjab,Kolkata Knight Riders,field,Kolkata Knight Riders,,8,,Iqbal Abdulla,Indian Premier League,37,male,2011/04/30,6,,,22
501235,2011,2011-05-01,Sawai Mansingh Stadium,Jaipur,Rajasthan Royals,Pune Warriors,Rajasthan Royals,field,Rajasthan Royals,,6,,LRPL Taylor,Indian Premier League,38,male,2011/05/01,6,,,22
501236,2011,2011-05-01,"MA Chidambaram Stadium, Chepauk",Chennai,Chennai Super Kings,Deccan Chargers,Chennai Super Kings,bat,Chennai Super Kings,19,,,JA Morkel,Indian Premier League,39,male,2011/05/01,6,,,22
501237,2011,2011-05-02,Wankhede Stadium,Mumbai,Mumbai Indians,Kings XI Punjab,Kings XI Punjab,field,Mumbai Indians,23,,,KA Pollard,Indian Premier League,40,male,2011/05/02,6,,,22
501238,2011,2011-05-02,Feroz Shah Kotla,Delhi,Delhi Daredevils,Kochi Tuskers Kerala,Kochi Tuskers Kerala,field,Kochi Tuskers Kerala,,7,,P Parameswaran,Indian Premier League,41,male,2011/05/02,6,,,22
501239,2011,2011-05-03,"Rajiv Gandhi International Stadium, Uppal",Hyderabad,Deccan Chargers,Kolkata Knight Riders,Deccan Chargers,field,Kolkata Knight Riders,20,,,YK Pathan,Indian Premier League,42,male,2011/05/03,6,,,22
501240,2011,2011-05-04,"MA Chidambaram Stadium, Chepauk",Chennai,Chennai Super Kings,Rajasthan Royals,Rajasthan Royals,bat,Chennai Super Kings,,8,,MEK Hussey,Indian Premier League,43,male,2011/05/04,6,,,22
501241,2011,2011-05-04,Dr DY Patil Sports Academy,Mumbai,Pune Warriors,Mumbai Indians,Pune Warriors,field,Mumbai Indians,21,,,R Sharma,Indian Premier League,44,male,2011/05/04,6,,,22
501242,2011,2011-05-05,Nehru Stadium,Kochi,Kochi Tuskers Kerala,Kolkata Knight Riders,Kolkata Knight Riders,field,Kochi Tuskers Kerala,17,,,BJ Hodge,Indian Premier League,45,male,2011/05/05,6,,,22
501243,2011,2011-05-05,"Rajiv Gandhi International Stadium, Uppal",Hyderabad,Deccan Chargers,Delhi Daredevils,Delhi Daredevils,field,Delhi Daredevils,,4,,V Sehwag,Indian Premier League,46,male,2011/05/05,6,,,22
501244,2011,2011-05-06,M Chinnaswamy Stadium,Bangalore,Royal Challengers Bangalore,Kings XI Punjab,Kings XI Punjab,field,Royal Challengers Bangalore,85,,,CH Gayle,Indian Premier League,47,male,2011/05/06,6,,,22
501245,2011,2011-05-07,Eden Gardens,Kolkata,Kolkata Knight Riders,Chennai Super Kings,Chennai Super Kings,bat,Kolkata Knight Riders,10,,,Iqbal Abdulla,Indian Premier League,48,male,2011/05/07,6,D/L,,22
501246,2011,2011-05-07,Wankhede Stadium,Mumbai,Mumbai Indians,Delhi Daredevils,Delhi Daredevils,field,Mumbai Indians,32,,,AT Rayudu,Indian Premier League,49,male,2011/05/07,6,,,22
501247,2011,2011-05-08,M Chinnaswamy Stadium,Bangalore,Royal Challengers Bangalore,Kochi Tuskers Kerala,Kochi Tuskers Kerala,bat,Royal Challengers Bangalore,,9,,CH Gayle,Indian Premier League,50,male,2011/05/08,6,,,22
501248,2011,2011-05-08,"Punjab Cricket Association Stadium, Mohali",Chandigarh,Kings XI Punjab,Pune Warriors,Kings XI Punjab,bat,Pune Warriors,,5,,R Sharma,Indian Premier League,51,male,2011/05/08,6,,,22
501249,2011,2011-05-09,Sawai Mansingh Stadium,Jaipur,Rajasthan Royals,Chennai Super Kings,Rajasthan Royals,field,Chennai Super Kings,63,,,M Vijay,Indian Premier League,52,male,2011/05/09,6,,,22
501250,2011,2011-05-10,"Rajiv Gandhi International Stadium, Uppal",Hyderabad,Deccan Chargers,Pune Warriors,Deccan Chargers,bat,Pune Warriors,,6,,MR Marsh,Indian Premier League,53,male,2011/05/10,6,,,22
501251,2011,2011-05-10,"Punjab Cricket Association Stadium, Mohali",Chandigarh,Kings XI Punjab,Mumbai Indians,Mumbai Indians,field,Kings XI Punjab,76,,,BA Bhatt,Indian Premier League,54,male,2011/05/10,6,,,22
501252,2011,2011-05-11,Sawai Mansingh Stadium,Jaipur,Rajasthan Royals,Royal Challengers Bangalore,Royal Challengers Bangalore,field,Royal Challengers Bangalore,,9,,S Aravind,Indian Premier League,55,male,2011/05/11,6,,,22
501253,2011,2011-05-12,"MA Chidambaram Stadium, Chepauk",Chennai,Chennai Super Kings,Delhi Daredevils,Chennai Super Kings,bat,Chennai Super Kings,18,,,MS Dhoni,Indian Premier League,56,male,2011/05/12,6,,,22
501254,2011,2011-05-13,Holkar Cricket Stadium,Indore,Kochi Tuskers Kerala,Kings XI Punjab,Kings XI Punjab,field,Kings XI Punjab,,6,,KD Karthik,Indian Premier League,57,male,2011/05/13,6,,,22
501255,2011,2011-05-14,M Chinnaswamy Stadium,Bangalore,Royal Challengers Bangalore,Kolkata Knight Riders,Royal Challengers Bangalore,field,Royal Challengers Bangalore,,4,,CH Gayle,Indian Premier League,58,male,2011/05/14,6,D/L,,22
501256,2011,2011-05-14,Wankhede Stadium,Mumbai,Mumbai Indians,Deccan Chargers,Deccan Chargers,bat,Deccan Chargers,10,,,A Mishra,Indian Premier League,59,male,2011/05/14,6,,,22
501257,2011,2011-05-15,Himachal Pradesh Cricket Association Stadium,Dharamsala,Kings XI Punjab,Delhi Daredevils,Delhi Daredevils,field,Kings XI Punjab,29,,,PP Chawla,Indian Premier League,60,male,2011/05/15,6,,,22
501258,2011,2011-05-15,Holkar Cricket Stadium,Indore,Kochi Tuskers Kerala,Rajasthan Royals,Kochi Tuskers Kerala,field,Kochi Tuskers Kerala,,8,,BJ Hodge,Indian Premier League,61,male,2011/05/15,6,,,22
501259,2011,2011-05-16,Dr DY Patil Sports Academy,Mumbai,Pune Warriors,Deccan Chargers,Deccan Chargers,field,Deccan Chargers,,6,,A Mishra,Indian Premier League,62,male,2011/05/16,6,,,22
501260,2011,2011-05-17,Himachal Pradesh Cricket Association Stadium,Dharamsala,Kings XI Punjab,Royal Challengers Bangalore,Kings XI Punjab,bat,Kings XI Punjab,111,,,AC Gilchrist,Indian Premier League,63,male,2011/05/17,6,,,22
501261,2011,2011-05-18,"MA Chidambaram Stadium, Chepauk",Chennai,Chennai Super Kings,Kochi Tuskers Kerala,Chennai Super Kings,bat,Chennai Super Kings,11,,,WP Saha,Indian Premier League,64,male,2011/05/18,6,,,22
501262,2011,2011-05-19,Dr DY Patil Sports Academy,Mumbai,Pune Warriors,Kolkata Knight Riders,Kolkata Knight Riders,field,Kolkata Knight Riders,,7,,YK Pathan,Indian Premier League,65,male,2011/05/19,6,,,22
501263,2011,2011-05-20,Wankhede Stadium,Mumbai,Mumbai Indians,Rajasthan Royals,Mumbai Indians,bat,Rajasthan Royals,,10,,SR Watson,Indian Premier League,66,male,2011/05/20,6,,,22
501264,2011,2011-05-21,Himachal Pradesh Cricket Association Stadium,Dharamsala,Kings XI Punjab,Deccan Chargers,Kings XI Punjab,field,Deccan Chargers,82,,,S Dhawan,Indian Premier League,67,male,2011/05/21,6,,,22
501265,2011,2011-05-21,Feroz Shah Kotla,Delhi,Delhi Daredevils,Pune Warriors,Delhi Daredevils,bat,,,,,,Indian Premier League,68,male,2011/05/21,6,,,22
501266,2011,2011-05-22,M Chinnaswamy Stadium,Bangalore,Royal Challengers Bangalore,Chennai Super Kings,Royal Challengers Bangalore,field,Royal Challengers Bangalore,,8,,CH Gayle,Indian Premier League,69,male,2011/05/22,6,,,22
501267,2011,2011-05-22,Eden Gardens,Kolkata,Kolkata Knight Riders,Mumbai Indians,Mumbai Indians,field,Mumbai Indians,,5,,JEC Franklin,Indian Premier League,70,male,2011/05/22,6,,,22
501268,2011,2011-05-24,Wankhede Stadium,Mumbai,Royal Challengers Bangalore,Chennai Super Kings,Chennai Super Kings,field,Chennai Super Kings,,6,,SK Raina,Indian Premier League,,male,2011/05/24,6,,,22
501269,2011,2011-05-25,Wankhede Stadium,Mumbai,Mumbai Indians,Kolkata Knight Riders,Mumbai Indians,field,Mumbai Indians,,4,,MM Patel,Indian Premier League,,male,2011/05/25,6,,,22
501270,2011,2011-05-27,"MA Chidambaram Stadium, Chepauk",Chennai,Royal Challengers Bangalore,Mumbai Indians,Mumbai Indians,field,Royal Challengers Bangalore,43,,,CH Gayle,Indian Premier League,,male,2011/05/27,6,,,22
501271,2011,2011-05-28,"MA Chidambaram Stadium, Chepauk",Chennai,Chennai Super Kings,Royal Challengers Bangalore,Chennai Super Kings,bat,Chennai Super Kings,58,,,M Vijay,Indian Premier League,,male,2011/05/28,6,,,22
548306,2012,2012-04-04,"MA Chidambaram Stadium, Chepauk",Chennai,Chennai Super Kings,Mumbai Indians,Mumbai Indians,field,Mumbai Indians,,8,,RE Levi,Indian Premier League,1,male,2012/04/04,6,,,22
548307,2012,2012-04-05,Eden Gardens,Kolkata,Kolkata Knight Riders,Delhi Daredevils,Delhi Daredevils,field,Delhi Daredevils,,8,,IK Pathan,Indian Premier League,2,male,2012/04/05,6,,,22
548308,2012,2012-04-06,Wankhede Stadium,Mumbai,Mumbai Indians,Pune Warriors,Mumbai Indians,field,Pune Warriors,28,,,SPD Smith,Indian Premier League,3,male,2012/04/06,6,,,22
548309,2012,2012-04-06,Sawai Mansingh Stadium,Jaipur,Rajasthan Royals,Kings XI Punjab,Kings XI Punjab,field,Rajasthan Royals,31,,,AM Rahane,Indian Premier League,4,male,2012/04/06,6,,,22
548310,2012,2012-04-07,M Chinnaswamy Stadium,Bangalore,Royal Challengers Bangalore,Delhi Daredevils,Delhi Daredevils,field,Royal Challengers Bangalore,20,,,AB de Villiers,Indian Premier League,5,male,2012/04/07,6,,,22
548311,2012,2012-04-07,Dr. Y.S. Rajasekhara Reddy ACA-VDCA Cricket Stadium,Visakhapatnam,Deccan Chargers,Chennai Super Kings,Deccan Chargers,field,Chennai Super Kings,74,,,RA Jadeja,Indian Premier League,6,male,2012/04/07,6,,,22
548312,2012,2012-04-08,Sawai Mansingh Stadium,Jaipur,Rajasthan Royals,Kolkata Knight Riders,Kolkata Knight Riders,field,Rajasthan Royals,22,,,BJ Hodge,Indian Premier League,7,male,2012/04/08,6,,,22
548313,2012,2012-04-08,Subrata Roy Sahara Stadium,Pune,Pune Warriors,Kings XI Punjab,Pune Warriors,bat,Pune Warriors,22,,,MN Samuels,Indian Premier League,8,male,2012/04/08,6,,,22
548314,2012,2012-04-09,Dr. Y.S. Rajasekhara Reddy ACA-VDCA Cricket Stadium,Visakhapatnam,Deccan Chargers,Mumbai Indians,Deccan Chargers,bat,Mumbai Indians,,5,,RG Sharma,Indian Premier League,9,male,2012/04/09,6,,,22
548315,2012,2012-04-10,M Chinnaswamy Stadium,Bangalore,Royal Challengers Bangalore,Kolkata Knight Riders,Royal Challengers Bangalore,field,Kolkata Knight Riders,42,,,L Balaji,Indian Premier League,10,male,2012/04/10,6,,,22
548316,2012,2012-04-10,Feroz Shah Kotla,Delhi,Delhi Daredevils,Chennai Super Kings,Delhi Daredevils,field,Delhi Daredevils,,8,,M Morkel,Indian Premier League,11,male,2012/04/10,6,,,22
548317,2012,2012-04-11,Wankhede Stadium,Mumbai,Mumbai Indians,Rajasthan Royals,Rajasthan Royals,field,Mumbai Indians,27,,,KA Pollard,Indian Premier League,12,male,2012/04/11,6,,,22
548318,2012,2012-04-12,"MA Chidambaram Stadium, Chepauk",Chennai,Chennai Super Kings,Royal Challengers Bangalore,Royal Challengers Bangalore,bat,Chennai Super Kings,,5,,F du Plessis,Indian Premier League,13,male,2012/04/12,6,,,22
548319,2012,2012-04-12,"Punjab Cricket Association Stadium, Mohali",Chandigarh,Kings XI Punjab,Pune Warriors,Kings XI Punjab,field,Kings XI Punjab,,7,,AD Mascarenhas,Indian Premier League,14,male,2012/04/12,6,,,22
548320,2012,2012-04-13,Eden Gardens,Kolkata,Kolkata Knight Riders,Rajasthan Royals,Rajasthan Royals,bat,Kolkata Knight Riders,,5,,Shakib Al Hasan,Indian Premier League,15,male,2012/04/13,6,,,22
548321,2012,2012-04-19,Feroz Shah Kotla,Delhi,Delhi Daredevils,Deccan Chargers,Deccan Chargers,bat,Delhi Daredevils,,5,,KP Pietersen,Indian Premier League,23,male,2012/04/19,6,,,22
548322,2012,2012-04-14,Subrata Roy Sahara Stadium,Pune,Pune Warriors,Chennai Super Kings,Chennai Super Kings,bat,Pune Warriors,,7,,JD Ryder,Indian Premier League,16,male,2012/04/14,6,,,22
548323,2012,2012-04-15,Eden Gardens,Kolkata,Kolkata Knight Riders,Kings XI Punjab,Kolkata Knight Riders,field,Kings XI Punjab,2,,,SP Narine,Indian Premier League,17,male,2012/04/15,6,,,22
548324,2012,2012-04-15,M Chinnaswamy Stadium,Bangalore,Royal Challengers Bangalore,Rajasthan Royals,Rajasthan Royals,bat,Rajasthan Royals,59,,,AM Rahane,Indian Premier League,18,male,2012/04/15,6,,,22
548325,2012,2012-04-16,Wankhede Stadium,Mumbai,Mumbai Indians,Delhi Daredevils,Delhi Daredevils,field,Delhi Daredevils,,7,,S Nadeem,Indian Premier League,19,male,2012/04/16,6,,,22
548326,2012,2012-04-17,Sawai Mansingh Stadium,Jaipur,Rajasthan Royals,Deccan Chargers,Deccan Chargers,bat,Rajasthan Royals,,5,,BJ Hodge,Indian Premier League,20,male,2012/04/17,6,,,22
548327,2012,2012-04-17,M Chinnaswamy Stadium,Bangalore,Royal Challengers Bangalore,Pune Warriors,Pune Warriors,bat,Royal Challengers Bangalore,,6,,CH Gayle,Indian Premier League,21,male,2012/04/17,6,,,22
548328,2012,2012-04-18,"Punjab Cricket Association Stadium, Mohali",Chandigarh,Kings XI Punjab,Kolkata Knight Riders,Kings XI Punjab,bat,Kolkata Knight Riders,,8,,G Gambhir,Indian Premier League,22,male,2012/04/18,6,,,22
548329,2012,2012-05-10,"Rajiv Gandhi International Stadium, Uppal",Hyderabad,Deccan Chargers,Delhi Daredevils,Deccan Chargers,bat,Delhi Daredevils,,9,,DA Warner,Indian Premier League,55,male,2012/05/10,6,,,22
548330,2012,2012-04-19,"MA Chidambaram Stadium, Chepauk",Chennai,Chennai Super Kings,Pune Warriors,Pune Warriors,field,Chennai Super Kings,13,,,KMDN Kulasekara,Indian Premier League,24,male,2012/04/19,6,,,22
548331,2012,2012-04-20,"Punjab Cricket Association Stadium, Mohali",Chandigarh,Kings XI Punjab,Royal Challengers Bangalore,Royal Challengers Bangalore,field,Royal Challengers Bangalore,,5,,CH Gayle,Indian Premier League,25,male,2012/04/20,6,,,22
548332,2012,2012-04-21,"MA Chidambaram Stadium, Chepauk",Chennai,Chennai Super Kings,Rajasthan Royals,Rajasthan Royals,bat,Chennai Super Kings,,7,,F du Plessis,Indian Premier League,26,male,2012/04/21,6,,,22
548333,2012,2012-04-21,Feroz Shah Kotla,Delhi,Delhi Daredevils,Pune Warriors,Delhi Daredevils,field,Pune Warriors,20,,,SC Ganguly,Indian Premier League,27,male,2012/04/21,6,,,22
548334,2012,2012-04-22,Wankhede Stadium,Mumbai,Mumbai Indians,Kings XI Punjab,Mumbai Indians,bat,Kings XI Punjab,,6,,SE Marsh,Indian Premier League,28,male,2012/04/22,6,,,22
548335,2012,2012-04-22,Barabati Stadium,Cuttack,Deccan Chargers,Kolkata Knight Riders,Kolkata Knight Riders,field,Kolkata Knight Riders,,5,,B Lee,Indian Premier League,29,male,2012/04/22,6,,,22
548336,2012,2012-04-23,Sawai Mansingh Stadium,Jaipur,Rajasthan Royals,Royal Challengers Bangalore,Rajasthan Royals,field,Royal Challengers Bangalore,46,,,AB de Villiers,Indian Premier League,30,male,2012/04/23,6,,,22
548337,2012,2012-04-24,Subrata Roy Sahara Stadium,Pune,Pune Warriors,Delhi Daredevils,Pune Warriors,bat,Delhi Daredevils,,8,,V Sehwag,Indian Premier League,31,male,2012/04/24,6,,,22
548339,2012,2012-04-25,"Punjab Cricket Association Stadium, Mohali",Chandigarh,Kings XI Punjab,Mumbai Indians,Kings XI Punjab,bat,Mumbai Indians,,4,,AT Rayudu,Indian Premier League,33,male,2012/04/25,6,,,22
548341,2012,2012-04-26,Subrata Roy Sahara Stadium,Pune,Pune Warriors,Deccan Chargers,Deccan Chargers,bat,Deccan Chargers,18,,,CL White,Indian Premier League,35,male,2012/04/26,6,,,22
548342,2012,2012-04-27,Feroz Shah Kotla,Delhi,Delhi Daredevils,Mumbai Indians,Mumbai Indians,field,Delhi Daredevils,37,,,V Sehwag,Indian Premier League,36,male,2012/04/27,6,,,22
548343,2012,2012-04-28,"MA Chidambaram Stadium, Chepauk",Chennai,Chennai Super Kings,Kings XI Punjab,Kings XI Punjab,bat,Kings XI Punjab,7,,,Mandeep Singh,Indian Premier League,37,male,2012/04/28,6,,,22
548344,2012,2012-04-28,Eden Gardens,Kolkata,Kolkata Knight Riders,Royal Challengers Bangalore,Kolkata Knight Riders,bat,Kolkata Knight Riders,47,,,G Gambhir,Indian Premier League,38,male,2012/04/28,6,,,22
548345,2012,2012-04-29,Feroz Shah Kotla,Delhi,Delhi Daredevils,Rajasthan Royals,Delhi Daredevils,bat,Delhi Daredevils,1,,,V Sehwag,Indian Premier League,39,male,2012/04/29,6,,,22
548346,2012,2012-04-29,Wankhede Stadium,Mumbai,Mumbai Indians,Deccan Chargers,Mumbai Indians,field,Mumbai Indians,,5,,DW Steyn,Indian Premier League,40,male,2012/04/29,6,,,22
548347,2012,2012-04-30,"MA Chidambaram Stadium, Chepauk",Chennai,Chennai Super Kings,Kolkata Knight Riders,Chennai Super Kings,bat,Kolkata Knight Riders,,5,,G Gambhir,Indian Premier League,41,male,2012/04/30,6,,,22
548348,2012,2012-05-01,Barabati Stadium,Cuttack,Deccan Chargers,Pune Warriors,Deccan Chargers,bat,Deccan Chargers,13,,,KC Sangakkara,Indian Premier League,42,male,2012/05/01,6,,,22
548349,2012,2012-05-01,Sawai Mansingh Stadium,Jaipur,Rajasthan Royals,Delhi Daredevils,Rajasthan Royals,bat,Delhi Daredevils,,6,,P Negi,Indian Premier League,43,male,2012/05/01,6,,,22
548350,2012,2012-05-02,M Chinnaswamy Stadium,Bangalore,Royal Challengers Bangalore,Kings XI Punjab,Kings XI Punjab,field,Kings XI Punjab,,4,,Azhar Mahmood,Indian Premier League,44,male,2012/05/02,6,,,22
548351,2012,2012-05-03,Subrata Roy Sahara Stadium,Pune,Pune Warriors,Mumbai Indians,Mumbai Indians,bat,Mumbai Indians,1,,,SL Malinga,Indian Premier League,45,male,2012/05/03,6,,,22
548352,2012,2012-05-04,"MA Chidambaram Stadium, Chepauk",Chennai,Chennai Super Kings,Deccan Chargers,Chennai Super Kings,bat,Chennai Super Kings,10,,,SK Raina,Indian Premier League,46,male,2012/05/04,6,,,22
548353,2012,2012-05-05,Eden Gardens,Kolkata,Kolkata Knight Riders,Pune Warriors,Kolkata Knight Riders,bat,Kolkata Knight Riders,7,,,SP Narine,Indian Premier League,47,male,2012/05/05,6,,,22
548354,2012,2012-05-05,"Punjab Cricket Association Stadium, Mohali",Chandigarh,Kings XI Punjab,Rajasthan Royals,Rajasthan Royals,bat,Rajasthan Royals,43,,,SR Watson,Indian Premier League,48,male,2012/05/05,6,,,22
548355,2012,2012-05-06,Wankhede Stadium,Mumbai,Mumbai Indians,Chennai Super Kings,Mumbai Indians,field,Mumbai Indians,,2,,DR Smith,Indian Premier League,49,male,2012/05/06,6,,,22
548356,2012,2012-05-06,M Chinnaswamy Stadium,Bangalore,Royal Challengers Bangalore,Deccan Chargers,Royal Challengers Bangalore,field,Royal Challengers Bangalore,,5,,AB de Villiers,Indian Premier League,50,male,2012/05/06,6,,,22
548357,2012,2012-05-07,Feroz Shah Kotla,Delhi,Delhi Daredevils,Kolkata Knight Riders,Delhi Daredevils,bat,Kolkata Knight Riders,,6,,JH Kallis,Indian Premier League,51,male,2012/05/07,6,,,22
548358,2012,2012-05-08,Subrata Roy Sahara Stadium,Pune,Pune Warriors,Rajasthan Royals,Pune Warriors,bat,Rajasthan Royals,,7,,SR Watson,Indian Premier League,52,male,2012/05/08,6,,,22
548359,2012,2012-05-08,"Rajiv Gandhi International Stadium, Uppal",Hyderabad,Deccan Chargers,Kings XI Punjab,Deccan Chargers,field,Kings XI Punjab,25,,,Mandeep Singh,Indian Premier League,53,male,2012/05/08,6,,,22
548360,2012,2012-05-09,Wankhede Stadium,Mumbai,Mumbai Indians,Royal Challengers Bangalore,Royal Challengers Bangalore,field,Royal Challengers Bangalore,,9,,CH Gayle,Indian Premier League,54,male,2012/05/09,6,,,22
548361,2012,2012-05-10,Sawai Mansingh Stadium,Jaipur,Rajasthan Royals,Chennai Super Kings,Chennai Super Kings,field,Chennai Super Kings,,4,,BW Hilfenhaus,Indian Premier League,56,male,2012/05/10,6,,,22
548362,2012,2012-05-11,Subrata Roy Sahara Stadium,Pune,Pune Warriors,Royal Challengers Bangalore,Pune Warriors,field,Royal Challengers Bangalore,35,,,CH Gayle,Indian Premier League,57,male,2012/05/11,6,,,22
548363,2012,2012-05-12,Eden Gardens,Kolkata,Kolkata Knight Riders,Mumbai Indians,Mumbai Indians,bat,Mumbai Indians,27,,,RG Sharma,Indian Premier League,58,male,2012/05/12,6,,,22
548364,2012,2012-05-12,"MA Chidambaram Stadium, Chepauk",Chennai,Chennai Super Kings,Delhi Daredevils,Chennai Super Kings,field,Chennai Super Kings,,9,,BW Hilfenhaus,Indian Premier League,59,male,2012/05/12,6,,,22
548365,2012,2012-05-13,Sawai Mansingh Stadium,Jaipur,Rajasthan Royals,Pune Warriors,Rajasthan Royals,bat,Rajasthan Royals,45,,,A Chandila,Indian Premier League,60,male,2012/05/13,6,,,22
548366,2012,2012-05-13,"Punjab Cricket Association Stadium, Mohali",Chandigarh,Kings XI Punjab,Deccan Chargers,Deccan Chargers,bat,Kings XI Punjab,,4,,DJ Hussey,Indian Premier League,61,male,2012/05/13,6,,,22
548367,2012,2012-05-14,M Chinnaswamy Stadium,Bangalore,Royal Challengers Bangalore,Mumbai Indians,Mumbai Indians,field,Mumbai Indians,,5,,AT Rayudu,Indian Premier League,62,male,2012/05/14,6,,,22
548368,2012,2012-05-14,Eden Gardens,Kolkata,Kolkata Knight Riders,Chennai Super Kings,Chennai Super Kings,field,Chennai Super Kings,,5,,MEK Hussey,Indian Premier League,63,male,2012/05/14,6,,,22
548369,2012,2012-05-15,Feroz Shah Kotla,Delhi,Delhi Daredevils,Kings XI Punjab,Kings XI Punjab,bat,Delhi Daredevils,,5,,UT Yadav,Indian Premier League,64,male,2012/05/15,6,,,22
548370,2012,2012-05-16,Wankhede Stadium,Mumbai,Mumbai Indians,Kolkata Knight Riders,Mumbai Indians,field,Kolkata Knight Riders,32,,,SP Narine,Indian Premier League,65,male,2012/05/16,6,,,22
548371,2012,2012-05-17,Himachal Pradesh Cricket Association Stadium,Dharamsala,Kings XI Punjab,Chennai Super Kings,Kings XI Punjab,field,Kings XI Punjab,,6,,AC Gilchrist,Indian Premier League,66,male,2012/05/17,6,,,22
548372,2012,2012-05-17,Feroz Shah Kotla,Delhi,Delhi Daredevils,Royal Challengers Bangalore,Delhi Daredevils,field,Royal Challengers Bangalore,21,,,CH Gayle,Indian Premier League,67,male,2012/05/17,6,,,22
548373,2012,2012-05-18,"Rajiv Gandhi International Stadium, Uppal",Hyderabad,Deccan Chargers,Rajasthan Royals,Rajasthan Royals,bat,Deccan Chargers,,5,,DW Steyn,Indian Premier League,68,male,2012/05/18,6,,,22
548374,2012,2012-05-19,Himachal Pradesh Cricket Association Stadium,Dharamsala,Kings XI Punjab,Delhi Daredevils,Delhi Daredevils,field,Delhi Daredevils,,6,,UT Yadav,Indian Premier League,69,male,2012/05/19,6,,,22
548375,2012,2012-05-19,Subrata Roy Sahara Stadium,Pune,Pune Warriors,Kolkata Knight Riders,Kolkata Knight Riders,bat,Kolkata Knight Riders,34,,,Shakib Al Hasan,Indian Premier League,70,male,2012/05/19,6,,,22
548376,2012,2012-05-20,"Rajiv Gandhi International Stadium, Uppal",Hyderabad,Deccan Chargers,Royal Challengers Bangalore,Royal Challengers Bangalore,field,Deccan Chargers,9,,,DW Steyn,Indian Premier League,71,male,2012/05/20,6,,,22
548377,2012,2012-05-20,Sawai Mansingh Stadium,Jaipur,Rajasthan Royals,Mumbai Indians,Rajasthan Royals,bat,Mumbai Indians,,10,,DR Smith,Indian Premier League,72,male,2012/05/20,6,,,22
548378,2012,2012-05-22,Subrata Roy Sahara Stadium,Pune,Delhi Daredevils,Kolkata Knight Riders,Kolkata Knight Riders,bat,Kolkata Knight Riders,18,,,YK Pathan,Indian Premier League,,male,2012/05/22,6,,,22
548379,2012,2012-05-23,M Chinnaswamy Stadium,Bangalore,Chennai Super Kings,Mumbai Indians,Mumbai Indians,field,Chennai Super Kings,38,,,MS Dhoni,Indian Premier League,,male,2012/05/23,6,,,22
548380,2012,2012-05-25,"MA Chidambaram Stadium, Chepauk",Chennai,Delhi Daredevils,Chennai Super Kings,Delhi Daredevils,field,Chennai Super Kings,86,,,M Vijay,Indian Premier League,,male,2012/05/25,6,,,22
548381,2012,2012-05-27,"MA Chidambaram Stadium, Chepauk",Chennai,Kolkata Knight Riders,Chennai Super Kings,Chennai Super Kings,bat,Kolkata Knight Riders,,5,,MS Bisla,Indian Premier League,,male,2012/05/27,6,,,22
597998,2013,2013-04-03,Eden Gardens,Kolkata,Kolkata Knight Riders,Delhi Daredevils,Kolkata Knight Riders,field,Kolkata Knight Riders,,6,,SP Narine,Indian Premier League,1,male,2013/04/03,6,,,22
597999,2013,2013-04-04,M Chinnaswamy Stadium,Bangalore,Royal Challengers Bangalore,Mumbai Indians,Mumbai Indians,field,Royal Challengers Bangalore,2,,,CH Gayle,Indian Premier League,2,male,2013/04/04,6,,,22
598000,2013,2013-04-05,"Rajiv Gandhi International Stadium, Uppal",Hyderabad,Sunrisers Hyderabad,Pune Warriors,Pune Warriors,field,Sunrisers Hyderabad,22,,,A Mishra,Indian Premier League,3,male,2013/04/05,6,,,22
598001,2013,2013-04-06,Feroz Shah Kotla,Delhi,Delhi Daredevils,Rajasthan Royals,Rajasthan Royals,bat,Rajasthan Royals,5,,,R Dravid,Indian Premier League,4,male,2013/04/06,6,,,22
598002,2013,2013-04-06,"MA Chidambaram Stadium, Chepauk",Chennai,Chennai Super Kings,Mumbai Indians,Mumbai Indians,bat,Mumbai Indians,9,,,KA Pollard,Indian Premier League,5,male,2013/04/06,6,,,22
598003,2013,2013-04-07,Subrata Roy Sahara Stadium,Pune,Pune Warriors,Kings XI Punjab,Pune Warriors,bat,Kings XI Punjab,,8,,M Vohra,Indian Premier League,6,male,2013/04/07,6,,,22
598004,2013,2013-04-07,"Rajiv Gandhi International Stadium, Uppal",Hyderabad,Sunrisers Hyderabad,Royal Challengers Bangalore,Royal Challengers Bangalore,bat,,,,,GH Vihari,Indian Premier League,7,male,2013/04/07,6,,Sunrisers Hyderabad,22
598005,2013,2013-04-08,Sawai Mansingh Stadium,Jaipur,Rajasthan Royals,Kolkata Knight Riders,Kolkata Knight Riders,field,Rajasthan Royals,19,,,SK Trivedi,Indian Premier League,8,male,2013/04/08,6,,,22
598006,2013,2013-04-09,Wankhede Stadium,Mumbai,Mumbai Indians,Delhi Daredevils,Mumbai Indians,bat,Mumbai Indians,44,,,KD Karthik,Indian Premier League,10,male,2013/04/09,6,,,22
598007,2013,2013-04-10,"Punjab Cricket Association Stadium, Mohali",Chandigarh,Kings XI Punjab,Chennai Super Kings,Chennai Super Kings,field,Chennai Super Kings,,10,,MEK Hussey,Indian Premier League,11,male,2013/04/10,6,,,22
598008,2013,2013-04-11,M Chinnaswamy Stadium,Bangalore,Royal Challengers Bangalore,Kolkata Knight Riders,Royal Challengers Bangalore,field,Royal Challengers Bangalore,,8,,CH Gayle,Indian Premier League,12,male,2013/04/11,6,,,22
598009,2013,2013-04-11,Subrata Roy Sahara Stadium,Pune,Pune Warriors,Rajasthan Royals,Rajasthan Royals,bat,Pune Warriors,,7,,AJ Finch,Indian Premier League,13,male,2013/04/11,6,,,22
598010,2013,2013-04-12,Feroz Shah Kotla,Delhi,Delhi Daredevils,Sunrisers Hyderabad,Delhi Daredevils,bat,Sunrisers Hyderabad,,3,,A Mishra,Indian Premier League,14,male,2013/04/12,6,,,22
598011,2013,2013-04-13,Wankhede Stadium,Mumbai,Mumbai Indians,Pune Warriors,Mumbai Indians,bat,Mumbai Indians,41,,,RG Sharma,Indian Premier League,15,male,2013/04/13,6,,,22
598012,2013,2013-04-13,"MA Chidambaram Stadium, Chepauk",Chennai,Chennai Super Kings,Royal Challengers Bangalore,Chennai Super Kings,field,Chennai Super Kings,,4,,RA Jadeja,Indian Premier League,16,male,2013/04/13,6,,,22
598013,2013,2013-04-14,Eden Gardens,Kolkata,Kolkata Knight Riders,Sunrisers Hyderabad,Kolkata Knight Riders,bat,Kolkata Knight Riders,48,,,G Gambhir,Indian Premier League,17,male,2013/04/14,6,,,22
598014,2013,2013-04-14,Sawai Mansingh Stadium,Jaipur,Rajasthan Royals,Kings XI Punjab,Rajasthan Royals,field,Rajasthan Royals,,6,,JP Faulkner,Indian Premier League,18,male,2013/04/14,6,,,22
598015,2013,2013-04-15,"MA Chidambaram Stadium, Chepauk",Chennai,Chennai Super Kings,Pune Warriors,Pune Warriors,bat,Pune Warriors,24,,,SPD Smith,Indian Premier League,19,male,2013/04/15,6,,,22
598016,2013,2013-04-16,"Punjab Cricket Association Stadium, Mohali",Chandigarh,Kings XI Punjab,Kolkata Knight Riders,Kolkata Knight Riders,field,Kings XI Punjab,4,,,MS Gony,Indian Premier League,20,male,2013/04/16,6,,,22
598017,2013,2013-04-16,M Chinnaswamy Stadium,Bangalore,Royal Challengers Bangalore,Delhi Daredevils,Royal Challengers Bangalore,field,,,,,V Kohli,Indian Premier League,21,male,2013/04/16,6,,Royal Challengers Bangalore,22
598018,2013,2013-04-17,Maharashtra Cricket Association Stadium,Pune,Pune Warriors,Sunrisers Hyderabad,Pune Warriors,field,Sunrisers Hyderabad,11,,,A Mishra,Indian Premier League,22,male,2013/04/17,6,,,22
598019,2013,2013-04-17,Sawai Mansingh Stadium,Jaipur,Rajasthan Royals,Mumbai Indians,Rajasthan Royals,bat,Rajasthan Royals,87,,,AM Rahane,Indian Premier League,23,male,2013/04/17,6,,,22
598020,2013,2013-04-18,Feroz Shah Kotla,Delhi,Delhi Daredevils,Chennai Super Kings,Chennai Super Kings,bat,Chennai Super Kings,86,,,MEK Hussey,Indian Premier League,24,male,2013/04/18,6,,,22
598021,2013,2013-04-19,"Rajiv Gandhi International Stadium, Uppal",Hyderabad,Sunrisers Hyderabad,Kings XI Punjab,Kings XI Punjab,bat,Sunrisers Hyderabad,,5,,GH Vihari,Indian Premier League,25,male,2013/04/19,6,,,22
598022,2013,2013-04-20,Eden Gardens,Kolkata,Kolkata Knight Riders,Chennai Super Kings,Kolkata Knight Riders,bat,Chennai Super Kings,,4,,RA Jadeja,Indian Premier League,26,male,2013/04/20,6,,,22
598023,2013,2013-04-20,M Chinnaswamy Stadium,Bangalore,Royal Challengers Bangalore,Rajasthan Royals,Royal Challengers Bangalore,field,Royal Challengers Bangalore,,7,,R Vinay Kumar,Indian Premier League,27,male,2013/04/20,6,,,22
598024,2013,2013-04-21,Feroz Shah Kotla,Delhi,Delhi Daredevils,Mumbai Indians,Mumbai Indians,bat,Delhi Daredevils,,9,,V Sehwag,Indian Premier League,28,male,2013/04/21,6,,,22
598025,2013,2013-04-21,"Punjab Cricket Association Stadium, Mohali",Chandigarh,Kings XI Punjab,Pune Warriors,Kings XI Punjab,field,Kings XI Punjab,,7,,DA Miller,Indian Premier League,29,male,2013/04/21,6,,,22
598026,2013,2013-04-22,"MA Chidambaram Stadium, Chepauk",Chennai,Chennai Super Kings,Rajasthan Royals,Rajasthan Royals,bat,Chennai Super Kings,,5,,MEK Hussey,Indian Premier League,30,male,2013/04/22,6,,,22
598027,2013,2013-04-23,M Chinnaswamy Stadium,Bangalore,Royal Challengers Bangalore,Pune Warriors,Pune Warriors,field,Royal Challengers Bangalore,130,,,CH Gayle,Indian Premier League,31,male,2013/04/23,6,,,22
598028,2013,2013-05-16,Himachal Pradesh Cricket Association Stadium,Dharamsala,Kings XI Punjab,Delhi Daredevils,Delhi Daredevils,field,Kings XI Punjab,7,,,DA Miller,Indian Premier League,67,male,2013/05/16,6,,,22
598029,2013,2013-04-24,Eden Gardens,Kolkata,Kolkata Knight Riders,Mumbai Indians,Kolkata Knight Riders,bat,Mumbai Indians,,5,,DR Smith,Indian Premier League,33,male,2013/04/24,6,,,22
598030,2013,2013-04-25,"MA Chidambaram Stadium, Chepauk",Chennai,Chennai Super Kings,Sunrisers Hyderabad,Sunrisers Hyderabad,bat,Chennai Super Kings,,5,,MS Dhoni,Indian Premier League,34,male,2013/04/25,6,,,22
598031,2013,2013-04-26,Eden Gardens,Kolkata,Kolkata Knight Riders,Kings XI Punjab,Kings XI Punjab,bat,Kolkata Knight Riders,,6,,JH Kallis,Indian Premier League,35,male,2013/04/26,6,,,22
598032,2013,2013-04-27,Sawai Mansingh Stadium,Jaipur,Rajasthan Royals,Sunrisers Hyderabad,Sunrisers Hyderabad,bat,Rajasthan Royals,,8,,JP Faulkner,Indian Premier League,36,male,2013/04/27,6,,,22
598033,2013,2013-04-27,Wankhede Stadium,Mumbai,Mumbai Indians,Royal Challengers Bangalore,Mumbai Indians,bat,Mumbai Indians,58,,,DR Smith,Indian Premier League,37,male,2013/04/27,6,,,22
598034,2013,2013-04-28,"MA Chidambaram Stadium, Chepauk",Chennai,Chennai Super Kings,Kolkata Knight Riders,Kolkata Knight Riders,field,Chennai Super Kings,14,,,MEK Hussey,Indian Premier League,38,male,2013/04/28,6,,,22
598035,2013,2013-04-28,Shaheed Veer Narayan Singh International Stadium,Raipur,Delhi Daredevils,Pune Warriors,Pune Warriors,field,Delhi Daredevils,15,,,DA Warner,Indian Premier League,39,male,2013/04/28,6,,,22
598036,2013,2013-04-29,Sawai Mansingh Stadium,Jaipur,Rajasthan Royals,Royal Challengers Bangalore,Rajasthan Royals,field,Rajasthan Royals,,4,,SV Samson,Indian Premier League,40,male,2013/04/29,6,,,22
598037,2013,2013-04-29,Wankhede Stadium,Mumbai,Mumbai Indians,Kings XI Punjab,Mumbai Indians,bat,Mumbai Indians,4,,,RG Sharma,Indian Premier League,41,male,2013/04/29,6,,,22
598038,2013,2013-04-30,Subrata Roy Sahara Stadium,Pune,Pune Warriors,Chennai Super Kings,Chennai Super Kings,bat,Chennai Super Kings,37,,,MS Dhoni,Indian Premier League,42,male,2013/04/30,6,,,22
598039,2013,2013-05-01,"Rajiv Gandhi International Stadium, Uppal",Hyderabad,Sunrisers Hyderabad,Mumbai Indians,Mumbai Indians,bat,Sunrisers Hyderabad,,7,,I Sharma,Indian Premier League,43,male,2013/05/01,6,,,22
598040,2013,2013-05-01,Shaheed Veer Narayan Singh International Stadium,Raipur,Delhi Daredevils,Kolkata Knight Riders,Kolkata Knight Riders,bat,Delhi Daredevils,,7,,DA Warner,Indian Premier League,44,male,2013/05/01,6,,,22
598041,2013,2013-05-02,"MA Chidambaram Stadium, Chepauk",Chennai,Chennai Super Kings,Kings XI Punjab,Chennai Super Kings,bat,Chennai Super Kings,15,,,SK Raina,Indian Premier League,45,male,2013/05/02,6,,,22
598042,2013,2013-05-02,Subrata Roy Sahara Stadium,Pune,Pune Warriors,Royal Challengers Bangalore,Royal Challengers Bangalore,bat,Royal Challengers Bangalore,17,,,AB de Villiers,Indian Premier League,46,male,2013/05/02,6,,,22
598043,2013,2013-05-03,Eden Gardens,Kolkata,Kolkata Knight Riders,Rajasthan Royals,Rajasthan Royals,bat,Kolkata Knight Riders,,8,,YK Pathan,Indian Premier League,47,male,2013/05/03,6,,,22
598044,2013,2013-05-04,"Rajiv Gandhi International Stadium, Uppal",Hyderabad,Sunrisers Hyderabad,Delhi Daredevils,Delhi Daredevils,bat,Sunrisers Hyderabad,,6,,DJG Sammy,Indian Premier League,48,male,2013/05/04,6,,,22
598045,2013,2013-05-14,M Chinnaswamy Stadium,Bangalore,Royal Challengers Bangalore,Kings XI Punjab,Kings XI Punjab,field,Kings XI Punjab,,7,,AC Gilchrist,Indian Premier League,63,male,2013/05/14,6,,,22
598046,2013,2013-05-05,Wankhede Stadium,Mumbai,Mumbai Indians,Chennai Super Kings,Mumbai Indians,bat,Mumbai Indians,60,,,MG Johnson,Indian Premier League,49,male,2013/05/05,6,,,22
598047,2013,2013-05-05,Sawai Mansingh Stadium,Jaipur,Rajasthan Royals,Pune Warriors,Pune Warriors,bat,Rajasthan Royals,,5,,AM Rahane,Indian Premier League,50,male,2013/05/05,6,,,22
598048,2013,2013-04-09,M Chinnaswamy Stadium,Bangalore,Royal Challengers Bangalore,Sunrisers Hyderabad,Sunrisers Hyderabad,bat,Royal Challengers Bangalore,,7,,V Kohli,Indian Premier League,9,male,2013/04/09,6,,,22
598049,2013,2013-05-07,Sawai Mansingh Stadium,Jaipur,Rajasthan Royals,Delhi Daredevils,Delhi Daredevils,bat,Rajasthan Royals,,9,,AM Rahane,Indian Premier League,52,male,2013/05/07,6,,,22
598050,2013,2013-05-07,Wankhede Stadium,Mumbai,Mumbai Indians,Kolkata Knight Riders,Mumbai Indians,bat,Mumbai Indians,65,,,SR Tendulkar,Indian Premier League,53,male,2013/05/07,6,,,22
598051,2013,2013-05-08,"Rajiv Gandhi International Stadium, Uppal",Hyderabad,Sunrisers Hyderabad,Chennai Super Kings,Sunrisers Hyderabad,field,Chennai Super Kings,77,,,SK Raina,Indian Premier League,54,male,2013/05/08,6,,,22
598052,2013,2013-05-09,"Punjab Cricket Association Stadium, Mohali",Chandigarh,Kings XI Punjab,Rajasthan Royals,Rajasthan Royals,field,Rajasthan Royals,,8,,KK Cooper,Indian Premier League,55,male,2013/05/09,6,,,22
598053,2013,2013-05-09,Subrata Roy Sahara Stadium,Pune,Pune Warriors,Kolkata Knight Riders,Kolkata Knight Riders,bat,Kolkata Knight Riders,46,,,G Gambhir,Indian Premier League,56,male,2013/05/09,6,,,22
598054,2013,2013-05-10,Feroz Shah Kotla,Delhi,Delhi Daredevils,Royal Challengers Bangalore,Delhi Daredevils,field,Royal Challengers Bangalore,4,,,JD Unadkat,Indian Premier League,57,male,2013/05/10,6,,,22
598055,2013,2013-05-11,Subrata Roy Sahara Stadium,Pune,Pune Warriors,Mumbai Indians,Pune Warriors,bat,Mumbai Indians,,5,,MG Johnson,Indian Premier League,58,male,2013/05/11,6,,,22
598056,2013,2013-05-11,"Punjab Cricket Association Stadium, Mohali",Chandigarh,Kings XI Punjab,Sunrisers Hyderabad,Kings XI Punjab,field,Sunrisers Hyderabad,30,,,PA Patel,Indian Premier League,59,male,2013/05/11,6,,,22
598057,2013,2013-05-12,JSCA International Stadium Complex,Ranchi,Kolkata Knight Riders,Royal Challengers Bangalore,Kolkata Knight Riders,field,Kolkata Knight Riders,,5,,JH Kallis,Indian Premier League,60,male,2013/05/12,6,,,22
598058,2013,2013-05-12,Sawai Mansingh Stadium,Jaipur,Rajasthan Royals,Chennai Super Kings,Rajasthan Royals,field,Rajasthan Royals,,5,,SR Watson,Indian Premier League,61,male,2013/05/12,6,,,22
598059,2013,2013-04-23,Feroz Shah Kotla,Delhi,Delhi Daredevils,Kings XI Punjab,Kings XI Punjab,field,Kings XI Punjab,,5,,Harmeet Singh,Indian Premier League,32,male,2013/04/23,6,,,22
598060,2013,2013-05-13,Wankhede Stadium,Mumbai,Mumbai Indians,Sunrisers Hyderabad,Sunrisers Hyderabad,bat,Mumbai Indians,,7,,KA Pollard,Indian Premier League,62,male,2013/05/13,6,,,22
598061,2013,2013-05-15,JSCA International Stadium Complex,Ranchi,Kolkata Knight Riders,Pune Warriors,Kolkata Knight Riders,field,Pune Warriors,7,,,MK Pandey,Indian Premier League,65,male,2013/05/15,6,,,22
598062,2013,2013-05-14,"MA Chidambaram Stadium, Chepauk",Chennai,Chennai Super Kings,Delhi Daredevils,Chennai Super Kings,bat,Chennai Super Kings,33,,,MS Dhoni,Indian Premier League,64,male,2013/05/14,6,,,22
598063,2013,2013-05-15,Wankhede Stadium,Mumbai,Mumbai Indians,Rajasthan Royals,Rajasthan Royals,field,Mumbai Indians,14,,,AP Tare,Indian Premier League,66,male,2013/05/15,6,,,22
598064,2013,2013-05-06,"Punjab Cricket Association Stadium, Mohali",Chandigarh,Kings XI Punjab,Royal Challengers Bangalore,Kings XI Punjab,field,Kings XI Punjab,,6,,DA Miller,Indian Premier League,51,male,2013/05/06,6,,,22
598065,2013,2013-05-17,"Rajiv Gandhi International Stadium, Uppal",Hyderabad,Sunrisers Hyderabad,Rajasthan Royals,Sunrisers Hyderabad,bat,Sunrisers Hyderabad,23,,,A Mishra,Indian Premier League,68,male,2013/05/17,6,,,22
598066,2013,2013-05-18,Himachal Pradesh Cricket Association Stadium,Dharamsala,Kings XI Punjab,Mumbai Indians,Mumbai Indians,field,Kings XI Punjab,50,,,Azhar Mahmood,Indian Premier League,69,male,2013/05/18,6,,,22
598067,2013,2013-05-19,Subrata Roy Sahara Stadium,Pune,Pune Warriors,Delhi Daredevils,Pune Warriors,bat,Pune Warriors,38,,,LJ Wright,Indian Premier League,71,male,2013/05/19,6,,,22
598068,2013,2013-05-18,M Chinnaswamy Stadium,Bangalore,Royal Challengers Bangalore,Chennai Super Kings,Chennai Super Kings,field,Royal Challengers Bangalore,24,,,V Kohli,Indian Premier League,70,male,2013/05/18,6,,,22
598069,2013,2013-05-19,"Rajiv Gandhi International Stadium, Uppal",Hyderabad,Sunrisers Hyderabad,Kolkata Knight Riders,Kolkata Knight Riders,bat,Sunrisers Hyderabad,,5,,PA Patel,Indian Premier League,72,male,2013/05/19,6,,,22
598070,2013,2013-05-21,Feroz Shah Kotla,Delhi,Chennai Super Kings,Mumbai Indians,Chennai Super Kings,bat,Chennai Super Kings,48,,,MEK Hussey,Indian Premier League,,male,2013/05/21,6,,,22
598071,2013,2013-05-22,Feroz Shah Kotla,Delhi,Rajasthan Royals,Sunrisers Hyderabad,Sunrisers Hyderabad,bat,Rajasthan Royals,,4,,BJ Hodge,Indian Premier League,,male,2013/05/22,6,,,22
598072,2013,2013-05-24,Eden Gardens,Kolkata,Mumbai Indians,Rajasthan Royals,Rajasthan Royals,bat,Mumbai Indians,,4,,Harbhajan Singh,Indian Premier League,,male,2013/05/24,6,,,22
598073,2013,2013-05-26,Eden Gardens,Kolkata,Chennai Super Kings,Mumbai Indians,Mumbai Indians,bat,Mumbai Indians,23,,,KA Pollard,Indian Premier League,,male,2013/05/26,6,,,22
729279,2014,2014-04-16,Sheikh Zayed Stadium,Abu Dhabi,Mumbai Indians,Kolkata Knight Riders,Kolkata Knight Riders,bat,Kolkata Knight Riders,41,,,JH Kallis,Indian Premier League,1,male,2014/04/16,6,,,22
729281,2014,2014-04-17,Sharjah Cricket Stadium,,Delhi Daredevils,Royal Challengers Bangalore,Royal Challengers Bangalore,field,Royal Challengers Bangalore,,8,,YS Chahal,Indian Premier League,2,male,2014/04/17,6,,,22
729283,2014,2014-04-18,Sheikh Zayed Stadium,Abu Dhabi,Chennai Super Kings,Kings XI Punjab,Chennai Super Kings,bat,Kings XI Punjab,,6,,GJ Maxwell,Indian Premier League,3,male,2014/04/18,6,,,22
729285,2014,2014-04-18,Sheikh Zayed Stadium,Abu Dhabi,Sunrisers Hyderabad,Rajasthan Royals,Rajasthan Royals,field,Rajasthan Royals,,4,,AM Rahane,Indian Premier League,4,male,2014/04/18,6,,,22
729287,2014,2014-04-19,Dubai International Cricket Stadium,,Royal Challengers Bangalore,Mumbai Indians,Royal Challengers Bangalore,field,Royal Challengers Bangalore,,7,,PA Patel,Indian Premier League,5,male,2014/04/19,6,,,22
729289,2014,2014-04-19,Dubai International Cricket Stadium,,Kolkata Knight Riders,Delhi Daredevils,Kolkata Knight Riders,bat,Delhi Daredevils,,4,,JP Duminy,Indian Premier League,6,male,2014/04/19,6,,,22
729291,2014,2014-04-20,Sharjah Cricket Stadium,,Rajasthan Royals,Kings XI Punjab,Kings XI Punjab,field,Kings XI Punjab,,7,,GJ Maxwell,Indian Premier League,7,male,2014/04/20,6,,,22
729293,2014,2014-04-21,Sheikh Zayed Stadium,Abu Dhabi,Chennai Super Kings,Delhi Daredevils,Chennai Super Kings,bat,Chennai Super Kings,93,,,SK Raina,Indian Premier League,8,male,2014/04/21,6,,,22
729295,2014,2014-04-22,Sharjah Cricket Stadium,,Kings XI Punjab,Sunrisers Hyderabad,Sunrisers Hyderabad,field,Kings XI Punjab,72,,,GJ Maxwell,Indian Premier League,9,male,2014/04/22,6,,,22
729297,2014,2014-04-23,Dubai International Cricket Stadium,,Rajasthan Royals,Chennai Super Kings,Rajasthan Royals,field,Chennai Super Kings,7,,,RA Jadeja,Indian Premier League,10,male,2014/04/23,6,,,22
729299,2014,2014-04-24,Sharjah Cricket Stadium,,Royal Challengers Bangalore,Kolkata Knight Riders,Royal Challengers Bangalore,field,Kolkata Knight Riders,2,,,CA Lynn,Indian Premier League,11,male,2014/04/24,6,,,22
729301,2014,2014-04-25,Dubai International Cricket Stadium,,Sunrisers Hyderabad,Delhi Daredevils,Sunrisers Hyderabad,bat,Sunrisers Hyderabad,4,,,AJ Finch,Indian Premier League,12,male,2014/04/25,6,,,22
729303,2014,2014-04-25,Dubai International Cricket Stadium,,Chennai Super Kings,Mumbai Indians,Mumbai Indians,bat,Chennai Super Kings,,7,,MM Sharma,Indian Premier League,13,male,2014/04/25,6,,,22
729305,2014,2014-04-26,Sheikh Zayed Stadium,Abu Dhabi,Rajasthan Royals,Royal Challengers Bangalore,Rajasthan Royals,field,Rajasthan Royals,,6,,PV Tambe,Indian Premier League,14,male,2014/04/26,6,,,22
729307,2014,2014-04-26,Sheikh Zayed Stadium,Abu Dhabi,Kolkata Knight Riders,Kings XI Punjab,Kolkata Knight Riders,field,Kings XI Punjab,23,,,Sandeep Sharma,Indian Premier League,15,male,2014/04/26,6,,,22
729309,2014,2014-04-27,Sharjah Cricket Stadium,,Delhi Daredevils,Mumbai Indians,Mumbai Indians,bat,Delhi Daredevils,,6,,M Vijay,Indian Premier League,16,male,2014/04/27,6,,,22
729311,2014,2014-04-27,Sharjah Cricket Stadium,,Sunrisers Hyderabad,Chennai Super Kings,Sunrisers Hyderabad,bat,Chennai Super Kings,,5,,DR Smith,Indian Premier League,17,male,2014/04/27,6,,,22
729313,2014,2014-04-28,Dubai International Cricket Stadium,,Kings XI Punjab,Royal Challengers Bangalore,Kings XI Punjab,field,Kings XI Punjab,,5,,Sandeep Sharma,Indian Premier League,18,male,2014/04/28,6,,,22
729315,2014,2014-04-29,Sheikh Zayed Stadium,Abu Dhabi,Kolkata Knight Riders,Rajasthan Royals,Rajasthan Royals,bat,,,,,JP Faulkner,Indian Premier League,19,male,2014/04/29,6,,Rajasthan Royals,22
729317,2014,2014-04-30,Dubai International Cricket Stadium,,Mumbai Indians,Sunrisers Hyderabad,Mumbai Indians,field,Sunrisers Hyderabad,15,,,B Kumar,Indian Premier League,20,male,2014/04/30,6,,,22
733971,2014,2014-05-02,JSCA International Stadium Complex,Ranchi,Chennai Super Kings,Kolkata Knight Riders,Chennai Super Kings,bat,Chennai Super Kings,34,,,RA Jadeja,Indian Premier League,21,male,2014/05/02,6,,,22
733973,2014,2014-05-03,Wankhede Stadium,Mumbai,Mumbai Indians,Kings XI Punjab,Kings XI Punjab,bat,Mumbai Indians,,5,,CJ Anderson,Indian Premier League,22,male,2014/05/03,6,,,22
733975,2014,2014-05-03,Feroz Shah Kotla,Delhi,Delhi Daredevils,Rajasthan Royals,Rajasthan Royals,field,Rajasthan Royals,,7,,KK Nair,Indian Premier League,23,male,2014/05/03,6,,,22
733977,2014,2014-05-04,M Chinnaswamy Stadium,Bangalore,Royal Challengers Bangalore,Sunrisers Hyderabad,Royal Challengers Bangalore,field,Royal Challengers Bangalore,,4,,AB de Villiers,Indian Premier League,24,male,2014/05/04,6,,,22
733979,2014,2014-05-05,"Sardar Patel Stadium, Motera",Ahmedabad,Rajasthan Royals,Kolkata Knight Riders,Kolkata Knight Riders,field,Rajasthan Royals,10,,,PV Tambe,Indian Premier League,25,male,2014/05/05,6,,,22
733981,2014,2014-05-05,Feroz Shah Kotla,Delhi,Delhi Daredevils,Chennai Super Kings,Chennai Super Kings,field,Chennai Super Kings,,8,,DR Smith,Indian Premier League,26,male,2014/05/05,6,,,22
733983,2014,2014-05-06,Wankhede Stadium,Mumbai,Mumbai Indians,Royal Challengers Bangalore,Royal Challengers Bangalore,field,Mumbai Indians,19,,,RG Sharma,Indian Premier League,27,male,2014/05/06,6,,,22
733985,2014,2014-05-07,Feroz Shah Kotla,Delhi,Delhi Daredevils,Kolkata Knight Riders,Delhi Daredevils,bat,Kolkata Knight Riders,,8,,G Gambhir,Indian Premier League,28,male,2014/05/07,6,,,22
733987,2014,2014-05-07,Barabati Stadium,Cuttack,Kings XI Punjab,Chennai Super Kings,Chennai Super Kings,field,Kings XI Punjab,44,,,GJ Maxwell,Indian Premier League,29,male,2014/05/07,6,,,22
733989,2014,2014-05-08,"Sardar Patel Stadium, Motera",Ahmedabad,Rajasthan Royals,Sunrisers Hyderabad,Rajasthan Royals,field,Sunrisers Hyderabad,32,,,B Kumar,Indian Premier League,30,male,2014/05/08,6,,,22
733991,2014,2014-05-09,M Chinnaswamy Stadium,Bangalore,Royal Challengers Bangalore,Kings XI Punjab,Royal Challengers Bangalore,field,Kings XI Punjab,32,,,Sandeep Sharma,Indian Premier League,31,male,2014/05/09,6,,,22
733993,2014,2014-05-10,Feroz Shah Kotla,Delhi,Delhi Daredevils,Sunrisers Hyderabad,Sunrisers Hyderabad,field,Sunrisers Hyderabad,,8,,DW Steyn,Indian Premier League,32,male,2014/05/10,6,D/L,,22
733995,2014,2014-05-10,Wankhede Stadium,Mumbai,Mumbai Indians,Chennai Super Kings,Chennai Super Kings,field,Chennai Super Kings,,4,,DR Smith,Indian Premier League,33,male,2014/05/10,6,,,22
733997,2014,2014-05-11,Barabati Stadium,Cuttack,Kings XI Punjab,Kolkata Knight Riders,Kolkata Knight Riders,field,Kolkata Knight Riders,,9,,G Gambhir,Indian Premier League,34,male,2014/05/11,6,,,22
733999,2014,2014-05-11,M Chinnaswamy Stadium,Bangalore,Royal Challengers Bangalore,Rajasthan Royals,Royal Challengers Bangalore,bat,Rajasthan Royals,,5,,JP Faulkner,Indian Premier League,35,male,2014/05/11,6,,,22
734001,2014,2014-05-12,"Rajiv Gandhi International Stadium, Uppal",Hyderabad,Sunrisers Hyderabad,Mumbai Indians,Sunrisers Hyderabad,bat,Mumbai Indians,,7,,AT Rayudu,Indian Premier League,36,male,2014/05/12,6,,,22
734003,2014,2014-05-13,JSCA International Stadium Complex,Ranchi,Chennai Super Kings,Rajasthan Royals,Rajasthan Royals,bat,Chennai Super Kings,,5,,RA Jadeja,Indian Premier League,37,male,2014/05/13,6,,,22
734005,2014,2014-05-13,M Chinnaswamy Stadium,Bangalore,Royal Challengers Bangalore,Delhi Daredevils,Delhi Daredevils,field,Royal Challengers Bangalore,16,,,Yuvraj Singh,Indian Premier League,38,male,2014/05/13,6,,,22
734007,2014,2014-05-14,"Rajiv Gandhi International Stadium, Uppal",Hyderabad,Sunrisers Hyderabad,Kings XI Punjab,Kings XI Punjab,field,Kings XI Punjab,,6,,WP Saha,Indian Premier League,39,male,2014/05/14,6,,,22
734009,2014,2014-05-14,Barabati Stadium,Cuttack,Kolkata Knight Riders,Mumbai Indians,Kolkata Knight Riders,field,Kolkata Knight Riders,,6,,RV Uthappa,Indian Premier League,40,male,2014/05/14,6,,,22
734011,2014,2014-05-15,"Sardar Patel Stadium, Motera",Ahmedabad,Rajasthan Royals,Delhi Daredevils,Delhi Daredevils,field,Rajasthan Royals,62,,,AM Rahane,Indian Premier League,41,male,2014/05/15,6,,,22
734013,2014,2014-05-18,JSCA International Stadium Complex,Ranchi,Chennai Super Kings,Royal Challengers Bangalore,Chennai Super Kings,bat,Royal Challengers Bangalore,,5,,AB de Villiers,Indian Premier League,42,male,2014/05/18,6,,,22
734015,2014,2014-05-18,"Rajiv Gandhi International Stadium, Uppal",Hyderabad,Sunrisers Hyderabad,Kolkata Knight Riders,Sunrisers Hyderabad,bat,Kolkata Knight Riders,,7,,UT Yadav,Indian Premier League,43,male,2014/05/18,6,,,22
734017,2014,2014-05-19,"Sardar Patel Stadium, Motera",Ahmedabad,Rajasthan Royals,Mumbai Indians,Mumbai Indians,bat,Mumbai Indians,25,,,MEK Hussey,Indian Premier League,44,male,2014/05/19,6,,,22
734019,2014,2014-05-19,Feroz Shah Kotla,Delhi,Delhi Daredevils,Kings XI Punjab,Kings XI Punjab,field,Kings XI Punjab,,4,,AR Patel,Indian Premier League,45,male,2014/05/19,6,,,22
734021,2014,2014-05-20,"Rajiv Gandhi International Stadium, Uppal",Hyderabad,Sunrisers Hyderabad,Royal Challengers Bangalore,Royal Challengers Bangalore,bat,Sunrisers Hyderabad,,7,,DA Warner,Indian Premier League,46,male,2014/05/20,6,,,22
734023,2014,2014-05-20,Eden Gardens,Kolkata,Kolkata Knight Riders,Chennai Super Kings,Kolkata Knight Riders,field,Kolkata Knight Riders,,8,,RV Uthappa,Indian Premier League,47,male,2014/05/20,6,,,22
734025,2014,2014-05-21,"Punjab Cricket Association Stadium, Mohali",Chandigarh,Kings XI Punjab,Mumbai Indians,Mumbai Indians,field,Mumbai Indians,,7,,LMP Simmons,Indian Premier League,48,male,2014/05/21,6,,,22
734027,2014,2014-05-22,Eden Gardens,Kolkata,Kolkata Knight Riders,Royal Challengers Bangalore,Royal Challengers Bangalore,field,Kolkata Knight Riders,30,,,RV Uthappa,Indian Premier League,49,male,2014/05/22,6,,,22
734029,2014,2014-05-22,JSCA International Stadium Complex,Ranchi,Chennai Super Kings,Sunrisers Hyderabad,Sunrisers Hyderabad,field,Sunrisers Hyderabad,,6,,DA Warner,Indian Premier League,50,male,2014/05/22,6,,,22
734031,2014,2014-05-23,Wankhede Stadium,Mumbai,Mumbai Indians,Delhi Daredevils,Delhi Daredevils,field,Mumbai Indians,15,,,MEK Hussey,Indian Premier League,51,male,2014/05/23,6,,,22
734033,2014,2014-05-23,"Punjab Cricket Association Stadium, Mohali",Chandigarh,Kings XI Punjab,Rajasthan Royals,Rajasthan Royals,field,Kings XI Punjab,16,,,SE Marsh,Indian Premier League,52,male,2014/05/23,6,,,22
734035,2014,2014-05-24,M Chinnaswamy Stadium,Bangalore,Royal Challengers Bangalore,Chennai Super Kings,Chennai Super Kings,field,Chennai Super Kings,,8,,MS Dhoni,Indian Premier League,53,male,2014/05/24,6,,,22
734037,2014,2014-05-24,Eden Gardens,Kolkata,Kolkata Knight Riders,Sunrisers Hyderabad,Kolkata Knight Riders,field,Kolkata Knight Riders,,4,,YK Pathan,Indian Premier League,54,male,2014/05/24,6,,,22
734039,2014,2014-05-25,"Punjab Cricket Association Stadium, Mohali",Chandigarh,Kings XI Punjab,Delhi Daredevils,Kings XI Punjab,field,Kings XI Punjab,,7,,M Vohra,Indian Premier League,55,male,2014/05/25,6,,,22
734041,2014,2014-05-25,Wankhede Stadium,Mumbai,Mumbai Indians,Rajasthan Royals,Mumbai Indians,field,Mumbai Indians,,5,,CJ Anderson,Indian Premier League,56,male,2014/05/25,6,,,22
734043,2014,2014-05-27,Eden Gardens,Kolkata,Kings XI Punjab,Kolkata Knight Riders,Kings XI Punjab,field,Kolkata Knight Riders,28,,,UT Yadav,Indian Premier League,,male,2014/05/27|2014/05/28,6,,,22
734045,2014,2014-05-28,Brabourne Stadium,Mumbai,Chennai Super Kings,Mumbai Indians,Chennai Super Kings,field,Chennai Super Kings,,7,,SK Raina,Indian Premier League,,male,2014/05/28,6,,,22
734047,2014,2014-05-30,Wankhede Stadium,Mumbai,Chennai Super Kings,Kings XI Punjab,Chennai Super Kings,field,Kings XI Punjab,24,,,V Sehwag,Indian Premier League,,male,2014/05/30,6,,,22
734049,2014,2014-06-01,M Chinnaswamy Stadium,Bangalore,Kolkata Knight Riders,Kings XI Punjab,Kolkata Knight Riders,field,Kolkata Knight Riders,,3,,MK Pandey,Indian Premier League,,male,2014/06/01,6,,,22
829705,2015,2015-04-08,Eden Gardens,Kolkata,Kolkata Knight Riders,Mumbai Indians,Kolkata Knight Riders,field,Kolkata Knight Riders,,7,,M Morkel,Indian Premier League,1,male,2015/04/08,6,,,22
829707,2015,2015-04-09,"MA Chidambaram Stadium, Chepauk",Chennai,Chennai Super Kings,Delhi Daredevils,Delhi Daredevils,field,Chennai Super Kings,1,,,A Nehra,Indian Premier League,2,male,2015/04/09,6,,,22
829709,2015,2015-04-10,Maharashtra Cricket Association Stadium,Pune,Kings XI Punjab,Rajasthan Royals,Kings XI Punjab,field,Rajasthan Royals,26,,,JP Faulkner,Indian Premier League,3,male,2015/04/10,6,,,22
829711,2015,2015-04-11,"MA Chidambaram Stadium, Chepauk",Chennai,Chennai Super Kings,Sunrisers Hyderabad,Chennai Super Kings,bat,Chennai Super Kings,45,,,BB McCullum,Indian Premier League,4,male,2015/04/11,6,,,22
829713,2015,2015-04-11,Eden Gardens,Kolkata,Kolkata Knight Riders,Royal Challengers Bangalore,Royal Challengers Bangalore,field,Royal Challengers Bangalore,,3,,CH Gayle,Indian Premier League,5,male,2015/04/11,6,,,22
829715,2015,2015-04-12,Feroz Shah Kotla,Delhi,Delhi Daredevils,Rajasthan Royals,Rajasthan Royals,field,Rajasthan Royals,,3,,DJ Hooda,Indian Premier League,6,male,2015/04/12,6,,,22
829717,2015,2015-04-12,Wankhede Stadium,Mumbai,Mumbai Indians,Kings XI Punjab,Mumbai Indians,field,Kings XI Punjab,18,,,GJ Bailey,Indian Premier League,7,male,2015/04/12,6,,,22
829719,2015,2015-04-13,M Chinnaswamy Stadium,Bangalore,Royal Challengers Bangalore,Sunrisers Hyderabad,Sunrisers Hyderabad,field,Sunrisers Hyderabad,,8,,DA Warner,Indian Premier League,8,male,2015/04/13,6,,,22
829721,2015,2015-04-14,"Sardar Patel Stadium, Motera",Ahmedabad,Rajasthan Royals,Mumbai Indians,Mumbai Indians,bat,Rajasthan Royals,,7,,SPD Smith,Indian Premier League,9,male,2015/04/14,6,,,22
829723,2015,2015-04-30,Eden Gardens,Kolkata,Kolkata Knight Riders,Chennai Super Kings,Kolkata Knight Riders,field,Kolkata Knight Riders,,7,,AD Russell,Indian Premier League,30,male,2015/04/30,6,,,22
829725,2015,2015-04-15,Maharashtra Cricket Association Stadium,Pune,Kings XI Punjab,Delhi Daredevils,Kings XI Punjab,bat,Delhi Daredevils,,5,,MA Agarwal,Indian Premier League,10,male,2015/04/15,6,,,22
829727,2015,2015-04-16,Dr. Y.S. Rajasekhara Reddy ACA-VDCA Cricket Stadium,Visakhapatnam,Sunrisers Hyderabad,Rajasthan Royals,Rajasthan Royals,field,Rajasthan Royals,,6,,AM Rahane,Indian Premier League,11,male,2015/04/16,6,,,22
829729,2015,2015-04-17,Wankhede Stadium,Mumbai,Mumbai Indians,Chennai Super Kings,Mumbai Indians,bat,Chennai Super Kings,,6,,A Nehra,Indian Premier League,12,male,2015/04/17,6,,,22
829731,2015,2015-04-18,Dr. Y.S. Rajasekhara Reddy ACA-VDCA Cricket Stadium,Visakhapatnam,Sunrisers Hyderabad,Delhi Daredevils,Delhi Daredevils,bat,Delhi Daredevils,4,,,JP Duminy,Indian Premier League,13,male,2015/04/18,6,,,22
829733,2015,2015-04-18,Maharashtra Cricket Association Stadium,Pune,Kings XI Punjab,Kolkata Knight Riders,Kolkata Knight Riders,field,Kolkata Knight Riders,,4,,AD Russell,Indian Premier League,14,male,2015/04/18,6,,,22
829735,2015,2015-04-19,"Sardar Patel Stadium, Motera",Ahmedabad,Rajasthan Royals,Chennai Super Kings,Chennai Super Kings,bat,Rajasthan Royals,,8,,AM Rahane,Indian Premier League,15,male,2015/04/19,6,,,22
829737,2015,2015-04-19,M Chinnaswamy Stadium,Bangalore,Royal Challengers Bangalore,Mumbai Indians,Royal Challengers Bangalore,field,Mumbai Indians,18,,,Harbhajan Singh,Indian Premier League,16,male,2015/04/19,6,,,22
829739,2015,2015-04-20,Feroz Shah Kotla,Delhi,Delhi Daredevils,Kolkata Knight Riders,Kolkata Knight Riders,field,Kolkata Knight Riders,,6,,UT Yadav,Indian Premier League,17,male,2015/04/20,6,,,22
829741,2015,2015-04-21,"Sardar Patel Stadium, Motera",Ahmedabad,Rajasthan Royals,Kings XI Punjab,Kings XI Punjab,field,,,,,SE Marsh,Indian Premier League,18,male,2015/04/21,6,,Kings XI Punjab,22
829743,2015,2015-04-22,Dr. Y.S. Rajasekhara Reddy ACA-VDCA Cricket Stadium,Visakhapatnam,Sunrisers Hyderabad,Kolkata Knight Riders,Kolkata Knight Riders,field,Sunrisers Hyderabad,16,,,DA Warner,Indian Premier League,19,male,2015/04/22,6,D/L,,22
829745,2015,2015-04-22,M Chinnaswamy Stadium,Bangalore,Royal Challengers Bangalore,Chennai Super Kings,Royal Challengers Bangalore,field,Chennai Super Kings,27,,,SK Raina,Indian Premier League,20,male,2015/04/22,6,,,22
829747,2015,2015-04-23,Feroz Shah Kotla,Delhi,Delhi Daredevils,Mumbai Indians,Mumbai Indians,field,Delhi Daredevils,37,,,SS Iyer,Indian Premier League,21,male,2015/04/23,6,,,22
829749,2015,2015-04-24,"Sardar Patel Stadium, Motera",Ahmedabad,Rajasthan Royals,Royal Challengers Bangalore,Royal Challengers Bangalore,field,Royal Challengers Bangalore,,9,,MA Starc,Indian Premier League,22,male,2015/04/24,6,,,22
829751,2015,2015-04-25,Wankhede Stadium,Mumbai,Mumbai Indians,Sunrisers Hyderabad,Mumbai Indians,bat,Mumbai Indians,20,,,SL Malinga,Indian Premier League,23,male,2015/04/25,6,,,22
829753,2015,2015-04-25,"MA Chidambaram Stadium, Chepauk",Chennai,Chennai Super Kings,Kings XI Punjab,Chennai Super Kings,bat,Chennai Super Kings,97,,,BB McCullum,Indian Premier League,24,male,2015/04/25,6,,,22
829757,2015,2015-04-26,Feroz Shah Kotla,Delhi,Delhi Daredevils,Royal Challengers Bangalore,Royal Challengers Bangalore,field,Royal Challengers Bangalore,,10,,VR Aaron,Indian Premier League,26,male,2015/04/26,6,,,22
829759,2015,2015-04-27,"Punjab Cricket Association Stadium, Mohali",Chandigarh,Kings XI Punjab,Sunrisers Hyderabad,Kings XI Punjab,field,Sunrisers Hyderabad,20,,,TA Boult,Indian Premier League,27,male,2015/04/27,6,,,22
829761,2015,2015-05-07,Eden Gardens,Kolkata,Kolkata Knight Riders,Delhi Daredevils,Kolkata Knight Riders,bat,Kolkata Knight Riders,13,,,PP Chawla,Indian Premier League,42,male,2015/05/07,6,,,22
829763,2015,2015-04-29,M Chinnaswamy Stadium,Bangalore,Royal Challengers Bangalore,Rajasthan Royals,Rajasthan Royals,field,,,,,,Indian Premier League,29,male,2015/04/29,6,,,22
829765,2015,2015-04-28,"MA Chidambaram Stadium, Chepauk",Chennai,Chennai Super Kings,Kolkata Knight Riders,Kolkata Knight Riders,field,Chennai Super Kings,2,,,DJ Bravo,Indian Premier League,28,male,2015/04/28,6,,,22
829767,2015,2015-05-01,Feroz Shah Kotla,Delhi,Delhi Daredevils,Kings XI Punjab,Delhi Daredevils,field,Delhi Daredevils,,9,,NM Coulter-Nile,Indian Premier League,31,male,2015/05/01,6,,,22
829769,2015,2015-05-01,Wankhede Stadium,Mumbai,Mumbai Indians,Rajasthan Royals,Rajasthan Royals,field,Mumbai Indians,8,,,AT Rayudu,Indian Premier League,32,male,2015/05/01,6,,,22
829771,2015,2015-05-02,M Chinnaswamy Stadium,Bangalore,Royal Challengers Bangalore,Kolkata Knight Riders,Royal Challengers Bangalore,field,Royal Challengers Bangalore,,7,,Mandeep Singh,Indian Premier League,33,male,2015/05/02,6,,,22
829773,2015,2015-05-02,"Rajiv Gandhi International Stadium, Uppal",Hyderabad,Sunrisers Hyderabad,Chennai Super Kings,Chennai Super Kings,field,Sunrisers Hyderabad,22,,,DA Warner,Indian Premier League,34,male,2015/05/02,6,,,22
829775,2015,2015-05-03,"Punjab Cricket Association Stadium, Mohali",Chandigarh,Kings XI Punjab,Mumbai Indians,Mumbai Indians,bat,Mumbai Indians,23,,,LMP Simmons,Indian Premier League,35,male,2015/05/03,6,,,22
829777,2015,2015-05-03,Brabourne Stadium,Mumbai,Rajasthan Royals,Delhi Daredevils,Delhi Daredevils,field,Rajasthan Royals,14,,,AM Rahane,Indian Premier League,36,male,2015/05/03,6,,,22
829779,2015,2015-05-04,"MA Chidambaram Stadium, Chepauk",Chennai,Chennai Super Kings,Royal Challengers Bangalore,Chennai Super Kings,bat,Chennai Super Kings,24,,,SK Raina,Indian Premier League,37,male,2015/05/04,6,,,22
829781,2015,2015-05-04,Eden Gardens,Kolkata,Kolkata Knight Riders,Sunrisers Hyderabad,Sunrisers Hyderabad,field,Kolkata Knight Riders,35,,,UT Yadav,Indian Premier League,38,male,2015/05/04,6,,,22
829783,2015,2015-05-05,Wankhede Stadium,Mumbai,Mumbai Indians,Delhi Daredevils,Delhi Daredevils,bat,Mumbai Indians,,5,,Harbhajan Singh,Indian Premier League,39,male,2015/05/05,6,,,22
829785,2015,2015-05-06,M Chinnaswamy Stadium,Bangalore,Royal Challengers Bangalore,Kings XI Punjab,Kings XI Punjab,field,Royal Challengers Bangalore,138,,,CH Gayle,Indian Premier League,40,male,2015/05/06,6,,,22
829787,2015,2015-05-07,Brabourne Stadium,Mumbai,Rajasthan Royals,Sunrisers Hyderabad,Rajasthan Royals,field,Sunrisers Hyderabad,7,,,EJG Morgan,Indian Premier League,41,male,2015/05/07,6,,,22
829789,2015,2015-05-08,"MA Chidambaram Stadium, Chepauk",Chennai,Chennai Super Kings,Mumbai Indians,Chennai Super Kings,bat,Mumbai Indians,,6,,HH Pandya,Indian Premier League,43,male,2015/05/08,6,,,22
829791,2015,2015-05-09,Eden Gardens,Kolkata,Kolkata Knight Riders,Kings XI Punjab,Kings XI Punjab,bat,Kolkata Knight Riders,,1,,AD Russell,Indian Premier League,44,male,2015/05/09,6,,,22
829793,2015,2015-05-09,Shaheed Veer Narayan Singh International Stadium,Raipur,Delhi Daredevils,Sunrisers Hyderabad,Sunrisers Hyderabad,bat,Sunrisers Hyderabad,6,,,MC Henriques,Indian Premier League,45,male,2015/05/09,6,,,22
829795,2015,2015-05-10,Wankhede Stadium,Mumbai,Mumbai Indians,Royal Challengers Bangalore,Royal Challengers Bangalore,bat,Royal Challengers Bangalore,39,,,AB de Villiers,Indian Premier League,46,male,2015/05/10,6,,,22
829797,2015,2015-05-10,"MA Chidambaram Stadium, Chepauk",Chennai,Chennai Super Kings,Rajasthan Royals,Chennai Super Kings,bat,Chennai Super Kings,12,,,RA Jadeja,Indian Premier League,47,male,2015/05/10,6,,,22
829799,2015,2015-05-11,"Rajiv Gandhi International Stadium, Uppal",Hyderabad,Sunrisers Hyderabad,Kings XI Punjab,Sunrisers Hyderabad,bat,Sunrisers Hyderabad,5,,,DA Warner,Indian Premier League,48,male,2015/05/11,6,,,22
829801,2015,2015-05-12,Shaheed Veer Narayan Singh International Stadium,Raipur,Delhi Daredevils,Chennai Super Kings,Chennai Super Kings,bat,Delhi Daredevils,,6,,Z Khan,Indian Premier League,49,male,2015/05/12,6,,,22
829803,2015,2015-05-13,"Punjab Cricket Association Stadium, Mohali",Chandigarh,Kings XI Punjab,Royal Challengers Bangalore,Royal Challengers Bangalore,field,Kings XI Punjab,22,,,AR Patel,Indian Premier League,50,male,2015/05/13,6,,,22
829805,2015,2015-05-14,Wankhede Stadium,Mumbai,Mumbai Indians,Kolkata Knight Riders,Kolkata Knight Riders,field,Mumbai Indians,5,,,HH Pandya,Indian Premier League,51,male,2015/05/14,6,,,22
829807,2015,2015-05-15,"Rajiv Gandhi International Stadium, Uppal",Hyderabad,Sunrisers Hyderabad,Royal Challengers Bangalore,Sunrisers Hyderabad,bat,Royal Challengers Bangalore,,6,,V Kohli,Indian Premier League,52,male,2015/05/15,6,D/L,,22
829809,2015,2015-05-16,"Punjab Cricket Association Stadium, Mohali",Chandigarh,Kings XI Punjab,Chennai Super Kings,Kings XI Punjab,bat,Chennai Super Kings,,7,,P Negi,Indian Premier League,53,male,2015/05/16,6,,,22
829811,2015,2015-05-16,Brabourne Stadium,Mumbai,Rajasthan Royals,Kolkata Knight Riders,Rajasthan Royals,bat,Rajasthan Royals,9,,,SR Watson,Indian Premier League,54,male,2015/05/16,6,,,22
829813,2015,2015-05-17,M Chinnaswamy Stadium,Bangalore,Royal Challengers Bangalore,Delhi Daredevils,Royal Challengers Bangalore,field,,,,,,Indian Premier League,55,male,2015/05/17,6,,,22
829815,2015,2015-05-17,"Rajiv Gandhi International Stadium, Uppal",Hyderabad,Sunrisers Hyderabad,Mumbai Indians,Sunrisers Hyderabad,bat,Mumbai Indians,,9,,MJ McClenaghan,Indian Premier League,56,male,2015/05/17,6,,,22
829817,2015,2015-05-19,Wankhede Stadium,Mumbai,Chennai Super Kings,Mumbai Indians,Mumbai Indians,bat,Mumbai Indians,25,,,KA Pollard,Indian Premier League,,male,2015/05/19,6,,,22
829819,2015,2015-05-20,Maharashtra Cricket Association Stadium,Pune,Royal Challengers Bangalore,Rajasthan Royals,Royal Challengers Bangalore,bat,Royal Challengers Bangalore,71,,,AB de Villiers,Indian Premier League,,male,2015/05/20,6,,,22
829821,2015,2015-05-22,JSCA International Stadium Complex,Ranchi,Chennai Super Kings,Royal Challengers Bangalore,Chennai Super Kings,field,Chennai Super Kings,,3,,A Nehra,Indian Premier League,,male,2015/05/22,6,,,22
829823,2015,2015-05-24,Eden Gardens,Kolkata,Mumbai Indians,Chennai Super Kings,Chennai Super Kings,field,Mumbai Indians,41,,,RG Sharma,Indian Premier League,,male,2015/05/24,6,,,22
980901,2016,2016-04-09,Wankhede Stadium,Mumbai,Mumbai Indians,Rising Pune Supergiants,Mumbai Indians,bat,Rising Pune Supergiants,,9,,AM Rahane,Indian Premier League,1,male,2016/04/09,6,,,22
980903,2016,2016-04-10,Eden Gardens,Kolkata,Kolkata Knight Riders,Delhi Daredevils,Kolkata Knight Riders,field,Kolkata Knight Riders,,9,,AD Russell,Indian Premier League,2,male,2016/04/10,6,,,22
980905,2016,2016-04-11,"Punjab Cricket Association IS Bindra Stadium, Mohali",Chandigarh,Kings XI Punjab,Gujarat Lions,Gujarat Lions,field,Gujarat Lions,,5,,AJ Finch,Indian Premier League,3,male,2016/04/11,6,,,22
980907,2016,2016-04-12,M Chinnaswamy Stadium,Bangalore,Royal Challengers Bangalore,Sunrisers Hyderabad,Sunrisers Hyderabad,field,Royal Challengers Bangalore,45,,,AB de Villiers,Indian Premier League,4,male,2016/04/12,6,,,22
980909,2016,2016-04-13,Eden Gardens,Kolkata,Kolkata Knight Riders,Mumbai Indians,Mumbai Indians,field,Mumbai Indians,,6,,RG Sharma,Indian Premier League,5,male,2016/04/13,6,,,22
980911,2016,2016-04-14,Saurashtra Cricket Association Stadium,Rajkot,Gujarat Lions,Rising Pune Supergiants,Rising Pune Supergiants,bat,Gujarat Lions,,7,,AJ Finch,Indian Premier League,6,male,2016/04/14,6,,,22
980913,2016,2016-04-15,Feroz Shah Kotla,Delhi,Delhi Daredevils,Kings XI Punjab,Delhi Daredevils,field,Delhi Daredevils,,8,,A Mishra,Indian Premier League,7,male,2016/04/15,6,,,22
980915,2016,2016-04-16,"Rajiv Gandhi International Stadium, Uppal",Hyderabad,Sunrisers Hyderabad,Kolkata Knight Riders,Sunrisers Hyderabad,bat,Kolkata Knight Riders,,8,,G Gambhir,Indian Premier League,8,male,2016/04/16,6,,,22
980917,2016,2016-04-16,Wankhede Stadium,Mumbai,Mumbai Indians,Gujarat Lions,Gujarat Lions,field,Gujarat Lions,,3,,AJ Finch,Indian Premier League,9,male,2016/04/16,6,,,22
980919,2016,2016-04-17,"Punjab Cricket Association IS Bindra Stadium, Mohali",Chandigarh,Kings XI Punjab,Rising Pune Supergiants,Rising Pune Supergiants,bat,Kings XI Punjab,,6,,M Vohra,Indian Premier League,10,male,2016/04/17,6,,,22
980921,2016,2016-04-17,M Chinnaswamy Stadium,Bangalore,Royal Challengers Bangalore,Delhi Daredevils,Delhi Daredevils,field,Delhi Daredevils,,7,,Q de Kock,Indian Premier League,11,male,2016/04/17,6,,,22
980923,2016,2016-04-18,"Rajiv Gandhi International Stadium, Uppal",Hyderabad,Sunrisers Hyderabad,Mumbai Indians,Sunrisers Hyderabad,field,Sunrisers Hyderabad,,7,,DA Warner,Indian Premier League,12,male,2016/04/18,6,,,22
980925,2016,2016-04-19,"Punjab Cricket Association IS Bindra Stadium, Mohali",Chandigarh,Kings XI Punjab,Kolkata Knight Riders,Kolkata Knight Riders,field,Kolkata Knight Riders,,6,,RV Uthappa,Indian Premier League,13,male,2016/04/19,6,,,22
980927,2016,2016-04-20,Wankhede Stadium,Mumbai,Mumbai Indians,Royal Challengers Bangalore,Mumbai Indians,field,Mumbai Indians,,6,,RG Sharma,Indian Premier League,14,male,2016/04/20,6,,,22
980929,2016,2016-04-21,Saurashtra Cricket Association Stadium,Rajkot,Gujarat Lions,Sunrisers Hyderabad,Sunrisers Hyderabad,field,Sunrisers Hyderabad,,10,,B Kumar,Indian Premier League,15,male,2016/04/21,6,,,22
980931,2016,2016-04-22,Maharashtra Cricket Association Stadium,Pune,Rising Pune Supergiants,Royal Challengers Bangalore,Rising Pune Supergiants,field,Royal Challengers Bangalore,13,,,AB de Villiers,Indian Premier League,16,male,2016/04/22,6,,,22
980933,2016,2016-04-23,Feroz Shah Kotla,Delhi,Delhi Daredevils,Mumbai Indians,Mumbai Indians,field,Delhi Daredevils,10,,,SV Samson,Indian Premier League,17,male,2016/04/23,6,,,22
980935,2016,2016-04-23,"Rajiv Gandhi International Stadium, Uppal",Hyderabad,Sunrisers Hyderabad,Kings XI Punjab,Sunrisers Hyderabad,field,Sunrisers Hyderabad,,5,,Mustafizur Rahman,Indian Premier League,18,male,2016/04/23,6,,,22
980937,2016,2016-04-24,Saurashtra Cricket Association Stadium,Rajkot,Gujarat Lions,Royal Challengers Bangalore,Royal Challengers Bangalore,bat,Gujarat Lions,,6,,V Kohli,Indian Premier League,19,male,2016/04/24,6,,,22
980939,2016,2016-04-24,Maharashtra Cricket Association Stadium,Pune,Rising Pune Supergiants,Kolkata Knight Riders,Kolkata Knight Riders,field,Kolkata Knight Riders,,2,,SA Yadav,Indian Premier League,20,male,2016/04/24,6,,,22
980941,2016,2016-04-25,"Punjab Cricket Association IS Bindra Stadium, Mohali",Chandigarh,Kings XI Punjab,Mumbai Indians,Kings XI Punjab,field,Mumbai Indians,25,,,PA Patel,Indian Premier League,21,male,2016/04/25,6,,,22
980943,2016,2016-04-26,"Rajiv Gandhi International Stadium, Uppal",Hyderabad,Sunrisers Hyderabad,Rising Pune Supergiants,Rising Pune Supergiants,field,Rising Pune Supergiants,34,,,AB Dinda,Indian Premier League,22,male,2016/04/26,6,D/L,,22
980945,2016,2016-04-27,Feroz Shah Kotla,Delhi,Delhi Daredevils,Gujarat Lions,Delhi Daredevils,field,Gujarat Lions,1,,,CH Morris,Indian Premier League,23,male,2016/04/27,6,,,22
980947,2016,2016-04-28,Wankhede Stadium,Mumbai,Mumbai Indians,Kolkata Knight Riders,Mumbai Indians,field,Mumbai Indians,,6,,RG Sharma,Indian Premier League,24,male,2016/04/28,6,,,22
980949,2016,2016-04-29,Maharashtra Cricket Association Stadium,Pune,Rising Pune Supergiants,Gujarat Lions,Gujarat Lions,field,Gujarat Lions,,3,,DR Smith,Indian Premier League,25,male,2016/04/29,6,,,22
980951,2016,2016-04-30,Feroz Shah Kotla,Delhi,Delhi Daredevils,Kolkata Knight Riders,Kolkata Knight Riders,field,Delhi Daredevils,27,,,CR Brathwaite,Indian Premier League,26,male,2016/04/30,6,,,22
980953,2016,2016-04-30,"Rajiv Gandhi International Stadium, Uppal",Hyderabad,Sunrisers Hyderabad,Royal Challengers Bangalore,Royal Challengers Bangalore,field,Sunrisers Hyderabad,15,,,DA Warner,Indian Premier League,27,male,2016/04/30,6,,,22
980955,2016,2016-05-01,Saurashtra Cricket Association Stadium,Rajkot,Gujarat Lions,Kings XI Punjab,Gujarat Lions,field,Kings XI Punjab,23,,,AR Patel,Indian Premier League,28,male,2016/05/01,6,,,22
980957,2016,2016-05-01,Maharashtra Cricket Association Stadium,Pune,Rising Pune Supergiants,Mumbai Indians,Mumbai Indians,field,Mumbai Indians,,8,,RG Sharma,Indian Premier League,29,male,2016/05/01,6,,,22
980959,2016,2016-05-02,M Chinnaswamy Stadium,Bangalore,Royal Challengers Bangalore,Kolkata Knight Riders,Kolkata Knight Riders,field,Kolkata Knight Riders,,5,,AD Russell,Indian Premier League,30,male,2016/05/02,6,,,22
980961,2016,2016-05-03,Saurashtra Cricket Association Stadium,Rajkot,Gujarat Lions,Delhi Daredevils,Delhi Daredevils,field,Delhi Daredevils,,8,,RR Pant,Indian Premier League,31,male,2016/05/03,6,,,22
980963,2016,2016-05-04,Eden Gardens,Kolkata,Kolkata Knight Riders,Kings XI Punjab,Kings XI Punjab,field,Kolkata Knight Riders,7,,,AD Russell,Indian Premier League,32,male,2016/05/04,6,,,22
980965,2016,2016-05-05,Feroz Shah Kotla,Delhi,Delhi Daredevils,Rising Pune Supergiants,Rising Pune Supergiants,field,Rising Pune Supergiants,,7,,AM Rahane,Indian Premier League,33,male,2016/05/05,6,,,22
980967,2016,2016-05-06,"Rajiv Gandhi International Stadium, Uppal",Hyderabad,Sunrisers Hyderabad,Gujarat Lions,Sunrisers Hyderabad,field,Sunrisers Hyderabad,,5,,B Kumar,Indian Premier League,34,male,2016/05/06,6,,,22
980969,2016,2016-05-07,M Chinnaswamy Stadium,Bangalore,Royal Challengers Bangalore,Rising Pune Supergiants,Royal Challengers Bangalore,field,Royal Challengers Bangalore,,7,,V Kohli,Indian Premier League,35,male,2016/05/07,6,,,22
980971,2016,2016-05-07,"Punjab Cricket Association IS Bindra Stadium, Mohali",Chandigarh,Kings XI Punjab,Delhi Daredevils,Delhi Daredevils,field,Kings XI Punjab,9,,,MP Stoinis,Indian Premier League,36,male,2016/05/07,6,,,22
980973,2016,2016-05-08,Dr. Y.S. Rajasekhara Reddy ACA-VDCA Cricket Stadium,Visakhapatnam,Mumbai Indians,Sunrisers Hyderabad,Mumbai Indians,field,Sunrisers Hyderabad,85,,,A Nehra,Indian Premier League,37,male,2016/05/08,6,,,22
980975,2016,2016-05-08,Eden Gardens,Kolkata,Kolkata Knight Riders,Gujarat Lions,Gujarat Lions,field,Gujarat Lions,,5,,P Kumar,Indian Premier League,38,male,2016/05/08,6,,,22
980977,2016,2016-05-09,"Punjab Cricket Association IS Bindra Stadium, Mohali",Chandigarh,Kings XI Punjab,Royal Challengers Bangalore,Kings XI Punjab,field,Royal Challengers Bangalore,1,,,SR Watson,Indian Premier League,39,male,2016/05/09,6,,,22
980979,2016,2016-05-10,Dr. Y.S. Rajasekhara Reddy ACA-VDCA Cricket Stadium,Visakhapatnam,Rising Pune Supergiants,Sunrisers Hyderabad,Sunrisers Hyderabad,bat,Sunrisers Hyderabad,4,,,A Zampa,Indian Premier League,40,male,2016/05/10,6,,,22
980981,2016,2016-05-11,M Chinnaswamy Stadium,Bangalore,Royal Challengers Bangalore,Mumbai Indians,Mumbai Indians,field,Mumbai Indians,,6,,KH Pandya,Indian Premier League,41,male,2016/05/11,6,,,22
980983,2016,2016-05-12,"Rajiv Gandhi International Stadium, Uppal",Hyderabad,Sunrisers Hyderabad,Delhi Daredevils,Delhi Daredevils,field,Delhi Daredevils,,7,,CH Morris,Indian Premier League,42,male,2016/05/12,6,,,22
980985,2016,2016-05-13,Dr. Y.S. Rajasekhara Reddy ACA-VDCA Cricket Stadium,Visakhapatnam,Mumbai Indians,Kings XI Punjab,Mumbai Indians,bat,Kings XI Punjab,,7,,MP Stoinis,Indian Premier League,43,male,2016/05/13,6,,,22
980987,2016,2016-05-14,M Chinnaswamy Stadium,Bangalore,Royal Challengers Bangalore,Gujarat Lions,Gujarat Lions,field,Royal Challengers Bangalore,144,,,AB de Villiers,Indian Premier League,44,male,2016/05/14,6,,,22
980989,2016,2016-05-14,Eden Gardens,Kolkata,Kolkata Knight Riders,Rising Pune Supergiants,Rising Pune Supergiants,bat,Kolkata Knight Riders,,8,,YK Pathan,Indian Premier League,45,male,2016/05/14,6,D/L,,22
980991,2016,2016-05-15,"Punjab Cricket Association IS Bindra Stadium, Mohali",Chandigarh,Kings XI Punjab,Sunrisers Hyderabad,Kings XI Punjab,bat,Sunrisers Hyderabad,,7,,HM Amla,Indian Premier League,46,male,2016/05/15,6,,,22
980993,2016,2016-05-15,Dr. Y.S. Rajasekhara Reddy ACA-VDCA Cricket Stadium,Visakhapatnam,Mumbai Indians,Delhi Daredevils,Delhi Daredevils,field,Mumbai Indians,80,,,KH Pandya,Indian Premier League,47,male,2016/05/15,6,,,22
980995,2016,2016-05-16,Eden Gardens,Kolkata,Kolkata Knight Riders,Royal Challengers Bangalore,Royal Challengers Bangalore,field,Royal Challengers Bangalore,,9,,V Kohli,Indian Premier League,48,male,2016/05/16,6,,,22
980997,2016,2016-05-17,Dr. Y.S. Rajasekhara Reddy ACA-VDCA Cricket Stadium,Visakhapatnam,Rising Pune Supergiants,Delhi Daredevils,Rising Pune Supergiants,field,Rising Pune Supergiants,19,,,AB Dinda,Indian Premier League,49,male,2016/05/17,6,D/L,,22
980999,2016,2016-05-18,M Chinnaswamy Stadium,Bangalore,Royal Challengers Bangalore,Kings XI Punjab,Kings XI Punjab,field,Royal Challengers Bangalore,82,,,V Kohli,Indian Premier League,50,male,2016/05/18,6,D/L,,22
981001,2016,2016-05-19,Green Park,Kanpur,Gujarat Lions,Kolkata Knight Riders,Gujarat Lions,field,Gujarat Lions,,6,,DR Smith,Indian Premier League,51,male,2016/05/19,6,,,22
981003,2016,2016-05-20,Shaheed Veer Narayan Singh International Stadium,Raipur,Delhi Daredevils,Sunrisers Hyderabad,Delhi Daredevils,field,Delhi Daredevils,,6,,KK Nair,Indian Premier League,52,male,2016/05/20,6,,,22
981005,2016,2016-05-21,Dr. Y.S. Rajasekhara Reddy ACA-VDCA Cricket Stadium,Visakhapatnam,Rising Pune Supergiants,Kings XI Punjab,Kings XI Punjab,bat,Rising Pune Supergiants,,4,,MS Dhoni,Indian Premier League,53,male,2016/05/21,6,,,22
981007,2016,2016-05-21,Green Park,Kanpur,Gujarat Lions,Mumbai Indians,Gujarat Lions,field,Gujarat Lions,,6,,SK Raina,Indian Premier League,54,male,2016/05/21,6,,,22
981009,2016,2016-05-22,Eden Gardens,Kolkata,Kolkata Knight Riders,Sunrisers Hyderabad,Sunrisers Hyderabad,field,Kolkata Knight Riders,22,,,YK Pathan,Indian Premier League,55,male,2016/05/22,6,,,22
981011,2016,2016-05-22,Shaheed Veer Narayan Singh International Stadium,Raipur,Delhi Daredevils,Royal Challengers Bangalore,Royal Challengers Bangalore,field,Royal Challengers Bangalore,,6,,V Kohli,Indian Premier League,56,male,2016/05/22,6,,,22
981013,2016,2016-05-24,M Chinnaswamy Stadium,Bangalore,Gujarat Lions,Royal Challengers Bangalore,Royal Challengers Bangalore,field,Royal Challengers Bangalore,,4,,AB de Villiers,Indian Premier League,,male,2016/05/24,6,,,22
981015,2016,2016-05-25,Feroz Shah Kotla,Delhi,Sunrisers Hyderabad,Kolkata Knight Riders,Kolkata Knight Riders,field,Sunrisers Hyderabad,22,,,MC Henriques,Indian Premier League,,male,2016/05/25,6,,,22
981017,2016,2016-05-27,Feroz Shah Kotla,Delhi,Gujarat Lions,Sunrisers Hyderabad,Sunrisers Hyderabad,field,Sunrisers Hyderabad,,4,,DA Warner,Indian Premier League,,male,2016/05/27,6,,,22
981019,2016,2016-05-29,M Chinnaswamy Stadium,Bangalore,Royal Challengers Bangalore,Sunrisers Hyderabad,Sunrisers Hyderabad,bat,Sunrisers Hyderabad,8,,,BCJ Cutting,Indian Premier League,,male,2016/05/29,6,,,22
